pair,scenario,version,index,callbackUs,styleUs,layoutUs,paintUs
1,cursor-blink-80x24,base,0,664,0,0,90
1,cursor-blink-80x24,base,1,2007,41,295,260
1,cursor-blink-80x24,base,2,1259,40,316,314
1,cursor-blink-80x24,base,3,1163,38,255,265
1,cursor-blink-80x24,base,4,1314,46,347,325
1,cursor-blink-80x24,base,5,1409,42,314,291
1,cursor-blink-80x24,base,6,1540,50,382,361
1,cursor-blink-80x24,base,7,1385,42,382,321
1,cursor-blink-80x24,base,8,2286,75,519,511
1,cursor-blink-80x24,base,9,3359,80,583,536
1,cursor-blink-80x24,base,10,1657,107,643,576
1,cursor-blink-80x24,base,11,1417,86,528,470
1,cursor-blink-80x24,base,12,1629,109,758,653
1,cursor-blink-80x24,base,13,1515,90,644,561
1,cursor-blink-80x24,base,14,1950,135,682,615
1,cursor-blink-80x24,base,15,1764,100,497,485
1,cursor-blink-80x24,base,16,1735,109,742,691
1,cursor-blink-80x24,base,17,1586,103,474,467
1,cursor-blink-80x24,base,18,1337,55,442,420
1,cursor-blink-80x24,base,19,705,36,355,268
1,cursor-blink-80x24,base,20,1971,61,672,538
1,cursor-blink-80x24,base,21,896,39,252,236
1,cursor-blink-80x24,base,22,782,40,293,276
1,cursor-blink-80x24,base,23,626,37,208,198
1,cursor-blink-80x24,base,24,635,38,265,251
1,cursor-blink-80x24,base,25,625,34,255,205
1,cursor-blink-80x24,base,26,662,39,282,259
1,cursor-blink-80x24,base,27,571,34,274,237
1,cursor-blink-80x24,base,28,607,36,223,221
1,cursor-blink-80x24,base,29,712,38,274,241
1,cursor-blink-80x24,base,30,622,36,275,264
1,cursor-blink-80x24,base,31,686,37,272,237
1,cursor-blink-80x24,base,32,669,41,266,258
1,cursor-blink-80x24,base,33,627,33,262,247
1,cursor-blink-80x24,base,34,584,37,251,239
1,cursor-blink-80x24,base,35,704,42,295,246
1,cursor-blink-80x24,base,36,591,36,304,236
1,cursor-blink-80x24,base,37,660,38,314,258
1,cursor-blink-80x24,base,38,614,43,295,280
1,cursor-blink-80x24,base,39,602,32,257,222
1,cursor-blink-80x24,base,40,598,39,285,270
1,cursor-blink-80x24,base,41,582,37,220,205
1,cursor-blink-80x24,base,42,637,36,280,278
1,cursor-blink-80x24,base,43,600,36,230,214
1,cursor-blink-80x24,base,44,608,40,281,298
1,cursor-blink-80x24,base,45,640,42,251,238
1,cursor-blink-80x24,base,46,672,37,306,257
1,cursor-blink-80x24,base,47,666,39,244,225
1,cursor-blink-80x24,base,48,612,35,287,265
1,cursor-blink-80x24,base,49,576,39,240,204
1,cursor-blink-80x24,base,50,602,38,274,251
1,cursor-blink-80x24,base,51,607,36,257,232
1,cursor-blink-80x24,base,52,616,38,282,262
1,cursor-blink-80x24,base,53,558,33,257,239
1,cursor-blink-80x24,base,54,612,36,267,255
1,cursor-blink-80x24,base,55,619,38,262,222
1,cursor-blink-80x24,base,56,617,39,314,251
1,cursor-blink-80x24,base,57,532,34,259,237
1,cursor-blink-80x24,base,58,660,40,284,273
1,cursor-blink-80x24,base,59,635,38,313,264
1,cursor-blink-80x24,base,60,782,49,340,324
1,cursor-blink-80x24,base,61,1145,81,509,435
1,cursor-blink-80x24,base,62,1383,101,484,515
1,cursor-blink-80x24,base,63,815,43,426,339
1,cursor-blink-80x24,base,64,1067,58,403,412
1,cursor-blink-80x24,base,65,1252,86,645,518
1,cursor-blink-80x24,base,66,1361,108,466,537
1,cursor-blink-80x24,base,67,1437,103,679,590
1,cursor-blink-80x24,base,68,1375,123,486,508
1,cursor-blink-80x24,base,69,1412,99,665,588
1,cursor-blink-80x24,base,70,1097,59,399,423
1,cursor-blink-80x24,base,71,1159,76,625,509
1,cursor-blink-80x24,base,72,1602,109,777,707
1,cursor-blink-80x24,base,73,1666,115,709,629
1,cursor-blink-80x24,base,74,1536,104,514,559
1,cursor-blink-80x24,base,75,1685,111,1029,801
1,cursor-blink-80x24,base,76,2801,117,678,626
1,cursor-blink-80x24,base,77,1185,57,428,402
1,cursor-blink-80x24,base,78,1495,89,858,768
1,cursor-blink-80x24,base,79,1287,84,653,490
1,cursor-blink-80x24,base,80,2777,114,759,676
1,cursor-blink-80x24,base,81,1536,108,768,660
1,cursor-blink-80x24,base,82,972,76,440,459
1,cursor-blink-80x24,base,83,1152,52,492,444
1,cursor-blink-80x24,base,84,1890,87,432,452
1,cursor-blink-80x24,base,85,955,73,489,425
1,cursor-blink-80x24,base,86,2181,116,763,703
1,cursor-blink-80x24,base,87,1704,107,620,587
1,cursor-blink-80x24,base,88,839,47,334,330
1,cursor-blink-80x24,base,89,1113,69,527,455
1,cursor-blink-80x24,base,90,1314,94,707,624
1,cursor-blink-80x24,base,91,1601,109,696,637
1,cursor-blink-80x24,base,92,1559,116,721,745
1,cursor-blink-80x24,base,93,1644,98,579,534
1,cursor-blink-80x24,base,94,1628,117,740,723
1,cursor-blink-80x24,base,95,1639,104,627,608
1,cursor-blink-80x24,base,96,2771,121,678,680
1,cursor-blink-80x24,base,97,1495,87,771,641
1,cursor-blink-80x24,base,98,1626,118,602,610
1,cursor-blink-80x24,base,99,1264,91,601,580
1,cursor-blink-80x24,base,100,1371,113,696,628
1,cursor-blink-80x24,base,101,1584,98,714,643
1,cursor-blink-80x24,base,102,1341,98,658,638
1,cursor-blink-80x24,base,103,1244,94,460,472
1,cursor-blink-80x24,base,104,1494,106,694,649
1,cursor-blink-80x24,base,105,1351,94,543,467
1,cursor-blink-80x24,base,106,1380,113,760,721
1,cursor-blink-80x24,base,107,1549,127,670,637
1,cursor-blink-80x24,base,108,1781,124,776,683
1,cursor-blink-80x24,base,109,1552,110,664,552
1,cursor-blink-80x24,base,110,2015,107,500,531
1,cursor-blink-80x24,base,111,2072,78,555,501
1,cursor-blink-80x24,base,112,1637,121,716,684
1,cursor-blink-80x24,base,113,1651,115,683,688
1,cursor-blink-80x24,base,114,1551,111,691,668
1,cursor-blink-80x24,base,115,2373,91,525,553
1,cursor-blink-80x24,base,116,1558,130,705,717
1,cursor-blink-80x24,base,117,1541,111,659,608
1,cursor-blink-80x24,base,118,1781,219,552,504
1,cursor-blink-80x24,base,119,1610,65,888,618
1,cursor-blink-80x24,base,120,1281,82,547,525
1,cursor-blink-80x24,base,121,1401,102,712,608
1,cursor-blink-80x24,base,122,1531,110,723,642
1,cursor-blink-80x24,base,123,2691,102,692,691
1,cursor-blink-80x24,base,124,1560,117,688,717
1,cursor-blink-80x24,base,125,1380,98,645,577
1,cursor-blink-80x24,base,126,1216,100,616,587
1,cursor-blink-80x24,base,127,1340,83,475,502
1,cursor-blink-80x24,base,128,1614,113,737,692
1,cursor-blink-80x24,base,129,1499,83,450,453
1,cursor-blink-80x24,base,130,1434,221,23744,2507
1,cursor-blink-80x24,candidate,0,631,0,0,109
1,cursor-blink-80x24,candidate,1,1871,43,304,260
1,cursor-blink-80x24,candidate,2,1114,39,264,257
1,cursor-blink-80x24,candidate,3,1227,43,302,276
1,cursor-blink-80x24,candidate,4,1198,45,315,292
1,cursor-blink-80x24,candidate,5,1351,49,369,330
1,cursor-blink-80x24,candidate,6,1422,50,394,375
1,cursor-blink-80x24,candidate,7,1525,48,427,387
1,cursor-blink-80x24,candidate,8,1790,69,452,423
1,cursor-blink-80x24,candidate,9,1824,51,435,381
1,cursor-blink-80x24,candidate,10,2739,123,751,472
1,cursor-blink-80x24,candidate,11,1579,83,921,571
1,cursor-blink-80x24,candidate,12,1964,118,762,709
1,cursor-blink-80x24,candidate,13,1800,109,557,543
1,cursor-blink-80x24,candidate,14,1798,113,776,704
1,cursor-blink-80x24,candidate,15,1313,87,616,530
1,cursor-blink-80x24,candidate,16,1625,112,620,639
1,cursor-blink-80x24,candidate,17,1919,124,626,634
1,cursor-blink-80x24,candidate,18,1795,114,750,705
1,cursor-blink-80x24,candidate,19,1717,110,518,524
1,cursor-blink-80x24,candidate,20,1746,112,725,672
1,cursor-blink-80x24,candidate,21,1301,53,445,389
1,cursor-blink-80x24,candidate,22,2100,71,502,484
1,cursor-blink-80x24,candidate,23,1571,99,642,584
1,cursor-blink-80x24,candidate,24,1643,109,583,606
1,cursor-blink-80x24,candidate,25,1413,104,674,585
1,cursor-blink-80x24,candidate,26,1423,106,621,599
1,cursor-blink-80x24,candidate,27,1438,96,467,496
1,cursor-blink-80x24,candidate,28,1736,111,710,653
1,cursor-blink-80x24,candidate,29,1576,99,649,574
1,cursor-blink-80x24,candidate,30,1755,119,758,706
1,cursor-blink-80x24,candidate,31,1262,100,615,555
1,cursor-blink-80x24,candidate,32,1378,66,432,457
1,cursor-blink-80x24,candidate,33,697,43,304,319
1,cursor-blink-80x24,candidate,34,581,40,292,256
1,cursor-blink-80x24,candidate,35,593,27,276,223
1,cursor-blink-80x24,candidate,36,552,39,238,226
1,cursor-blink-80x24,candidate,37,609,37,261,238
1,cursor-blink-80x24,candidate,38,546,39,241,237
1,cursor-blink-80x24,candidate,39,609,39,268,247
1,cursor-blink-80x24,candidate,40,626,50,303,282
1,cursor-blink-80x24,candidate,41,690,34,251,219
1,cursor-blink-80x24,candidate,42,842,48,396,350
1,cursor-blink-80x24,candidate,43,945,56,323,320
1,cursor-blink-80x24,candidate,44,1133,86,439,460
1,cursor-blink-80x24,candidate,45,784,40,279,263
1,cursor-blink-80x24,candidate,46,1034,61,436,407
1,cursor-blink-80x24,candidate,47,985,50,355,318
1,cursor-blink-80x24,candidate,48,1251,91,559,555
1,cursor-blink-80x24,candidate,49,1366,98,671,550
1,cursor-blink-80x24,candidate,50,1491,108,494,536
1,cursor-blink-80x24,candidate,51,1504,108,626,585
1,cursor-blink-80x24,candidate,52,1325,102,626,618
1,cursor-blink-80x24,candidate,53,1331,101,535,516
1,cursor-blink-80x24,candidate,54,1467,107,660,653
1,cursor-blink-80x24,candidate,55,1247,100,654,602
1,cursor-blink-80x24,candidate,56,1625,121,676,661
1,cursor-blink-80x24,candidate,57,1250,87,630,592
1,cursor-blink-80x24,candidate,58,1390,108,665,660
1,cursor-blink-80x24,candidate,59,1395,100,642,614
1,cursor-blink-80x24,candidate,60,1586,108,570,614
1,cursor-blink-80x24,candidate,61,2050,103,667,615
1,cursor-blink-80x24,candidate,62,1205,98,629,560
1,cursor-blink-80x24,candidate,63,998,95,493,467
1,cursor-blink-80x24,candidate,64,676,44,330,315
1,cursor-blink-80x24,candidate,65,1017,63,500,453
1,cursor-blink-80x24,candidate,66,1270,111,536,551
1,cursor-blink-80x24,candidate,67,1388,86,669,571
1,cursor-blink-80x24,candidate,68,1365,111,598,618
1,cursor-blink-80x24,candidate,69,2670,90,621,583
1,cursor-blink-80x24,candidate,70,3077,113,673,654
1,cursor-blink-80x24,candidate,71,1702,110,712,656
1,cursor-blink-80x24,candidate,72,621,42,344,327
1,cursor-blink-80x24,candidate,73,721,42,328,293
1,cursor-blink-80x24,candidate,74,1127,83,553,546
1,cursor-blink-80x24,candidate,75,1022,75,409,406
1,cursor-blink-80x24,candidate,76,1320,104,586,604
1,cursor-blink-80x24,candidate,77,1215,97,619,524
1,cursor-blink-80x24,candidate,78,1321,103,680,680
1,cursor-blink-80x24,candidate,79,1154,120,687,530
1,cursor-blink-80x24,candidate,80,1354,105,630,601
1,cursor-blink-80x24,candidate,81,1321,98,476,480
1,cursor-blink-80x24,candidate,82,1407,104,619,568
1,cursor-blink-80x24,candidate,83,1194,82,605,528
1,cursor-blink-80x24,candidate,84,1325,103,732,645
1,cursor-blink-80x24,candidate,85,1486,98,582,563
1,cursor-blink-80x24,candidate,86,1591,121,890,916
1,cursor-blink-80x24,candidate,87,2690,182,718,642
1,cursor-blink-80x24,candidate,88,1485,114,704,710
1,cursor-blink-80x24,candidate,89,1362,99,492,499
1,cursor-blink-80x24,candidate,90,1604,118,715,694
1,cursor-blink-80x24,candidate,91,1461,102,676,603
1,cursor-blink-80x24,candidate,92,1428,108,708,587
1,cursor-blink-80x24,candidate,93,1398,98,741,622
1,cursor-blink-80x24,candidate,94,1534,123,703,698
1,cursor-blink-80x24,candidate,95,1218,82,589,535
1,cursor-blink-80x24,candidate,96,1522,115,578,651
1,cursor-blink-80x24,candidate,97,1488,109,755,669
1,cursor-blink-80x24,candidate,98,1363,106,725,656
1,cursor-blink-80x24,candidate,99,1307,98,573,552
1,cursor-blink-80x24,candidate,100,1358,108,784,623
1,cursor-blink-80x24,candidate,101,1411,99,482,480
1,cursor-blink-80x24,candidate,102,1380,119,676,627
1,cursor-blink-80x24,candidate,103,1272,100,593,537
1,cursor-blink-80x24,candidate,104,1267,101,474,533
1,cursor-blink-80x24,candidate,105,1296,107,665,551
1,cursor-blink-80x24,candidate,106,1323,107,517,626
1,cursor-blink-80x24,candidate,107,1297,110,557,490
1,cursor-blink-80x24,candidate,108,1264,119,712,629
1,cursor-blink-80x24,candidate,109,1168,98,499,464
1,cursor-blink-80x24,candidate,110,1354,95,585,671
1,cursor-blink-80x24,candidate,111,1192,92,620,542
1,cursor-blink-80x24,candidate,112,1233,99,516,521
1,cursor-blink-80x24,candidate,113,1260,101,651,574
1,cursor-blink-80x24,candidate,114,1361,105,656,631
1,cursor-blink-80x24,candidate,115,1318,102,574,537
1,cursor-blink-80x24,candidate,116,1331,103,659,645
1,cursor-blink-80x24,candidate,117,1358,105,525,513
1,cursor-blink-80x24,candidate,118,1360,99,636,627
1,cursor-blink-80x24,candidate,119,1525,95,753,632
1,cursor-blink-80x24,candidate,120,1516,121,675,649
1,cursor-blink-80x24,candidate,121,1087,92,663,559
1,cursor-blink-80x24,candidate,122,2709,116,637,632
1,cursor-blink-80x24,candidate,123,3024,260,535,551
1,cursor-blink-80x24,candidate,124,1460,82,699,575
1,cursor-blink-80x24,candidate,125,1042,64,461,387
1,cursor-blink-80x24,candidate,126,1151,78,520,516
1,cursor-blink-80x24,candidate,127,1378,105,636,585
1,cursor-blink-80x24,candidate,128,1487,100,656,651
1,cursor-blink-80x24,candidate,129,1443,101,659,540
1,cursor-blink-80x24,candidate,130,1060,225,24119,2538
1,full-frame-churn-160x50,base,0,5071,68,1282,465
1,full-frame-churn-160x50,base,1,3163,68,1525,477
1,full-frame-churn-160x50,base,2,2836,71,1488,527
1,full-frame-churn-160x50,base,3,3101,78,1467,508
1,full-frame-churn-160x50,base,4,2933,74,1547,537
1,full-frame-churn-160x50,base,5,2759,76,1643,580
1,full-frame-churn-160x50,base,6,3037,78,1689,550
1,full-frame-churn-160x50,base,7,3147,90,1710,586
1,full-frame-churn-160x50,base,8,3290,82,1835,593
1,full-frame-churn-160x50,base,9,3986,92,2031,681
1,full-frame-churn-160x50,base,10,3979,118,2101,739
1,full-frame-churn-160x50,base,11,3252,104,2256,747
1,full-frame-churn-160x50,base,12,3705,108,2202,746
1,full-frame-churn-160x50,base,13,3734,96,2362,729
1,full-frame-churn-160x50,base,14,3705,122,2440,864
1,full-frame-churn-160x50,base,15,4571,167,2643,840
1,full-frame-churn-160x50,base,16,3078,103,2124,732
1,full-frame-churn-160x50,base,17,3077,103,2172,697
1,full-frame-churn-160x50,base,18,2929,89,2021,689
1,full-frame-churn-160x50,base,19,3150,96,1907,663
1,full-frame-churn-160x50,base,20,3125,109,2124,733
1,full-frame-churn-160x50,base,21,3626,119,2243,752
1,full-frame-churn-160x50,base,22,1973,73,1325,451
1,full-frame-churn-160x50,base,23,2232,118,2464,848
1,full-frame-churn-160x50,base,24,3531,143,2417,863
1,full-frame-churn-160x50,base,25,3442,107,2292,771
1,full-frame-churn-160x50,base,26,3533,116,2414,771
1,full-frame-churn-160x50,base,27,3546,116,2416,832
1,full-frame-churn-160x50,base,28,3809,124,2411,790
1,full-frame-churn-160x50,base,29,1853,71,1305,469
1,full-frame-churn-160x50,base,30,1675,63,1251,457
1,full-frame-churn-160x50,base,31,1629,61,1192,416
1,full-frame-churn-160x50,base,32,1643,60,1254,449
1,full-frame-churn-160x50,base,33,1607,74,1182,413
1,full-frame-churn-160x50,base,34,1647,59,1233,438
1,full-frame-churn-160x50,base,35,1755,78,1316,453
1,full-frame-churn-160x50,base,36,1946,75,1493,528
1,full-frame-churn-160x50,base,37,1965,73,1406,491
1,full-frame-churn-160x50,base,38,2194,92,1602,571
1,full-frame-churn-160x50,base,39,2074,76,1491,516
1,full-frame-churn-160x50,base,40,2149,85,1621,564
1,full-frame-churn-160x50,base,41,2096,80,1587,521
1,full-frame-churn-160x50,base,42,2345,81,1605,580
1,full-frame-churn-160x50,base,43,2377,81,1596,545
1,full-frame-churn-160x50,base,44,2433,80,1833,618
1,full-frame-churn-160x50,base,45,2731,94,1803,633
1,full-frame-churn-160x50,base,46,2672,95,2043,698
1,full-frame-churn-160x50,base,47,3487,120,2259,754
1,full-frame-churn-160x50,base,48,3390,98,2226,740
1,full-frame-churn-160x50,base,49,3219,106,2103,721
1,full-frame-churn-160x50,base,50,3147,108,2132,746
1,full-frame-churn-160x50,base,51,2860,91,1904,628
1,full-frame-churn-160x50,base,52,2718,104,1865,712
1,full-frame-churn-160x50,base,53,2660,90,1980,683
1,full-frame-churn-160x50,base,54,2686,102,1922,658
1,full-frame-churn-160x50,base,55,2896,123,2028,662
1,full-frame-churn-160x50,base,56,2800,114,2157,725
1,full-frame-churn-160x50,base,57,2632,96,1999,665
1,full-frame-churn-160x50,base,58,2938,109,2042,665
1,full-frame-churn-160x50,base,59,2900,107,2266,775
1,full-frame-churn-160x50,base,60,2947,106,2091,700
1,full-frame-churn-160x50,base,61,3032,104,2077,656
1,full-frame-churn-160x50,base,62,2106,78,1915,608
1,full-frame-churn-160x50,base,63,2916,111,2021,674
1,full-frame-churn-160x50,base,64,2940,110,2254,762
1,full-frame-churn-160x50,base,65,3462,120,2405,847
1,full-frame-churn-160x50,base,66,4106,148,2440,874
1,full-frame-churn-160x50,base,67,4175,129,2784,1066
1,full-frame-churn-160x50,base,68,4322,170,2822,1079
1,full-frame-churn-160x50,base,69,4000,164,2778,1085
1,full-frame-churn-160x50,base,70,3501,160,2346,984
1,full-frame-churn-160x50,base,71,2991,107,2121,791
1,full-frame-churn-160x50,base,72,2858,111,2005,631
1,full-frame-churn-160x50,base,73,2952,105,2012,679
1,full-frame-churn-160x50,base,74,3024,101,2185,723
1,full-frame-churn-160x50,base,75,2862,98,1901,616
1,full-frame-churn-160x50,base,76,2295,91,1586,596
1,full-frame-churn-160x50,base,77,2312,81,1667,554
1,full-frame-churn-160x50,base,78,2625,95,1811,680
1,full-frame-churn-160x50,base,79,2585,94,1864,612
1,full-frame-churn-160x50,base,80,2843,96,2026,732
1,full-frame-churn-160x50,base,81,3211,97,2151,765
1,full-frame-churn-160x50,base,82,2951,108,2089,739
1,full-frame-churn-160x50,base,83,3232,97,2113,752
1,full-frame-churn-160x50,base,84,3401,114,2322,850
1,full-frame-churn-160x50,base,85,3418,115,2503,896
1,full-frame-churn-160x50,base,86,4832,143,2724,1036
1,full-frame-churn-160x50,base,87,4211,145,2761,1021
1,full-frame-churn-160x50,base,88,4439,161,2638,1118
1,full-frame-churn-160x50,base,89,3160,138,2084,888
1,full-frame-churn-160x50,base,90,2885,100,1988,742
1,full-frame-churn-160x50,base,91,3383,113,2289,783
1,full-frame-churn-160x50,base,92,3490,111,2286,870
1,full-frame-churn-160x50,base,93,3413,111,2290,831
1,full-frame-churn-160x50,base,94,3385,119,2318,851
1,full-frame-churn-160x50,base,95,3338,121,2277,834
1,full-frame-churn-160x50,base,96,3365,134,2286,855
1,full-frame-churn-160x50,base,97,4055,151,2750,984
1,full-frame-churn-160x50,base,98,3977,132,2353,910
1,full-frame-churn-160x50,base,99,3956,127,2450,952
1,full-frame-churn-160x50,base,100,4265,149,2540,1012
1,full-frame-churn-160x50,base,101,3870,152,2579,1033
1,full-frame-churn-160x50,base,102,3097,102,2040,701
1,full-frame-churn-160x50,base,103,2859,100,2091,732
1,full-frame-churn-160x50,base,104,3335,119,2181,770
1,full-frame-churn-160x50,base,105,3360,126,2559,886
1,full-frame-churn-160x50,base,106,3326,114,2337,835
1,full-frame-churn-160x50,base,107,3523,133,2371,860
1,full-frame-churn-160x50,base,108,3299,111,2453,841
1,full-frame-churn-160x50,base,109,3379,116,2357,855
1,full-frame-churn-160x50,base,110,3155,127,2166,887
1,full-frame-churn-160x50,base,111,2827,99,2139,738
1,full-frame-churn-160x50,base,112,3308,113,2304,843
1,full-frame-churn-160x50,base,113,3412,128,2377,820
1,full-frame-churn-160x50,base,114,3726,134,2260,855
1,full-frame-churn-160x50,base,115,3484,114,2232,821
1,full-frame-churn-160x50,base,116,3346,115,2385,787
1,full-frame-churn-160x50,base,117,3410,113,2341,842
1,full-frame-churn-160x50,base,118,3473,145,2376,930
1,full-frame-churn-160x50,base,119,3548,128,2390,914
1,full-frame-churn-160x50,base,120,3701,140,2423,996
1,full-frame-churn-160x50,base,121,3925,129,2417,925
1,full-frame-churn-160x50,base,122,4461,166,2653,1127
1,full-frame-churn-160x50,base,123,3318,148,2217,935
1,full-frame-churn-160x50,base,124,1579,58,1189,446
1,full-frame-churn-160x50,base,125,1723,66,1247,469
1,full-frame-churn-160x50,base,126,2060,75,1539,582
1,full-frame-churn-160x50,base,127,2263,81,1510,538
1,full-frame-churn-160x50,base,128,2528,88,1719,615
1,full-frame-churn-160x50,base,129,2372,170,21841,2310
1,full-frame-churn-160x50,candidate,0,574,0,0,152
1,full-frame-churn-160x50,candidate,1,5034,68,1323,485
1,full-frame-churn-160x50,candidate,2,2938,64,1265,451
1,full-frame-churn-160x50,candidate,3,2400,63,1220,431
1,full-frame-churn-160x50,candidate,4,2450,67,1290,459
1,full-frame-churn-160x50,candidate,5,2170,62,1276,413
1,full-frame-churn-160x50,candidate,6,2159,63,1293,454
1,full-frame-churn-160x50,candidate,7,2058,62,1248,431
1,full-frame-churn-160x50,candidate,8,2151,70,1316,469
1,full-frame-churn-160x50,candidate,9,2223,69,1298,470
1,full-frame-churn-160x50,candidate,10,2328,63,1314,457
1,full-frame-churn-160x50,candidate,11,2056,74,1240,462
1,full-frame-churn-160x50,candidate,12,1837,79,1318,484
1,full-frame-churn-160x50,candidate,13,1925,72,1379,509
1,full-frame-churn-160x50,candidate,14,1981,66,1344,473
1,full-frame-churn-160x50,candidate,15,1807,75,1331,494
1,full-frame-churn-160x50,candidate,16,1908,80,1244,454
1,full-frame-churn-160x50,candidate,17,1706,71,1312,464
1,full-frame-churn-160x50,candidate,18,1677,68,1221,428
1,full-frame-churn-160x50,candidate,19,1928,67,1321,475
1,full-frame-churn-160x50,candidate,20,1733,66,1280,444
1,full-frame-churn-160x50,candidate,21,1787,68,1315,487
1,full-frame-churn-160x50,candidate,22,1742,74,1471,582
1,full-frame-churn-160x50,candidate,23,1810,68,1329,486
1,full-frame-churn-160x50,candidate,24,1688,66,1367,613
1,full-frame-churn-160x50,candidate,25,1754,79,1842,484
1,full-frame-churn-160x50,candidate,26,1694,73,1354,472
1,full-frame-churn-160x50,candidate,27,1703,68,1274,497
1,full-frame-churn-160x50,candidate,28,3314,65,1244,449
1,full-frame-churn-160x50,candidate,29,1908,76,1351,483
1,full-frame-churn-160x50,candidate,30,1631,81,1242,453
1,full-frame-churn-160x50,candidate,31,1735,64,1369,480
1,full-frame-churn-160x50,candidate,32,1712,72,1309,442
1,full-frame-churn-160x50,candidate,33,1764,62,1618,489
1,full-frame-churn-160x50,candidate,34,1676,67,1332,496
1,full-frame-churn-160x50,candidate,35,1745,88,1325,499
1,full-frame-churn-160x50,candidate,36,1623,69,1255,445
1,full-frame-churn-160x50,candidate,37,1707,125,1403,501
1,full-frame-churn-160x50,candidate,38,1836,72,1303,471
1,full-frame-churn-160x50,candidate,39,1793,82,2833,514
1,full-frame-churn-160x50,candidate,40,1679,65,1249,460
1,full-frame-churn-160x50,candidate,41,1695,71,1329,493
1,full-frame-churn-160x50,candidate,42,1744,78,1316,507
1,full-frame-churn-160x50,candidate,43,1823,68,1271,471
1,full-frame-churn-160x50,candidate,44,1740,69,1235,458
1,full-frame-churn-160x50,candidate,45,1797,69,1354,468
1,full-frame-churn-160x50,candidate,46,1888,74,1276,502
1,full-frame-churn-160x50,candidate,47,1667,86,1511,494
1,full-frame-churn-160x50,candidate,48,1602,69,1253,448
1,full-frame-churn-160x50,candidate,49,1650,61,1320,452
1,full-frame-churn-160x50,candidate,50,1589,65,1347,452
1,full-frame-churn-160x50,candidate,51,1735,71,1325,463
1,full-frame-churn-160x50,candidate,52,1814,81,1292,476
1,full-frame-churn-160x50,candidate,53,1671,66,1162,409
1,full-frame-churn-160x50,candidate,54,1683,59,1282,462
1,full-frame-churn-160x50,candidate,55,1747,73,1261,459
1,full-frame-churn-160x50,candidate,56,1733,67,1290,476
1,full-frame-churn-160x50,candidate,57,1680,72,1264,455
1,full-frame-churn-160x50,candidate,58,1798,68,1391,494
1,full-frame-churn-160x50,candidate,59,1652,69,1276,473
1,full-frame-churn-160x50,candidate,60,1742,80,1304,485
1,full-frame-churn-160x50,candidate,61,1646,61,1294,501
1,full-frame-churn-160x50,candidate,62,1701,68,1325,491
1,full-frame-churn-160x50,candidate,63,1674,62,1297,475
1,full-frame-churn-160x50,candidate,64,1663,81,1256,473
1,full-frame-churn-160x50,candidate,65,1699,73,1316,453
1,full-frame-churn-160x50,candidate,66,1654,68,1308,469
1,full-frame-churn-160x50,candidate,67,1629,76,1426,490
1,full-frame-churn-160x50,candidate,68,1645,70,1350,467
1,full-frame-churn-160x50,candidate,69,1613,60,1253,463
1,full-frame-churn-160x50,candidate,70,1579,66,1721,441
1,full-frame-churn-160x50,candidate,71,1675,69,1254,450
1,full-frame-churn-160x50,candidate,72,1843,81,1370,470
1,full-frame-churn-160x50,candidate,73,1549,70,1251,455
1,full-frame-churn-160x50,candidate,74,1583,64,1241,411
1,full-frame-churn-160x50,candidate,75,1608,65,1280,457
1,full-frame-churn-160x50,candidate,76,1626,68,1292,422
1,full-frame-churn-160x50,candidate,77,1744,63,1214,463
1,full-frame-churn-160x50,candidate,78,1632,66,1246,488
1,full-frame-churn-160x50,candidate,79,1650,67,1462,481
1,full-frame-churn-160x50,candidate,80,1621,69,1235,483
1,full-frame-churn-160x50,candidate,81,1638,70,1292,521
1,full-frame-churn-160x50,candidate,82,1619,66,1249,524
1,full-frame-churn-160x50,candidate,83,1696,67,1250,503
1,full-frame-churn-160x50,candidate,84,1690,68,1227,487
1,full-frame-churn-160x50,candidate,85,1583,67,1209,468
1,full-frame-churn-160x50,candidate,86,1538,64,1219,470
1,full-frame-churn-160x50,candidate,87,1574,73,1214,480
1,full-frame-churn-160x50,candidate,88,1626,66,1221,462
1,full-frame-churn-160x50,candidate,89,1664,67,1239,465
1,full-frame-churn-160x50,candidate,90,1623,66,1297,478
1,full-frame-churn-160x50,candidate,91,1595,61,1201,454
1,full-frame-churn-160x50,candidate,92,1605,66,1173,443
1,full-frame-churn-160x50,candidate,93,1682,61,1220,473
1,full-frame-churn-160x50,candidate,94,1550,68,1217,473
1,full-frame-churn-160x50,candidate,95,1696,68,1222,480
1,full-frame-churn-160x50,candidate,96,1592,68,1281,478
1,full-frame-churn-160x50,candidate,97,1654,75,1217,476
1,full-frame-churn-160x50,candidate,98,1653,67,1235,476
1,full-frame-churn-160x50,candidate,99,1638,65,1229,479
1,full-frame-churn-160x50,candidate,100,1583,64,1234,489
1,full-frame-churn-160x50,candidate,101,1698,73,1293,504
1,full-frame-churn-160x50,candidate,102,1725,67,1242,494
1,full-frame-churn-160x50,candidate,103,1625,69,1172,462
1,full-frame-churn-160x50,candidate,104,1642,62,1214,471
1,full-frame-churn-160x50,candidate,105,1569,69,1167,438
1,full-frame-churn-160x50,candidate,106,1677,64,1241,504
1,full-frame-churn-160x50,candidate,107,1598,67,1220,470
1,full-frame-churn-160x50,candidate,108,1675,69,1246,477
1,full-frame-churn-160x50,candidate,109,1645,69,1232,472
1,full-frame-churn-160x50,candidate,110,1841,66,1267,494
1,full-frame-churn-160x50,candidate,111,1602,65,1295,477
1,full-frame-churn-160x50,candidate,112,1604,61,1182,456
1,full-frame-churn-160x50,candidate,113,1754,62,1123,412
1,full-frame-churn-160x50,candidate,114,1549,58,1195,442
1,full-frame-churn-160x50,candidate,115,1585,66,1198,470
1,full-frame-churn-160x50,candidate,116,1626,66,1305,460
1,full-frame-churn-160x50,candidate,117,1483,62,1166,444
1,full-frame-churn-160x50,candidate,118,1603,60,1213,477
1,full-frame-churn-160x50,candidate,119,1654,66,1209,457
1,full-frame-churn-160x50,candidate,120,1559,64,1205,476
1,full-frame-churn-160x50,candidate,121,1690,66,1229,460
1,full-frame-churn-160x50,candidate,122,1561,63,1175,444
1,full-frame-churn-160x50,candidate,123,1656,66,1207,445
1,full-frame-churn-160x50,candidate,124,1606,66,1220,472
1,full-frame-churn-160x50,candidate,125,1597,62,1231,476
1,full-frame-churn-160x50,candidate,126,1527,62,1186,455
1,full-frame-churn-160x50,candidate,127,1666,60,1188,432
1,full-frame-churn-160x50,candidate,128,1565,63,1156,442
1,full-frame-churn-160x50,candidate,129,1620,69,1222,483
1,full-frame-churn-160x50,candidate,130,1602,189,17974,2316
1,noop-160x50,base,0,104,0,0,17
1,noop-160x50,base,1,103,0,0,7
1,noop-160x50,base,2,168,0,0,15
1,noop-160x50,base,3,192,0,0,15
1,noop-160x50,base,4,186,0,0,30
1,noop-160x50,base,5,228,0,0,15
1,noop-160x50,base,6,118,0,0,6
1,noop-160x50,base,7,140,0,0,8
1,noop-160x50,base,8,151,0,0,10
1,noop-160x50,base,9,130,0,0,10
1,noop-160x50,base,10,237,0,0,12
1,noop-160x50,base,11,322,0,0,15
1,noop-160x50,base,12,403,0,0,27
1,noop-160x50,base,13,323,0,0,19
1,noop-160x50,base,14,453,0,0,29
1,noop-160x50,base,15,187,0,0,19
1,noop-160x50,base,16,392,0,0,17
1,noop-160x50,base,17,186,0,0,18
1,noop-160x50,base,18,167,0,0,17
1,noop-160x50,base,19,206,0,0,23
1,noop-160x50,base,20,120,0,0,11
1,noop-160x50,base,21,115,0,0,10
1,noop-160x50,base,22,92,0,0,8
1,noop-160x50,base,23,159,0,0,16
1,noop-160x50,base,24,216,0,0,20
1,noop-160x50,base,25,173,0,0,18
1,noop-160x50,base,26,144,0,0,34
1,noop-160x50,base,27,181,0,0,15
1,noop-160x50,base,28,189,0,0,20
1,noop-160x50,base,29,160,0,0,21
1,noop-160x50,base,30,212,0,0,18
1,noop-160x50,base,31,99,0,0,7
1,noop-160x50,base,32,81,0,0,5
1,noop-160x50,base,33,84,0,0,5
1,noop-160x50,base,34,112,0,0,7
1,noop-160x50,base,35,111,0,0,5
1,noop-160x50,base,36,69,0,0,3
1,noop-160x50,base,37,68,0,0,5
1,noop-160x50,base,38,80,0,0,8
1,noop-160x50,base,39,140,0,0,12
1,noop-160x50,base,40,197,0,0,14
1,noop-160x50,base,41,158,0,0,15
1,noop-160x50,base,42,81,0,0,6
1,noop-160x50,base,43,102,0,0,8
1,noop-160x50,base,44,138,0,0,11
1,noop-160x50,base,45,127,0,0,14
1,noop-160x50,base,46,152,0,0,15
1,noop-160x50,base,47,471,0,0,21
1,noop-160x50,base,48,415,0,0,26
1,noop-160x50,base,49,187,0,0,17
1,noop-160x50,base,50,182,0,0,15
1,noop-160x50,base,51,164,0,0,12
1,noop-160x50,base,52,166,0,0,15
1,noop-160x50,base,53,177,0,0,29
1,noop-160x50,base,54,169,0,0,13
1,noop-160x50,base,55,591,0,0,19
1,noop-160x50,base,56,164,0,0,16
1,noop-160x50,base,57,207,0,0,21
1,noop-160x50,base,58,141,0,0,15
1,noop-160x50,base,59,323,0,0,23
1,noop-160x50,base,60,198,0,0,17
1,noop-160x50,base,61,168,0,0,17
1,noop-160x50,base,62,328,0,0,26
1,noop-160x50,base,63,175,0,0,20
1,noop-160x50,base,64,163,0,0,17
1,noop-160x50,base,65,183,0,0,15
1,noop-160x50,base,66,201,0,0,15
1,noop-160x50,base,67,167,0,0,25
1,noop-160x50,base,68,182,0,0,16
1,noop-160x50,base,69,148,0,0,17
1,noop-160x50,base,70,239,0,0,17
1,noop-160x50,base,71,359,0,0,22
1,noop-160x50,base,72,178,0,0,19
1,noop-160x50,base,73,168,0,0,16
1,noop-160x50,base,74,161,0,0,18
1,noop-160x50,base,75,186,0,0,18
1,noop-160x50,base,76,135,0,0,16
1,noop-160x50,base,77,161,0,0,20
1,noop-160x50,base,78,160,0,0,16
1,noop-160x50,base,79,183,0,0,17
1,noop-160x50,base,80,217,0,0,19
1,noop-160x50,base,81,174,0,0,21
1,noop-160x50,base,82,192,0,0,17
1,noop-160x50,base,83,245,0,0,44
1,noop-160x50,base,84,126,0,0,10
1,noop-160x50,base,85,142,0,0,16
1,noop-160x50,base,86,165,0,0,28
1,noop-160x50,base,87,127,0,0,14
1,noop-160x50,base,88,403,0,0,30
1,noop-160x50,base,89,341,0,0,24
1,noop-160x50,base,90,205,0,0,22
1,noop-160x50,base,91,160,0,0,17
1,noop-160x50,base,92,180,0,0,18
1,noop-160x50,base,93,174,0,0,15
1,noop-160x50,base,94,219,0,0,15
1,noop-160x50,base,95,439,0,0,22
1,noop-160x50,base,96,164,0,0,19
1,noop-160x50,base,97,204,0,0,20
1,noop-160x50,base,98,149,0,0,13
1,noop-160x50,base,99,476,0,0,15
1,noop-160x50,base,100,533,0,0,24
1,noop-160x50,base,101,465,0,0,21
1,noop-160x50,base,102,186,0,0,15
1,noop-160x50,base,103,260,0,0,16
1,noop-160x50,base,104,231,0,0,16
1,noop-160x50,base,105,137,0,0,11
1,noop-160x50,base,106,163,0,0,27
1,noop-160x50,base,107,195,0,0,23
1,noop-160x50,base,108,174,0,0,15
1,noop-160x50,base,109,184,0,0,13
1,noop-160x50,base,110,155,0,0,14
1,noop-160x50,base,111,152,0,0,16
1,noop-160x50,base,112,152,0,0,14
1,noop-160x50,base,113,140,0,0,13
1,noop-160x50,base,114,131,0,0,10
1,noop-160x50,base,115,150,0,0,15
1,noop-160x50,base,116,148,0,0,46
1,noop-160x50,base,117,359,0,0,31
1,noop-160x50,base,118,179,0,0,21
1,noop-160x50,base,119,164,0,0,17
1,noop-160x50,base,120,170,0,0,16
1,noop-160x50,base,121,100,0,0,9
1,noop-160x50,base,122,61,0,0,6
1,noop-160x50,base,123,54,0,0,5
1,noop-160x50,base,124,54,0,0,6
1,noop-160x50,base,125,82,0,0,7
1,noop-160x50,base,126,113,0,0,8
1,noop-160x50,base,127,80,0,0,8
1,noop-160x50,base,128,122,0,0,12
1,noop-160x50,base,129,171,110,17618,1686
1,noop-160x50,candidate,0,549,0,0,123
1,noop-160x50,candidate,1,64,0,0,7
1,noop-160x50,candidate,2,66,0,0,7
1,noop-160x50,candidate,3,109,0,0,9
1,noop-160x50,candidate,4,205,0,0,18
1,noop-160x50,candidate,5,150,0,0,19
1,noop-160x50,candidate,6,200,0,0,17
1,noop-160x50,candidate,7,212,0,0,15
1,noop-160x50,candidate,8,290,0,0,18
1,noop-160x50,candidate,9,195,0,0,16
1,noop-160x50,candidate,10,344,0,0,21
1,noop-160x50,candidate,11,152,0,0,20
1,noop-160x50,candidate,12,106,0,0,19
1,noop-160x50,candidate,13,97,0,0,15
1,noop-160x50,candidate,14,96,0,0,17
1,noop-160x50,candidate,15,107,0,0,19
1,noop-160x50,candidate,16,254,0,0,19
1,noop-160x50,candidate,17,77,0,0,12
1,noop-160x50,candidate,18,81,0,0,12
1,noop-160x50,candidate,19,218,0,0,22
1,noop-160x50,candidate,20,229,0,0,48
1,noop-160x50,candidate,21,107,0,0,16
1,noop-160x50,candidate,22,104,0,0,19
1,noop-160x50,candidate,23,105,0,0,15
1,noop-160x50,candidate,24,214,0,0,23
1,noop-160x50,candidate,25,136,0,0,19
1,noop-160x50,candidate,26,95,0,0,18
1,noop-160x50,candidate,27,81,0,0,14
1,noop-160x50,candidate,28,187,0,0,24
1,noop-160x50,candidate,29,308,0,0,33
1,noop-160x50,candidate,30,308,0,0,32
1,noop-160x50,candidate,31,114,0,0,20
1,noop-160x50,candidate,32,92,0,0,16
1,noop-160x50,candidate,33,49,0,0,6
1,noop-160x50,candidate,34,33,0,0,2
1,noop-160x50,candidate,35,41,0,0,5
1,noop-160x50,candidate,36,46,0,0,9
1,noop-160x50,candidate,37,40,0,0,6
1,noop-160x50,candidate,38,34,0,0,4
1,noop-160x50,candidate,39,52,0,0,6
1,noop-160x50,candidate,40,56,0,0,7
1,noop-160x50,candidate,41,76,0,0,13
1,noop-160x50,candidate,42,100,0,0,15
1,noop-160x50,candidate,43,100,0,0,16
1,noop-160x50,candidate,44,101,0,0,18
1,noop-160x50,candidate,45,92,0,0,18
1,noop-160x50,candidate,46,88,0,0,17
1,noop-160x50,candidate,47,95,0,0,17
1,noop-160x50,candidate,48,95,0,0,16
1,noop-160x50,candidate,49,144,0,0,21
1,noop-160x50,candidate,50,88,0,0,13
1,noop-160x50,candidate,51,113,0,0,18
1,noop-160x50,candidate,52,88,0,0,13
1,noop-160x50,candidate,53,40,0,0,6
1,noop-160x50,candidate,54,53,0,0,9
1,noop-160x50,candidate,55,102,0,0,8
1,noop-160x50,candidate,56,91,0,0,15
1,noop-160x50,candidate,57,111,0,0,13
1,noop-160x50,candidate,58,93,0,0,16
1,noop-160x50,candidate,59,103,0,0,18
1,noop-160x50,candidate,60,100,0,0,15
1,noop-160x50,candidate,61,118,0,0,14
1,noop-160x50,candidate,62,143,0,0,16
1,noop-160x50,candidate,63,381,0,0,21
1,noop-160x50,candidate,64,113,0,0,20
1,noop-160x50,candidate,65,96,0,0,13
1,noop-160x50,candidate,66,99,0,0,18
1,noop-160x50,candidate,67,114,0,0,19
1,noop-160x50,candidate,68,106,0,0,14
1,noop-160x50,candidate,69,129,0,0,17
1,noop-160x50,candidate,70,104,0,0,20
1,noop-160x50,candidate,71,105,0,0,18
1,noop-160x50,candidate,72,117,0,0,18
1,noop-160x50,candidate,73,126,0,0,13
1,noop-160x50,candidate,74,85,0,0,13
1,noop-160x50,candidate,75,166,0,0,23
1,noop-160x50,candidate,76,79,0,0,15
1,noop-160x50,candidate,77,90,0,0,15
1,noop-160x50,candidate,78,201,0,0,87
1,noop-160x50,candidate,79,118,0,0,19
1,noop-160x50,candidate,80,107,0,0,18
1,noop-160x50,candidate,81,65,0,0,13
1,noop-160x50,candidate,82,54,0,0,7
1,noop-160x50,candidate,83,87,0,0,10
1,noop-160x50,candidate,84,75,0,0,12
1,noop-160x50,candidate,85,113,0,0,18
1,noop-160x50,candidate,86,263,0,0,22
1,noop-160x50,candidate,87,140,0,0,21
1,noop-160x50,candidate,88,189,0,0,25
1,noop-160x50,candidate,89,83,0,0,12
1,noop-160x50,candidate,90,100,0,0,26
1,noop-160x50,candidate,91,110,0,0,17
1,noop-160x50,candidate,92,92,0,0,18
1,noop-160x50,candidate,93,96,0,0,22
1,noop-160x50,candidate,94,107,0,0,18
1,noop-160x50,candidate,95,263,0,0,19
1,noop-160x50,candidate,96,122,0,0,21
1,noop-160x50,candidate,97,93,0,0,16
1,noop-160x50,candidate,98,96,0,0,22
1,noop-160x50,candidate,99,104,0,0,18
1,noop-160x50,candidate,100,223,0,0,29
1,noop-160x50,candidate,101,230,0,0,27
1,noop-160x50,candidate,102,241,0,0,76
1,noop-160x50,candidate,103,106,0,0,18
1,noop-160x50,candidate,104,109,0,0,22
1,noop-160x50,candidate,105,171,0,0,25
1,noop-160x50,candidate,106,95,0,0,47
1,noop-160x50,candidate,107,101,0,0,18
1,noop-160x50,candidate,108,98,0,0,20
1,noop-160x50,candidate,109,161,0,0,18
1,noop-160x50,candidate,110,107,0,0,17
1,noop-160x50,candidate,111,96,0,0,18
1,noop-160x50,candidate,112,279,0,0,28
1,noop-160x50,candidate,113,139,0,0,18
1,noop-160x50,candidate,114,87,0,0,12
1,noop-160x50,candidate,115,110,0,0,12
1,noop-160x50,candidate,116,182,0,0,20
1,noop-160x50,candidate,117,206,0,0,27
1,noop-160x50,candidate,118,97,0,0,20
1,noop-160x50,candidate,119,166,0,0,18
1,noop-160x50,candidate,120,80,0,0,16
1,noop-160x50,candidate,121,176,0,0,14
1,noop-160x50,candidate,122,103,0,0,23
1,noop-160x50,candidate,123,79,0,0,13
1,noop-160x50,candidate,124,132,0,0,20
1,noop-160x50,candidate,125,208,0,0,25
1,noop-160x50,candidate,126,276,0,0,29
1,noop-160x50,candidate,127,109,0,0,16
1,noop-160x50,candidate,128,106,0,0,19
1,noop-160x50,candidate,129,96,0,0,16
1,noop-160x50,candidate,130,90,104,20343,1790
1,normal-80x24,base,0,2940,62,567,326
1,normal-80x24,base,1,1471,50,607,301
1,normal-80x24,base,2,1560,51,574,322
1,normal-80x24,base,3,1623,67,694,374
1,normal-80x24,base,4,1700,60,747,386
1,normal-80x24,base,5,1546,58,676,386
1,normal-80x24,base,6,1734,63,842,427
1,normal-80x24,base,7,2323,96,913,530
1,normal-80x24,base,8,2114,87,906,504
1,normal-80x24,base,9,2278,80,926,453
1,normal-80x24,base,10,2092,79,933,449
1,normal-80x24,base,11,2233,95,1007,561
1,normal-80x24,base,12,2232,148,1175,664
1,normal-80x24,base,13,2353,132,992,535
1,normal-80x24,base,14,1744,102,1005,528
1,normal-80x24,base,15,2293,104,1071,640
1,normal-80x24,base,16,2115,113,932,548
1,normal-80x24,base,17,1964,107,1090,559
1,normal-80x24,base,18,2173,80,985,541
1,normal-80x24,base,19,1395,64,781,400
1,normal-80x24,base,20,1604,82,950,472
1,normal-80x24,base,21,2596,117,953,493
1,normal-80x24,base,22,1838,95,884,486
1,normal-80x24,base,23,1371,64,680,361
1,normal-80x24,base,24,1886,77,889,473
1,normal-80x24,base,25,1508,71,906,456
1,normal-80x24,base,26,1694,94,1075,563
1,normal-80x24,base,27,1604,89,1053,501
1,normal-80x24,base,28,3027,62,592,353
1,normal-80x24,base,29,2455,107,1201,621
1,normal-80x24,base,30,2222,154,1314,654
1,normal-80x24,base,31,979,62,626,342
1,normal-80x24,base,32,791,37,411,226
1,normal-80x24,base,33,733,44,533,277
1,normal-80x24,base,34,707,52,474,272
1,normal-80x24,base,35,741,51,520,271
1,normal-80x24,base,36,683,45,439,229
1,normal-80x24,base,37,753,47,478,267
1,normal-80x24,base,38,769,47,478,263
1,normal-80x24,base,39,786,48,589,301
1,normal-80x24,base,40,806,53,575,316
1,normal-80x24,base,41,994,57,653,356
1,normal-80x24,base,42,861,51,584,286
1,normal-80x24,base,43,1070,68,734,372
1,normal-80x24,base,44,1192,79,769,399
1,normal-80x24,base,45,1220,69,816,418
1,normal-80x24,base,46,1149,67,810,420
1,normal-80x24,base,47,1169,77,814,411
1,normal-80x24,base,48,1300,68,803,398
1,normal-80x24,base,49,1344,81,963,481
1,normal-80x24,base,50,1408,86,962,502
1,normal-80x24,base,51,1273,106,1041,535
1,normal-80x24,base,52,1691,137,1110,620
1,normal-80x24,base,53,2061,142,1243,704
1,normal-80x24,base,54,1622,162,1026,561
1,normal-80x24,base,55,1967,117,1077,615
1,normal-80x24,base,56,1388,108,814,423
1,normal-80x24,base,57,1411,106,1034,558
1,normal-80x24,base,58,1455,115,885,522
1,normal-80x24,base,59,1095,65,802,408
1,normal-80x24,base,60,1039,67,810,394
1,normal-80x24,base,61,1454,86,900,487
1,normal-80x24,base,62,1498,95,918,491
1,normal-80x24,base,63,1497,113,1018,601
1,normal-80x24,base,64,1183,89,832,501
1,normal-80x24,base,65,1022,79,713,370
1,normal-80x24,base,66,1087,65,856,388
1,normal-80x24,base,67,1080,65,814,376
1,normal-80x24,base,68,1228,71,790,415
1,normal-80x24,base,69,1551,96,1143,549
1,normal-80x24,base,70,1850,110,1098,576
1,normal-80x24,base,71,2017,191,1209,768
1,normal-80x24,base,72,1683,127,1140,581
1,normal-80x24,base,73,1663,139,1092,636
1,normal-80x24,base,74,1657,123,989,540
1,normal-80x24,base,75,1842,191,1246,696
1,normal-80x24,base,76,1750,128,1059,627
1,normal-80x24,base,77,1547,109,1345,542
1,normal-80x24,base,78,1465,121,958,534
1,normal-80x24,base,79,1520,114,1124,611
1,normal-80x24,base,80,1395,122,881,446
1,normal-80x24,base,81,1695,121,1167,672
1,normal-80x24,base,82,1655,122,875,513
1,normal-80x24,base,83,1744,116,1131,624
1,normal-80x24,base,84,1553,100,911,521
1,normal-80x24,base,85,1093,63,803,384
1,normal-80x24,base,86,1241,85,924,471
1,normal-80x24,base,87,1615,113,989,487
1,normal-80x24,base,88,1555,116,985,546
1,normal-80x24,base,89,1651,120,1129,740
1,normal-80x24,base,90,1462,106,1013,547
1,normal-80x24,base,91,1250,86,819,439
1,normal-80x24,base,92,1230,70,834,398
1,normal-80x24,base,93,1501,85,1135,554
1,normal-80x24,base,94,2320,145,1308,806
1,normal-80x24,base,95,3223,187,1379,897
1,normal-80x24,base,96,1731,136,1170,637
1,normal-80x24,base,97,1675,116,1094,689
1,normal-80x24,base,98,1678,120,1004,535
1,normal-80x24,base,99,1821,117,1179,687
1,normal-80x24,base,100,1522,122,899,601
1,normal-80x24,base,101,1396,92,999,551
1,normal-80x24,base,102,1496,102,1008,538
1,normal-80x24,base,103,1486,105,1053,608
1,normal-80x24,base,104,1342,119,754,459
1,normal-80x24,base,105,1479,96,978,599
1,normal-80x24,base,106,1476,115,899,494
1,normal-80x24,base,107,1271,101,854,508
1,normal-80x24,base,108,1205,81,802,412
1,normal-80x24,base,109,1229,73,873,439
1,normal-80x24,base,110,1195,84,829,455
1,normal-80x24,base,111,1450,99,973,540
1,normal-80x24,base,112,1070,75,686,367
1,normal-80x24,base,113,1306,81,938,478
1,normal-80x24,base,114,1733,122,1206,639
1,normal-80x24,base,115,1293,101,843,495
1,normal-80x24,base,116,1112,70,791,424
1,normal-80x24,base,117,1382,95,808,408
1,normal-80x24,base,118,1518,113,1073,606
1,normal-80x24,base,119,1605,119,1079,570
1,normal-80x24,base,120,1699,119,1148,637
1,normal-80x24,base,121,1591,114,954,550
1,normal-80x24,base,122,1642,128,1209,623
1,normal-80x24,base,123,1348,102,841,479
1,normal-80x24,base,124,1470,108,1058,608
1,normal-80x24,base,125,1354,102,876,485
1,normal-80x24,base,126,1550,139,1142,657
1,normal-80x24,base,127,1565,117,949,531
1,normal-80x24,base,128,1672,122,1064,622
1,normal-80x24,base,129,1419,226,23515,2291
1,normal-80x24,candidate,0,2624,60,519,294
1,normal-80x24,candidate,1,1247,43,507,246
1,normal-80x24,candidate,2,1121,44,502,285
1,normal-80x24,candidate,3,1064,50,482,244
1,normal-80x24,candidate,4,1123,46,494,277
1,normal-80x24,candidate,5,1333,51,600,354
1,normal-80x24,candidate,6,1288,54,605,328
1,normal-80x24,candidate,7,1540,58,681,359
1,normal-80x24,candidate,8,1767,77,777,432
1,normal-80x24,candidate,9,1681,62,791,382
1,normal-80x24,candidate,10,1704,75,832,436
1,normal-80x24,candidate,11,1811,76,914,442
1,normal-80x24,candidate,12,1681,78,866,585
1,normal-80x24,candidate,13,2081,110,1011,556
1,normal-80x24,candidate,14,1873,93,825,402
1,normal-80x24,candidate,15,1973,88,1118,571
1,normal-80x24,candidate,16,2245,122,1146,617
1,normal-80x24,candidate,17,1998,122,949,551
1,normal-80x24,candidate,18,1621,76,778,425
1,normal-80x24,candidate,19,1373,68,838,385
1,normal-80x24,candidate,20,1365,72,752,405
1,normal-80x24,candidate,21,1468,68,720,347
1,normal-80x24,candidate,22,1488,69,901,447
1,normal-80x24,candidate,23,1580,74,838,427
1,normal-80x24,candidate,24,2205,84,1033,767
1,normal-80x24,candidate,25,2656,103,1151,628
1,normal-80x24,candidate,26,1985,160,1180,678
1,normal-80x24,candidate,27,1571,114,988,543
1,normal-80x24,candidate,28,1775,125,1252,701
1,normal-80x24,candidate,29,1401,95,852,485
1,normal-80x24,candidate,30,2729,154,1123,640
1,normal-80x24,candidate,31,869,49,541,309
1,normal-80x24,candidate,32,704,46,490,258
1,normal-80x24,candidate,33,708,46,499,256
1,normal-80x24,candidate,34,656,50,432,246
1,normal-80x24,candidate,35,682,57,526,272
1,normal-80x24,candidate,36,642,44,440,236
1,normal-80x24,candidate,37,695,45,462,238
1,normal-80x24,candidate,38,853,52,576,325
1,normal-80x24,candidate,39,768,49,497,258
1,normal-80x24,candidate,40,819,53,590,319
1,normal-80x24,candidate,41,813,55,498,247
1,normal-80x24,candidate,42,873,61,612,323
1,normal-80x24,candidate,43,923,68,576,297
1,normal-80x24,candidate,44,1032,61,675,356
1,normal-80x24,candidate,45,962,57,651,318
1,normal-80x24,candidate,46,1074,62,794,389
1,normal-80x24,candidate,47,1489,101,964,540
1,normal-80x24,candidate,48,1453,85,946,487
1,normal-80x24,candidate,49,1576,108,1031,617
1,normal-80x24,candidate,50,740,50,512,267
1,normal-80x24,candidate,51,1582,91,1035,488
1,normal-80x24,candidate,52,1547,96,920,518
1,normal-80x24,candidate,53,2219,156,1246,677
1,normal-80x24,candidate,54,1677,165,1146,647
1,normal-80x24,candidate,55,1601,122,949,518
1,normal-80x24,candidate,56,952,64,738,378
1,normal-80x24,candidate,57,1099,71,810,414
1,normal-80x24,candidate,58,1269,74,784,360
1,normal-80x24,candidate,59,1264,74,991,471
1,normal-80x24,candidate,60,1523,88,911,472
1,normal-80x24,candidate,61,1430,128,943,533
1,normal-80x24,candidate,62,1318,93,834,450
1,normal-80x24,candidate,63,1429,94,913,535
1,normal-80x24,candidate,64,1177,80,829,448
1,normal-80x24,candidate,65,1263,97,859,458
1,normal-80x24,candidate,66,1370,105,900,480
1,normal-80x24,candidate,67,1525,88,1017,512
1,normal-80x24,candidate,68,1540,102,1032,560
1,normal-80x24,candidate,69,1725,116,1312,688
1,normal-80x24,candidate,70,3277,131,1192,641
1,normal-80x24,candidate,71,1581,116,1175,711
1,normal-80x24,candidate,72,1491,104,901,503
1,normal-80x24,candidate,73,1442,127,867,538
1,normal-80x24,candidate,74,1008,71,713,345
1,normal-80x24,candidate,75,1212,121,919,502
1,normal-80x24,candidate,76,1309,91,813,439
1,normal-80x24,candidate,77,1071,60,756,389
1,normal-80x24,candidate,78,1187,89,790,406
1,normal-80x24,candidate,79,1277,100,1051,571
1,normal-80x24,candidate,80,1399,116,951,532
1,normal-80x24,candidate,81,1407,112,1038,620
1,normal-80x24,candidate,82,1364,116,788,460
1,normal-80x24,candidate,83,967,61,720,368
1,normal-80x24,candidate,84,1000,58,660,329
1,normal-80x24,candidate,85,1104,66,871,411
1,normal-80x24,candidate,86,1258,76,854,450
1,normal-80x24,candidate,87,1697,115,1128,578
1,normal-80x24,candidate,88,1781,124,1120,594
1,normal-80x24,candidate,89,1797,130,1296,767
1,normal-80x24,candidate,90,1634,125,1088,591
1,normal-80x24,candidate,91,1544,148,1152,614
1,normal-80x24,candidate,92,1478,118,1023,558
1,normal-80x24,candidate,93,1513,116,1141,653
1,normal-80x24,candidate,94,1408,107,908,565
1,normal-80x24,candidate,95,1412,104,985,574
1,normal-80x24,candidate,96,1366,120,780,463
1,normal-80x24,candidate,97,1052,68,799,407
1,normal-80x24,candidate,98,1157,71,766,398
1,normal-80x24,candidate,99,1245,69,829,427
1,normal-80x24,candidate,100,1160,85,737,368
1,normal-80x24,candidate,101,1126,64,825,426
1,normal-80x24,candidate,102,1080,62,743,367
1,normal-80x24,candidate,103,1244,74,852,436
1,normal-80x24,candidate,104,1054,82,838,460
1,normal-80x24,candidate,105,1203,75,898,484
1,normal-80x24,candidate,106,1272,88,903,470
1,normal-80x24,candidate,107,1270,81,954,518
1,normal-80x24,candidate,108,1397,92,1033,497
1,normal-80x24,candidate,109,1589,98,1121,592
1,normal-80x24,candidate,110,1689,114,1027,566
1,normal-80x24,candidate,111,1868,131,1142,657
1,normal-80x24,candidate,112,1488,146,874,520
1,normal-80x24,candidate,113,1344,96,948,511
1,normal-80x24,candidate,114,1459,110,839,523
1,normal-80x24,candidate,115,1620,157,1084,630
1,normal-80x24,candidate,116,1590,128,884,496
1,normal-80x24,candidate,117,1300,96,947,506
1,normal-80x24,candidate,118,1382,118,887,503
1,normal-80x24,candidate,119,1383,108,1139,637
1,normal-80x24,candidate,120,1431,109,899,528
1,normal-80x24,candidate,121,1719,122,1112,596
1,normal-80x24,candidate,122,1474,109,991,514
1,normal-80x24,candidate,123,1121,70,823,417
1,normal-80x24,candidate,124,1324,89,927,451
1,normal-80x24,candidate,125,1534,111,1147,668
1,normal-80x24,candidate,126,1455,142,956,540
1,normal-80x24,candidate,127,1382,95,1054,553
1,normal-80x24,candidate,128,1748,137,1148,639
1,normal-80x24,candidate,129,1828,219,24426,2667
1,resize-burst,base,0,2853,107,604,332
1,resize-burst,base,1,1555,39,494,216
1,resize-burst,base,2,2388,126,485,422
1,resize-burst,base,3,126,35,59,7
1,resize-burst,base,4,1537,41,542,266
1,resize-burst,base,5,1323,92,192,265
1,resize-burst,base,6,115,48,72,5
1,resize-burst,base,7,1294,38,555,234
1,resize-burst,base,8,2106,153,546,477
1,resize-burst,base,9,108,41,77,6
1,resize-burst,base,10,1620,48,698,329
1,resize-burst,base,11,1518,92,208,293
1,resize-burst,base,12,232,44,77,7
1,resize-burst,base,13,1139,43,559,253
1,resize-burst,base,14,1810,145,494,442
1,resize-burst,base,15,110,37,60,6
1,resize-burst,base,16,1057,36,531,239
1,resize-burst,base,17,969,83,162,250
1,resize-burst,base,18,105,42,58,9
1,resize-burst,base,19,863,30,449,197
1,resize-burst,base,20,1565,132,440,429
1,resize-burst,base,21,118,36,54,6
1,resize-burst,base,22,1046,40,503,246
1,resize-burst,base,23,976,81,176,253
1,resize-burst,base,24,86,49,86,5
1,resize-burst,base,25,1112,43,580,267
1,resize-burst,base,26,2050,155,517,466
1,resize-burst,base,27,124,53,77,7
1,resize-burst,base,28,1472,51,720,301
1,resize-burst,base,29,1183,92,232,303
1,resize-burst,base,30,161,47,79,7
1,resize-burst,base,31,1415,53,728,303
1,resize-burst,base,32,2260,164,651,551
1,resize-burst,base,33,102,46,84,7
1,resize-burst,base,34,1626,63,840,315
1,resize-burst,base,35,1427,122,298,391
1,resize-burst,base,36,95,52,82,7
1,resize-burst,base,37,1239,50,686,313
1,resize-burst,base,38,1864,164,638,599
1,resize-burst,base,39,106,44,71,6
1,resize-burst,base,40,1494,55,810,312
1,resize-burst,base,41,1412,121,304,410
1,resize-burst,base,42,136,38,59,18
1,resize-burst,base,43,799,40,617,203
1,resize-burst,base,44,2425,229,848,701
1,resize-burst,base,45,112,51,81,7
1,resize-burst,base,46,1834,73,1053,407
1,resize-burst,base,47,1655,133,347,437
1,resize-burst,base,48,111,85,137,7
1,resize-burst,base,49,1590,63,861,424
1,resize-burst,base,50,2403,242,861,746
1,resize-burst,base,51,132,54,86,9
1,resize-burst,base,52,1803,62,970,346
1,resize-burst,base,53,1398,158,344,423
1,resize-burst,base,54,87,74,119,7
1,resize-burst,base,55,1477,67,969,443
1,resize-burst,base,56,2269,205,844,691
1,resize-burst,base,57,172,39,60,8
1,resize-burst,base,58,841,31,509,211
1,resize-burst,base,59,936,78,183,245
1,resize-burst,base,60,108,34,58,7
1,resize-burst,base,61,706,28,484,219
1,resize-burst,base,62,1269,131,440,428
1,resize-burst,base,63,98,41,62,6
1,resize-burst,base,64,965,37,557,234
1,resize-burst,base,65,922,85,183,264
1,resize-burst,base,66,170,37,66,7
1,resize-burst,base,67,597,28,442,197
1,resize-burst,base,68,1096,121,411,403
1,resize-burst,base,69,66,38,60,4
1,resize-burst,base,70,1148,42,640,263
1,resize-burst,base,71,949,96,205,340
1,resize-burst,base,72,68,49,73,5
1,resize-burst,base,73,858,44,538,266
1,resize-burst,base,74,1398,135,514,459
1,resize-burst,base,75,97,43,63,6
1,resize-burst,base,76,1051,39,682,263
1,resize-burst,base,77,972,95,220,289
1,resize-burst,base,78,71,46,78,5
1,resize-burst,base,79,917,46,554,273
1,resize-burst,base,80,1521,148,577,586
1,resize-burst,base,81,56,50,83,5
1,resize-burst,base,82,1304,51,766,303
1,resize-burst,base,83,1103,111,263,376
1,resize-burst,base,84,93,53,83,6
1,resize-burst,base,85,1043,55,720,320
1,resize-burst,base,86,1944,185,730,621
1,resize-burst,base,87,103,47,78,6
1,resize-burst,base,88,1473,56,864,346
1,resize-burst,base,89,1307,125,303,392
1,resize-burst,base,90,74,74,98,6
1,resize-burst,base,91,1375,85,790,371
1,resize-burst,base,92,2085,204,826,724
1,resize-burst,base,93,129,44,98,7
1,resize-burst,base,94,1496,55,849,302
1,resize-burst,base,95,1295,115,277,376
1,resize-burst,base,96,76,59,86,6
1,resize-burst,base,97,1147,48,695,339
1,resize-burst,base,98,1764,183,723,627
1,resize-burst,base,99,112,47,79,7
1,resize-burst,base,100,1320,46,796,311
1,resize-burst,base,101,1189,124,284,392
1,resize-burst,base,102,105,67,108,8
1,resize-burst,base,103,1174,51,821,390
1,resize-burst,base,104,2169,206,734,604
1,resize-burst,base,105,75,53,88,7
1,resize-burst,base,106,1547,61,838,367
1,resize-burst,base,107,1154,117,313,363
1,resize-burst,base,108,95,68,107,8
1,resize-burst,base,109,1539,68,988,431
1,resize-burst,base,110,2415,217,817,711
1,resize-burst,base,111,108,92,163,12
1,resize-burst,base,112,2045,71,938,484
1,resize-burst,base,113,1318,168,319,388
1,resize-burst,base,114,98,60,97,7
1,resize-burst,base,115,1467,55,902,453
1,resize-burst,base,116,2214,241,837,772
1,resize-burst,base,117,112,82,127,8
1,resize-burst,base,118,1862,101,1049,551
1,resize-burst,base,119,1563,196,412,402
1,resize-burst,base,120,164,70,103,9
1,resize-burst,base,121,1249,55,878,395
1,resize-burst,base,122,2235,217,731,684
1,resize-burst,base,123,85,63,117,6
1,resize-burst,base,124,1543,63,1052,407
1,resize-burst,base,125,1235,142,320,407
1,resize-burst,base,126,86,62,114,7
1,resize-burst,base,127,1354,57,840,345
1,resize-burst,base,128,2094,202,712,650
1,resize-burst,base,129,105,56,108,7
1,resize-burst,base,130,1482,55,866,366
1,resize-burst,base,131,1231,125,283,350
1,resize-burst,base,132,110,49,82,8
1,resize-burst,base,133,1210,62,872,363
1,resize-burst,base,134,2102,239,811,760
1,resize-burst,base,135,92,70,114,8
1,resize-burst,base,136,1793,70,1193,461
1,resize-burst,base,137,1717,225,406,569
1,resize-burst,base,138,130,110,167,9
1,resize-burst,base,139,1624,85,1026,512
1,resize-burst,base,140,2366,264,738,862
1,resize-burst,base,141,115,111,160,10
1,resize-burst,base,142,2088,82,996,592
1,resize-burst,base,143,1351,167,325,450
1,resize-burst,base,144,146,102,149,9
1,resize-burst,base,145,1455,63,922,494
1,resize-burst,base,146,2321,238,826,759
1,resize-burst,base,147,73,65,103,18
1,resize-burst,base,148,1541,59,951,412
1,resize-burst,base,149,1339,147,335,438
1,resize-burst,base,150,175,46,79,5
1,resize-burst,base,151,1118,49,748,326
1,resize-burst,base,152,2015,204,742,683
1,resize-burst,base,153,90,51,92,7
1,resize-burst,base,154,1421,58,843,361
1,resize-burst,base,155,1163,121,275,381
1,resize-burst,base,156,84,50,89,6
1,resize-burst,base,157,1136,53,796,330
1,resize-burst,base,158,2276,211,739,645
1,resize-burst,base,159,104,57,99,22
1,resize-burst,base,160,1558,58,898,386
1,resize-burst,base,161,1219,133,302,502
1,resize-burst,base,162,73,64,95,7
1,resize-burst,base,163,1298,61,852,376
1,resize-burst,base,164,2041,204,840,715
1,resize-burst,base,165,83,56,103,7
1,resize-burst,base,166,1704,69,961,385
1,resize-burst,base,167,1212,120,310,406
1,resize-burst,base,168,80,75,118,7
1,resize-burst,base,169,1356,64,1045,421
1,resize-burst,base,170,2639,275,862,798
1,resize-burst,base,171,159,78,111,7
1,resize-burst,base,172,1925,79,1075,469
1,resize-burst,base,173,1493,154,373,491
1,resize-burst,base,174,139,83,129,9
1,resize-burst,base,175,1380,68,909,447
1,resize-burst,base,176,2238,232,776,822
1,resize-burst,base,177,92,69,105,6
1,resize-burst,base,178,1580,83,910,422
1,resize-burst,base,179,1171,123,282,384
1,resize-burst,base,180,68,58,99,6
1,resize-burst,base,181,1293,58,882,370
1,resize-burst,base,182,2077,223,827,746
1,resize-burst,base,183,90,56,87,9
1,resize-burst,base,184,1694,85,959,408
1,resize-burst,base,185,1416,138,366,457
1,resize-burst,base,186,143,54,84,8
1,resize-burst,base,187,1456,67,999,394
1,resize-burst,base,188,2440,239,832,790
1,resize-burst,base,189,86,69,127,7
1,resize-burst,base,190,2092,77,1196,504
1,resize-burst,base,191,1718,187,397,442
1,resize-burst,base,192,110,89,146,8
1,resize-burst,base,193,2152,149,794,404
1,resize-burst,base,194,1391,151,563,505
1,resize-burst,base,195,87,94,148,6
1,resize-burst,base,196,2758,99,1510,485
1,resize-burst,base,197,1849,197,444,515
1,resize-burst,base,198,101,168,270,8
1,resize-burst,base,199,2309,97,1104,545
1,resize-burst,base,200,2691,274,848,943
1,resize-burst,base,201,210,45,63,13
1,resize-burst,base,202,937,36,556,227
1,resize-burst,base,203,808,85,179,282
1,resize-burst,base,204,82,48,63,4
1,resize-burst,base,205,808,41,511,239
1,resize-burst,base,206,1365,172,523,477
1,resize-burst,base,207,62,53,80,6
1,resize-burst,base,208,1219,46,751,331
1,resize-burst,base,209,1118,110,282,365
1,resize-burst,base,210,77,60,104,6
1,resize-burst,base,211,1341,91,786,345
1,resize-burst,base,212,1990,204,734,632
1,resize-burst,base,213,108,51,83,8
1,resize-burst,base,214,1514,67,891,356
1,resize-burst,base,215,1264,124,333,404
1,resize-burst,base,216,95,64,101,8
1,resize-burst,base,217,1440,75,887,368
1,resize-burst,base,218,2211,203,829,704
1,resize-burst,base,219,124,74,105,8
1,resize-burst,base,220,1585,75,1040,408
1,resize-burst,base,221,1659,178,358,567
1,resize-burst,base,222,88,51,78,6
1,resize-burst,base,223,1009,53,742,317
1,resize-burst,base,224,2106,215,792,668
1,resize-burst,base,225,102,66,99,7
1,resize-burst,base,226,1686,63,928,368
1,resize-burst,base,227,1249,124,328,400
1,resize-burst,base,228,106,57,91,18
1,resize-burst,base,229,1256,73,863,377
1,resize-burst,base,230,2165,215,816,686
1,resize-burst,base,231,79,56,100,6
1,resize-burst,base,232,1997,81,1003,405
1,resize-burst,base,233,1359,143,363,441
1,resize-burst,base,234,167,107,170,9
1,resize-burst,base,235,1784,86,1256,620
1,resize-burst,base,236,2762,320,963,1008
1,resize-burst,base,237,148,119,201,9
1,resize-burst,base,238,2234,83,1166,579
1,resize-burst,base,239,1526,187,382,534
1,resize-burst,base,240,100,65,109,7
1,resize-burst,base,241,1602,64,974,428
1,resize-burst,base,242,2393,233,838,782
1,resize-burst,base,243,90,57,93,7
1,resize-burst,base,244,1747,63,963,406
1,resize-burst,base,245,1194,128,327,410
1,resize-burst,base,246,91,75,118,6
1,resize-burst,base,247,1374,74,926,414
1,resize-burst,base,248,2232,248,828,799
1,resize-burst,base,249,100,58,95,8
1,resize-burst,base,250,1711,64,1019,456
1,resize-burst,base,251,1522,168,340,499
1,resize-burst,base,252,114,53,93,7
1,resize-burst,base,253,1237,59,976,360
1,resize-burst,base,254,2514,268,979,901
1,resize-burst,base,255,110,81,129,11
1,resize-burst,base,256,2134,84,1181,541
1,resize-burst,base,257,1530,156,335,501
1,resize-burst,base,258,129,108,168,10
1,resize-burst,base,259,1593,72,1155,527
1,resize-burst,base,260,2716,297,864,928
1,resize-burst,base,261,166,51,88,8
1,resize-burst,base,262,1701,69,985,462
1,resize-burst,base,263,1191,119,281,386
1,resize-burst,base,264,67,46,76,6
1,resize-burst,base,265,975,44,721,295
1,resize-burst,base,266,1826,186,681,598
1,resize-burst,base,267,79,55,84,6
1,resize-burst,base,268,1447,54,825,367
1,resize-burst,base,269,1051,110,294,388
1,resize-burst,base,270,86,52,85,6
1,resize-burst,base,271,1286,58,793,332
1,resize-burst,base,272,2027,207,830,718
1,resize-burst,base,273,88,58,103,5
1,resize-burst,base,274,1679,65,945,422
1,resize-burst,base,275,1259,133,327,402
1,resize-burst,base,276,94,93,145,9
1,resize-burst,base,277,1463,66,965,510
1,resize-burst,base,278,2312,254,859,793
1,resize-burst,base,279,102,71,108,7
1,resize-burst,base,280,2040,76,1154,483
1,resize-burst,base,281,1482,154,336,465
1,resize-burst,base,282,144,71,150,9
1,resize-burst,base,283,1805,75,1169,505
1,resize-burst,base,284,2862,282,863,948
1,resize-burst,base,285,139,113,164,10
1,resize-burst,base,286,2084,80,1219,606
1,resize-burst,base,287,1693,201,366,623
1,resize-burst,base,288,135,84,153,8
1,resize-burst,base,289,1458,68,912,493
1,resize-burst,base,290,2069,212,836,713
1,resize-burst,base,291,93,70,106,8
1,resize-burst,base,292,1784,73,1036,466
1,resize-burst,base,293,1305,130,324,425
1,resize-burst,base,294,103,65,120,7
1,resize-burst,base,295,1334,54,876,381
1,resize-burst,base,296,2235,248,821,784
1,resize-burst,base,297,101,58,91,6
1,resize-burst,base,298,1709,79,1014,429
1,resize-burst,base,299,1334,144,318,444
1,resize-burst,base,300,135,102,165,8
1,resize-burst,base,301,1733,78,1271,552
1,resize-burst,base,302,2755,312,869,1084
1,resize-burst,base,303,177,117,169,13
1,resize-burst,base,304,2096,121,1054,578
1,resize-burst,base,305,1575,188,326,596
1,resize-burst,base,306,129,48,81,14
1,resize-burst,base,307,861,37,702,245
1,resize-burst,base,308,2024,209,813,698
1,resize-burst,base,309,76,54,89,5
1,resize-burst,base,310,1661,64,920,365
1,resize-burst,base,311,1210,116,274,373
1,resize-burst,base,312,110,92,135,7
1,resize-burst,base,313,1499,64,921,440
1,resize-burst,base,314,2372,248,758,860
1,resize-burst,base,315,121,82,131,8
1,resize-burst,base,316,1731,82,1044,490
1,resize-burst,base,317,1413,177,319,521
1,resize-burst,base,318,85,68,108,7
1,resize-burst,base,319,1374,64,889,360
1,resize-burst,base,320,2362,265,968,802
1,resize-burst,base,321,128,70,120,8
1,resize-burst,base,322,1873,84,1056,469
1,resize-burst,base,323,1389,152,360,482
1,resize-burst,base,324,107,94,153,8
1,resize-burst,base,325,1806,82,1183,616
1,resize-burst,base,326,2965,394,991,1353
1,resize-burst,base,327,172,105,171,14
1,resize-burst,base,328,1994,83,1026,570
1,resize-burst,base,329,1372,178,365,508
1,resize-burst,base,330,96,61,88,6
1,resize-burst,base,331,805,33,521,270
1,resize-burst,base,332,1135,126,420,414
1,resize-burst,base,333,76,41,64,5
1,resize-burst,base,334,987,38,602,279
1,resize-burst,base,335,843,92,205,288
1,resize-burst,base,336,64,48,78,5
1,resize-burst,base,337,889,48,627,287
1,resize-burst,base,338,1545,163,635,570
1,resize-burst,base,339,72,51,82,5
1,resize-burst,base,340,1428,55,853,363
1,resize-burst,base,341,1171,116,316,378
1,resize-burst,base,342,118,49,83,9
1,resize-burst,base,343,1151,70,810,361
1,resize-burst,base,344,1968,201,808,689
1,resize-burst,base,345,92,58,92,7
1,resize-burst,base,346,1666,64,975,412
1,resize-burst,base,347,1241,128,313,446
1,resize-burst,base,348,103,50,85,7
1,resize-burst,base,349,1268,74,895,340
1,resize-burst,base,350,2350,237,929,740
1,resize-burst,base,351,112,79,130,9
1,resize-burst,base,352,1859,76,1081,533
1,resize-burst,base,353,1455,158,298,488
1,resize-burst,base,354,102,57,90,8
1,resize-burst,base,355,1290,63,800,319
1,resize-burst,base,356,2113,201,820,707
1,resize-burst,base,357,112,69,115,8
1,resize-burst,base,358,1843,82,1026,464
1,resize-burst,base,359,1402,151,337,513
1,resize-burst,base,360,105,76,124,6
1,resize-burst,base,361,1273,67,778,378
1,resize-burst,base,362,2164,231,794,733
1,resize-burst,base,363,136,59,77,8
1,resize-burst,base,364,1487,56,734,326
1,resize-burst,base,365,1138,109,246,530
1,resize-burst,base,366,83,61,105,7
1,resize-burst,base,367,1087,54,706,341
1,resize-burst,base,368,1939,202,779,660
1,resize-burst,base,369,102,46,85,7
1,resize-burst,base,370,1646,63,916,403
1,resize-burst,base,371,1283,137,328,467
1,resize-burst,base,372,82,80,125,7
1,resize-burst,base,373,1401,72,838,504
1,resize-burst,base,374,2084,245,719,740
1,resize-burst,base,375,158,47,77,7
1,resize-burst,base,376,1473,60,805,372
1,resize-burst,base,377,1174,124,266,400
1,resize-burst,base,378,85,36,62,7
1,resize-burst,base,379,647,29,432,201
1,resize-burst,base,380,1154,122,424,410
1,resize-burst,base,381,95,39,53,6
1,resize-burst,base,382,766,31,509,218
1,resize-burst,base,383,809,82,159,284
1,resize-burst,base,384,59,34,54,5
1,resize-burst,base,385,577,28,437,194
1,resize-burst,base,386,1136,122,413,411
1,resize-burst,base,387,97,85,45072,3393
1,resize-burst,candidate,0,653,0,0,95
1,resize-burst,candidate,1,2842,112,577,323
1,resize-burst,candidate,2,1504,41,579,222
1,resize-burst,candidate,3,2708,145,552,508
1,resize-burst,candidate,4,200,41,66,7
1,resize-burst,candidate,5,1846,44,674,282
1,resize-burst,candidate,6,1683,101,230,322
1,resize-burst,candidate,7,106,42,65,6
1,resize-burst,candidate,8,1456,39,557,265
1,resize-burst,candidate,9,2204,148,604,509
1,resize-burst,candidate,10,117,46,70,6
1,resize-burst,candidate,11,1750,50,742,315
1,resize-burst,candidate,12,1781,107,249,369
1,resize-burst,candidate,13,62,50,92,7
1,resize-burst,candidate,14,1443,46,657,339
1,resize-burst,candidate,15,2071,157,631,547
1,resize-burst,candidate,16,72,47,71,7
1,resize-burst,candidate,17,1609,47,787,332
1,resize-burst,candidate,18,1451,119,267,403
1,resize-burst,candidate,19,57,62,98,7
1,resize-burst,candidate,20,1711,69,830,371
1,resize-burst,candidate,21,2508,222,933,736
1,resize-burst,candidate,22,72,49,84,5
1,resize-burst,candidate,23,2135,72,979,455
1,resize-burst,candidate,24,1649,125,309,425
1,resize-burst,candidate,25,80,60,104,6
1,resize-burst,candidate,26,1993,76,954,381
1,resize-burst,candidate,27,3217,258,989,811
1,resize-burst,candidate,28,158,59,102,8
1,resize-burst,candidate,29,2471,86,1225,483
1,resize-burst,candidate,30,2031,185,419,568
1,resize-burst,candidate,31,66,90,152,9
1,resize-burst,candidate,32,2319,76,986,525
1,resize-burst,candidate,33,2970,241,1001,806
1,resize-burst,candidate,34,150,50,89,7
1,resize-burst,candidate,35,1995,70,986,387
1,resize-burst,candidate,36,1640,137,350,458
1,resize-burst,candidate,37,180,49,89,6
1,resize-burst,candidate,38,1289,62,759,319
1,resize-burst,candidate,39,2198,211,798,678
1,resize-burst,candidate,40,53,60,104,6
1,resize-burst,candidate,41,1991,74,1011,404
1,resize-burst,candidate,42,1611,133,330,467
1,resize-burst,candidate,43,47,62,100,6
1,resize-burst,candidate,44,1447,69,903,378
1,resize-burst,candidate,45,2537,250,1010,843
1,resize-burst,candidate,46,73,58,100,7
1,resize-burst,candidate,47,1891,71,945,430
1,resize-burst,candidate,48,1282,121,327,403
1,resize-burst,candidate,49,69,56,86,9
1,resize-burst,candidate,50,1353,55,918,353
1,resize-burst,candidate,51,2597,245,890,676
1,resize-burst,candidate,52,98,71,120,7
1,resize-burst,candidate,53,2126,81,1143,485
1,resize-burst,candidate,54,1564,152,332,434
1,resize-burst,candidate,55,84,42,63,8
1,resize-burst,candidate,56,777,42,462,214
1,resize-burst,candidate,57,1288,114,447,380
1,resize-burst,candidate,58,49,35,59,5
1,resize-burst,candidate,59,761,30,501,192
1,resize-burst,candidate,60,848,88,174,259
1,resize-burst,candidate,61,73,37,56,8
1,resize-burst,candidate,62,674,26,486,185
1,resize-burst,candidate,63,1223,126,434,423
1,resize-burst,candidate,64,74,41,64,5
1,resize-burst,candidate,65,858,33,520,219
1,resize-burst,candidate,66,939,88,197,275
1,resize-burst,candidate,67,135,39,65,9
1,resize-burst,candidate,68,680,30,496,221
1,resize-burst,candidate,69,1261,139,471,448
1,resize-burst,candidate,70,57,42,66,6
1,resize-burst,candidate,71,1111,42,701,269
1,resize-burst,candidate,72,908,95,209,291
1,resize-burst,candidate,73,43,41,65,5
1,resize-burst,candidate,74,828,45,574,232
1,resize-burst,candidate,75,1597,151,575,523
1,resize-burst,candidate,76,44,49,74,5
1,resize-burst,candidate,77,1254,46,728,312
1,resize-burst,candidate,78,1151,110,272,349
1,resize-burst,candidate,79,68,48,74,6
1,resize-burst,candidate,80,1011,48,780,270
1,resize-burst,candidate,81,1783,179,656,689
1,resize-burst,candidate,82,48,55,84,6
1,resize-burst,candidate,83,1331,50,801,336
1,resize-burst,candidate,84,1124,117,274,373
1,resize-burst,candidate,85,64,71,103,5
1,resize-burst,candidate,86,1190,58,844,382
1,resize-burst,candidate,87,2141,218,767,735
1,resize-burst,candidate,88,86,46,74,6
1,resize-burst,candidate,89,1440,56,896,366
1,resize-burst,candidate,90,1371,125,348,413
1,resize-burst,candidate,91,57,61,112,9
1,resize-burst,candidate,92,1564,101,892,380
1,resize-burst,candidate,93,2230,213,960,787
1,resize-burst,candidate,94,74,59,128,7
1,resize-burst,candidate,95,2169,81,1213,534
1,resize-burst,candidate,96,1604,155,336,515
1,resize-burst,candidate,97,70,56,91,6
1,resize-burst,candidate,98,1311,58,849,374
1,resize-burst,candidate,99,2032,209,831,704
1,resize-burst,candidate,100,56,59,108,7
1,resize-burst,candidate,101,1749,66,977,420
1,resize-burst,candidate,102,1174,118,317,383
1,resize-burst,candidate,103,73,49,74,7
1,resize-burst,candidate,104,1051,47,744,313
1,resize-burst,candidate,105,1995,201,762,679
1,resize-burst,candidate,106,54,54,100,6
1,resize-burst,candidate,107,1486,54,871,367
1,resize-burst,candidate,108,1246,139,299,437
1,resize-burst,candidate,109,76,47,82,7
1,resize-burst,candidate,110,1087,48,773,314
1,resize-burst,candidate,111,1995,192,739,649
1,resize-burst,candidate,112,53,48,79,5
1,resize-burst,candidate,113,1555,56,846,365
1,resize-burst,candidate,114,1149,132,298,402
1,resize-burst,candidate,115,45,58,94,9
1,resize-burst,candidate,116,1195,49,702,344
1,resize-burst,candidate,117,1889,200,833,664
1,resize-burst,candidate,118,68,58,92,6
1,resize-burst,candidate,119,1680,93,967,409
1,resize-burst,candidate,120,1317,138,337,421
1,resize-burst,candidate,121,41,57,98,7
1,resize-burst,candidate,122,1288,57,966,366
1,resize-burst,candidate,123,2629,252,948,812
1,resize-burst,candidate,124,84,70,125,7
1,resize-burst,candidate,125,1749,72,1048,447
1,resize-burst,candidate,126,1600,157,365,493
1,resize-burst,candidate,127,51,69,113,8
1,resize-burst,candidate,128,1391,60,818,413
1,resize-burst,candidate,129,2133,197,821,669
1,resize-burst,candidate,130,68,36,57,7
1,resize-burst,candidate,131,864,33,556,224
1,resize-burst,candidate,132,808,90,172,279
1,resize-burst,candidate,133,78,41,67,6
1,resize-burst,candidate,134,675,32,506,221
1,resize-burst,candidate,135,1260,135,482,445
1,resize-burst,candidate,136,40,41,59,5
1,resize-burst,candidate,137,1030,49,653,291
1,resize-burst,candidate,138,922,102,204,293
1,resize-burst,candidate,139,33,51,83,5
1,resize-burst,candidate,140,919,41,688,293
1,resize-burst,candidate,141,1708,181,600,587
1,resize-burst,candidate,142,42,52,80,6
1,resize-burst,candidate,143,1294,60,812,342
1,resize-burst,candidate,144,1062,115,281,342
1,resize-burst,candidate,145,64,46,76,6
1,resize-burst,candidate,146,1072,47,802,309
1,resize-burst,candidate,147,2106,210,822,781
1,resize-burst,candidate,148,62,62,91,6
1,resize-burst,candidate,149,1801,69,1059,425
1,resize-burst,candidate,150,1142,118,285,377
1,resize-burst,candidate,151,45,69,108,7
1,resize-burst,candidate,152,1188,52,779,393
1,resize-burst,candidate,153,1833,180,731,582
1,resize-burst,candidate,154,137,45,72,7
1,resize-burst,candidate,155,1333,51,776,316
1,resize-burst,candidate,156,994,114,276,388
1,resize-burst,candidate,157,70,46,79,7
1,resize-burst,candidate,158,953,42,694,281
1,resize-burst,candidate,159,1850,182,718,618
1,resize-burst,candidate,160,59,51,84,5
1,resize-burst,candidate,161,1447,54,942,373
1,resize-burst,candidate,162,1154,144,296,502
1,resize-burst,candidate,163,38,55,91,5
1,resize-burst,candidate,164,1076,51,673,330
1,resize-burst,candidate,165,1656,167,727,583
1,resize-burst,candidate,166,123,49,90,7
1,resize-burst,candidate,167,1439,61,860,362
1,resize-burst,candidate,168,1050,106,252,351
1,resize-burst,candidate,169,47,58,96,6
1,resize-burst,candidate,170,1295,70,1005,437
1,resize-burst,candidate,171,2407,254,975,858
1,resize-burst,candidate,172,132,94,154,9
1,resize-burst,candidate,173,2344,98,1217,540
1,resize-burst,candidate,174,1810,195,426,612
1,resize-burst,candidate,175,89,111,176,11
1,resize-burst,candidate,176,1839,84,1209,614
1,resize-burst,candidate,177,2750,272,882,928
1,resize-burst,candidate,178,76,74,113,7
1,resize-burst,candidate,179,2040,80,1025,491
1,resize-burst,candidate,180,1432,144,385,462
1,resize-burst,candidate,181,160,49,81,7
1,resize-burst,candidate,182,1190,56,827,337
1,resize-burst,candidate,183,2098,226,832,714
1,resize-burst,candidate,184,57,58,96,6
1,resize-burst,candidate,185,1728,103,1099,409
1,resize-burst,candidate,186,1447,142,317,512
1,resize-burst,candidate,187,75,54,85,11
1,resize-burst,candidate,188,1237,60,959,363
1,resize-burst,candidate,189,2184,244,859,815
1,resize-burst,candidate,190,45,90,153,6
1,resize-burst,candidate,191,2221,68,1011,467
1,resize-burst,candidate,192,1404,134,383,424
1,resize-burst,candidate,193,103,83,128,20
1,resize-burst,candidate,194,1290,54,852,346
1,resize-burst,candidate,195,2407,289,809,889
1,resize-burst,candidate,196,66,72,116,8
1,resize-burst,candidate,197,1771,71,1034,467
1,resize-burst,candidate,198,1420,144,347,393
1,resize-burst,candidate,199,72,71,114,8
1,resize-burst,candidate,200,1364,76,982,454
1,resize-burst,candidate,201,2619,283,1037,922
1,resize-burst,candidate,202,53,75,120,6
1,resize-burst,candidate,203,2040,77,1217,474
1,resize-burst,candidate,204,1412,153,348,524
1,resize-burst,candidate,205,112,109,165,10
1,resize-burst,candidate,206,1595,77,1028,495
1,resize-burst,candidate,207,2656,345,907,932
1,resize-burst,candidate,208,105,50,80,7
1,resize-burst,candidate,209,1451,58,872,371
1,resize-burst,candidate,210,1179,114,305,360
1,resize-burst,candidate,211,77,51,87,6
1,resize-burst,candidate,212,1217,76,828,362
1,resize-burst,candidate,213,2071,211,819,737
1,resize-burst,candidate,214,58,57,91,7
1,resize-burst,candidate,215,1689,71,985,423
1,resize-burst,candidate,216,1333,152,396,513
1,resize-burst,candidate,217,47,71,113,6
1,resize-burst,candidate,218,1268,83,817,438
1,resize-burst,candidate,219,2048,206,824,686
1,resize-burst,candidate,220,77,65,118,6
1,resize-burst,candidate,221,1766,78,1073,464
1,resize-burst,candidate,222,1387,151,334,473
1,resize-burst,candidate,223,53,77,124,7
1,resize-burst,candidate,224,1544,82,1064,422
1,resize-burst,candidate,225,2814,309,1037,1041
1,resize-burst,candidate,226,58,59,102,6
1,resize-burst,candidate,227,1963,78,1267,504
1,resize-burst,candidate,228,1478,149,367,475
1,resize-burst,candidate,229,88,61,103,9
1,resize-burst,candidate,230,1497,78,997,415
1,resize-burst,candidate,231,2527,228,847,721
1,resize-burst,candidate,232,71,77,103,7
1,resize-burst,candidate,233,1995,75,1187,486
1,resize-burst,candidate,234,1462,143,327,416
1,resize-burst,candidate,235,74,135,232,8
1,resize-burst,candidate,236,2059,92,1077,465
1,resize-burst,candidate,237,2399,238,950,881
1,resize-burst,candidate,238,60,92,155,6
1,resize-burst,candidate,239,2204,88,1274,579
1,resize-burst,candidate,240,1603,172,331,476
1,resize-burst,candidate,241,76,143,257,6
1,resize-burst,candidate,242,2370,166,1007,477
1,resize-burst,candidate,243,1939,220,855,799
1,resize-burst,candidate,244,59,122,190,8
1,resize-burst,candidate,245,3124,95,1291,517
1,resize-burst,candidate,246,1597,174,418,511
1,resize-burst,candidate,247,62,147,226,7
1,resize-burst,candidate,248,2195,90,1027,472
1,resize-burst,candidate,249,2425,243,890,781
1,resize-burst,candidate,250,94,88,132,7
1,resize-burst,candidate,251,1932,73,1177,534
1,resize-burst,candidate,252,1675,190,337,578
1,resize-burst,candidate,253,85,95,163,8
1,resize-burst,candidate,254,1454,90,925,507
1,resize-burst,candidate,255,2295,247,1030,783
1,resize-burst,candidate,256,75,52,90,6
1,resize-burst,candidate,257,1618,61,1010,404
1,resize-burst,candidate,258,1340,141,321,460
1,resize-burst,candidate,259,52,69,112,5
1,resize-burst,candidate,260,1272,60,967,410
1,resize-burst,candidate,261,2557,275,970,736
1,resize-burst,candidate,262,52,58,101,11
1,resize-burst,candidate,263,1662,65,1090,427
1,resize-burst,candidate,264,1624,162,382,519
1,resize-burst,candidate,265,83,70,109,9
1,resize-burst,candidate,266,1487,69,1066,439
1,resize-burst,candidate,267,2450,254,1009,885
1,resize-burst,candidate,268,53,246,449,7
1,resize-burst,candidate,269,2693,111,1428,660
1,resize-burst,candidate,270,1816,210,391,582
1,resize-burst,candidate,271,79,70,116,8
1,resize-burst,candidate,272,1570,88,958,443
1,resize-burst,candidate,273,2253,230,990,815
1,resize-burst,candidate,274,65,60,109,7
1,resize-burst,candidate,275,1958,78,1141,450
1,resize-burst,candidate,276,1459,153,389,512
1,resize-burst,candidate,277,59,72,116,20
1,resize-burst,candidate,278,1476,71,1090,491
1,resize-burst,candidate,279,2581,306,922,884
1,resize-burst,candidate,280,107,101,162,8
1,resize-burst,candidate,281,2000,79,1184,583
1,resize-burst,candidate,282,1806,217,363,654
1,resize-burst,candidate,283,90,104,182,7
1,resize-burst,candidate,284,1533,70,1007,527
1,resize-burst,candidate,285,2055,207,738,740
1,resize-burst,candidate,286,68,71,105,7
1,resize-burst,candidate,287,1806,66,1106,458
1,resize-burst,candidate,288,1476,168,352,549
1,resize-burst,candidate,289,85,85,162,9
1,resize-burst,candidate,290,1640,68,1011,498
1,resize-burst,candidate,291,2251,257,928,845
1,resize-burst,candidate,292,101,88,140,10
1,resize-burst,candidate,293,1896,71,1164,534
1,resize-burst,candidate,294,1711,196,342,576
1,resize-burst,candidate,295,83,109,171,9
1,resize-burst,candidate,296,1566,73,1005,514
1,resize-burst,candidate,297,2150,244,737,807
1,resize-burst,candidate,298,68,55,91,7
1,resize-burst,candidate,299,1693,78,990,387
1,resize-burst,candidate,300,1311,136,322,415
1,resize-burst,candidate,301,51,70,123,18
1,resize-burst,candidate,302,1384,66,971,425
1,resize-burst,candidate,303,2342,254,982,805
1,resize-burst,candidate,304,119,100,159,9
1,resize-burst,candidate,305,2027,121,1295,567
1,resize-burst,candidate,306,1876,196,362,623
1,resize-burst,candidate,307,78,116,169,9
1,resize-burst,candidate,308,1547,95,1159,550
1,resize-burst,candidate,309,2981,293,894,1047
1,resize-burst,candidate,310,111,103,163,8
1,resize-burst,candidate,311,1925,95,1141,585
1,resize-burst,candidate,312,1480,181,327,554
1,resize-burst,candidate,313,71,66,112,9
1,resize-burst,candidate,314,1215,61,900,411
1,resize-burst,candidate,315,2222,243,889,815
1,resize-burst,candidate,316,67,73,109,8
1,resize-burst,candidate,317,1712,71,960,469
1,resize-burst,candidate,318,1175,125,311,389
1,resize-burst,candidate,319,88,54,88,8
1,resize-burst,candidate,320,1180,55,905,368
1,resize-burst,candidate,321,2345,236,975,851
1,resize-burst,candidate,322,64,79,122,7
1,resize-burst,candidate,323,2061,79,1043,467
1,resize-burst,candidate,324,1408,149,332,491
1,resize-burst,candidate,325,106,87,143,11
1,resize-burst,candidate,326,1519,81,1318,581
1,resize-burst,candidate,327,2620,358,905,1268
1,resize-burst,candidate,328,62,49,97,6
1,resize-burst,candidate,329,1638,66,942,418
1,resize-burst,candidate,330,1270,146,290,411
1,resize-burst,candidate,331,69,52,93,6
1,resize-burst,candidate,332,1169,56,956,360
1,resize-burst,candidate,333,2320,220,847,760
1,resize-burst,candidate,334,56,88,137,7
1,resize-burst,candidate,335,1699,70,889,486
1,resize-burst,candidate,336,1059,113,252,371
1,resize-burst,candidate,337,51,67,114,7
1,resize-burst,candidate,338,1420,80,1039,443
1,resize-burst,candidate,339,2375,243,990,837
1,resize-burst,candidate,340,58,42,69,6
1,resize-burst,candidate,341,1112,42,675,274
1,resize-burst,candidate,342,963,99,227,314
1,resize-burst,candidate,343,42,51,77,6
1,resize-burst,candidate,344,770,46,577,272
1,resize-burst,candidate,345,1447,149,542,478
1,resize-burst,candidate,346,64,46,78,6
1,resize-burst,candidate,347,1135,43,780,300
1,resize-burst,candidate,348,1084,115,257,383
1,resize-burst,candidate,349,38,52,85,8
1,resize-burst,candidate,350,1040,75,777,344
1,resize-burst,candidate,351,1967,196,810,644
1,resize-burst,candidate,352,55,56,87,6
1,resize-burst,candidate,353,1642,93,935,406
1,resize-burst,candidate,354,1199,121,331,392
1,resize-burst,candidate,355,89,125,159,8
1,resize-burst,candidate,356,1530,74,1119,485
1,resize-burst,candidate,357,2789,283,864,904
1,resize-burst,candidate,358,60,49,79,6
1,resize-burst,candidate,359,1414,57,834,350
1,resize-burst,candidate,360,1057,111,297,360
1,resize-burst,candidate,361,70,46,78,7
1,resize-burst,candidate,362,988,53,762,317
1,resize-burst,candidate,363,2151,221,844,781
1,resize-burst,candidate,364,60,57,91,6
1,resize-burst,candidate,365,1628,65,1077,415
1,resize-burst,candidate,366,1324,144,327,461
1,resize-burst,candidate,367,72,61,70,7
1,resize-burst,candidate,368,1106,53,643,322
1,resize-burst,candidate,369,1837,183,701,811
1,resize-burst,candidate,370,46,54,82,9
1,resize-burst,candidate,371,1411,54,822,361
1,resize-burst,candidate,372,1227,131,311,424
1,resize-burst,candidate,373,42,40,63,6
1,resize-burst,candidate,374,688,33,463,216
1,resize-burst,candidate,375,1193,124,427,417
1,resize-burst,candidate,376,64,35,60,12
1,resize-burst,candidate,377,745,32,458,207
1,resize-burst,candidate,378,706,78,158,255
1,resize-burst,candidate,379,61,42,65,5
1,resize-burst,candidate,380,662,29,437,203
1,resize-burst,candidate,381,1188,127,422,417
1,resize-burst,candidate,382,65,35,61,6
1,resize-burst,candidate,383,836,37,529,233
1,resize-burst,candidate,384,829,86,181,275
1,resize-burst,candidate,385,46,57,72,6
1,resize-burst,candidate,386,770,38,497,268
1,resize-burst,candidate,387,1320,139,544,489
1,resize-burst,candidate,388,69,93,48787,3306
1,single-dirty-cell-160x50,base,0,186,0,0,105
1,single-dirty-cell-160x50,base,1,1483,26,904,257
1,single-dirty-cell-160x50,base,2,844,32,464,281
1,single-dirty-cell-160x50,base,3,733,29,446,272
1,single-dirty-cell-160x50,base,4,926,40,572,346
1,single-dirty-cell-160x50,base,5,891,32,570,340
1,single-dirty-cell-160x50,base,6,955,39,721,419
1,single-dirty-cell-160x50,base,7,1259,45,856,509
1,single-dirty-cell-160x50,base,8,2178,64,1030,607
1,single-dirty-cell-160x50,base,9,1704,71,1126,702
1,single-dirty-cell-160x50,base,10,1432,76,1029,579
1,single-dirty-cell-160x50,base,11,1350,79,968,637
1,single-dirty-cell-160x50,base,12,1446,84,1041,684
1,single-dirty-cell-160x50,base,13,1383,88,976,653
1,single-dirty-cell-160x50,base,14,1603,86,995,696
1,single-dirty-cell-160x50,base,15,638,38,964,479
1,single-dirty-cell-160x50,base,16,1549,62,793,607
1,single-dirty-cell-160x50,base,17,882,53,776,485
1,single-dirty-cell-160x50,base,18,1909,84,880,586
1,single-dirty-cell-160x50,base,19,1130,57,1068,647
1,single-dirty-cell-160x50,base,20,747,37,631,397
1,single-dirty-cell-160x50,base,21,937,41,928,531
1,single-dirty-cell-160x50,base,22,1048,55,874,550
1,single-dirty-cell-160x50,base,23,1289,74,1005,642
1,single-dirty-cell-160x50,base,24,1052,68,964,624
1,single-dirty-cell-160x50,base,25,1176,76,755,539
1,single-dirty-cell-160x50,base,26,1080,79,989,615
1,single-dirty-cell-160x50,base,27,1224,84,1144,745
1,single-dirty-cell-160x50,base,28,1139,95,976,642
1,single-dirty-cell-160x50,base,29,1144,90,1002,689
1,single-dirty-cell-160x50,base,30,1046,73,754,510
1,single-dirty-cell-160x50,base,31,1143,88,727,571
1,single-dirty-cell-160x50,base,32,778,52,674,407
1,single-dirty-cell-160x50,base,33,994,65,649,475
1,single-dirty-cell-160x50,base,34,449,30,386,249
1,single-dirty-cell-160x50,base,35,484,28,407,253
1,single-dirty-cell-160x50,base,36,451,33,430,273
1,single-dirty-cell-160x50,base,37,394,26,383,251
1,single-dirty-cell-160x50,base,38,459,29,427,280
1,single-dirty-cell-160x50,base,39,428,28,398,244
1,single-dirty-cell-160x50,base,40,455,18,401,235
1,single-dirty-cell-160x50,base,41,471,30,470,276
1,single-dirty-cell-160x50,base,42,561,39,445,313
1,single-dirty-cell-160x50,base,43,700,49,591,390
1,single-dirty-cell-160x50,base,44,829,72,574,405
1,single-dirty-cell-160x50,base,45,579,33,474,298
1,single-dirty-cell-160x50,base,46,642,34,568,350
1,single-dirty-cell-160x50,base,47,612,33,540,315
1,single-dirty-cell-160x50,base,48,959,56,714,422
1,single-dirty-cell-160x50,base,49,650,34,613,342
1,single-dirty-cell-160x50,base,50,765,44,739,469
1,single-dirty-cell-160x50,base,51,1172,83,1012,700
1,single-dirty-cell-160x50,base,52,1153,55,834,573
1,single-dirty-cell-160x50,base,53,826,55,786,464
1,single-dirty-cell-160x50,base,54,1169,79,982,620
1,single-dirty-cell-160x50,base,55,1096,83,827,661
1,single-dirty-cell-160x50,base,56,1075,79,1009,623
1,single-dirty-cell-160x50,base,57,1039,81,902,587
1,single-dirty-cell-160x50,base,58,1011,69,1010,732
1,single-dirty-cell-160x50,base,59,1213,77,1018,717
1,single-dirty-cell-160x50,base,60,1202,75,841,578
1,single-dirty-cell-160x50,base,61,1242,89,772,571
1,single-dirty-cell-160x50,base,62,734,41,743,458
1,single-dirty-cell-160x50,base,63,613,50,624,407
1,single-dirty-cell-160x50,base,64,917,45,744,485
1,single-dirty-cell-160x50,base,65,1029,54,868,528
1,single-dirty-cell-160x50,base,66,1234,70,947,598
1,single-dirty-cell-160x50,base,67,1082,67,1116,653
1,single-dirty-cell-160x50,base,68,1096,82,977,641
1,single-dirty-cell-160x50,base,69,1230,87,975,664
1,single-dirty-cell-160x50,base,70,1045,71,919,637
1,single-dirty-cell-160x50,base,71,1064,82,861,562
1,single-dirty-cell-160x50,base,72,1045,82,927,657
1,single-dirty-cell-160x50,base,73,949,83,915,656
1,single-dirty-cell-160x50,base,74,968,65,922,608
1,single-dirty-cell-160x50,base,75,913,52,744,505
1,single-dirty-cell-160x50,base,76,1118,78,976,633
1,single-dirty-cell-160x50,base,77,1222,86,908,623
1,single-dirty-cell-160x50,base,78,1251,91,1147,744
1,single-dirty-cell-160x50,base,79,2162,156,897,594
1,single-dirty-cell-160x50,base,80,1259,87,1154,594
1,single-dirty-cell-160x50,base,81,1732,77,1063,745
1,single-dirty-cell-160x50,base,82,1043,70,927,649
1,single-dirty-cell-160x50,base,83,1079,68,787,539
1,single-dirty-cell-160x50,base,84,1066,83,890,573
1,single-dirty-cell-160x50,base,85,1090,75,897,558
1,single-dirty-cell-160x50,base,86,1064,84,840,609
1,single-dirty-cell-160x50,base,87,996,80,907,611
1,single-dirty-cell-160x50,base,88,912,82,928,582
1,single-dirty-cell-160x50,base,89,1024,80,798,560
1,single-dirty-cell-160x50,base,90,988,75,886,595
1,single-dirty-cell-160x50,base,91,1172,102,733,561
1,single-dirty-cell-160x50,base,92,1071,70,960,567
1,single-dirty-cell-160x50,base,93,597,38,484,346
1,single-dirty-cell-160x50,base,94,429,31,363,219
1,single-dirty-cell-160x50,base,95,442,30,450,286
1,single-dirty-cell-160x50,base,96,427,30,431,262
1,single-dirty-cell-160x50,base,97,825,66,606,412
1,single-dirty-cell-160x50,base,98,601,40,521,327
1,single-dirty-cell-160x50,base,99,573,35,578,352
1,single-dirty-cell-160x50,base,100,696,52,634,397
1,single-dirty-cell-160x50,base,101,1080,72,966,603
1,single-dirty-cell-160x50,base,102,1101,75,909,561
1,single-dirty-cell-160x50,base,103,1071,54,986,610
1,single-dirty-cell-160x50,base,104,1761,89,1022,706
1,single-dirty-cell-160x50,base,105,2165,79,999,724
1,single-dirty-cell-160x50,base,106,1210,72,1029,657
1,single-dirty-cell-160x50,base,107,1921,78,1019,713
1,single-dirty-cell-160x50,base,108,1130,80,848,544
1,single-dirty-cell-160x50,base,109,1045,86,895,645
1,single-dirty-cell-160x50,base,110,995,78,849,526
1,single-dirty-cell-160x50,base,111,1118,73,915,630
1,single-dirty-cell-160x50,base,112,1049,81,792,564
1,single-dirty-cell-160x50,base,113,1020,71,822,604
1,single-dirty-cell-160x50,base,114,920,55,751,513
1,single-dirty-cell-160x50,base,115,1104,87,1032,675
1,single-dirty-cell-160x50,base,116,1074,70,916,586
1,single-dirty-cell-160x50,base,117,1143,85,921,621
1,single-dirty-cell-160x50,base,118,1106,76,883,613
1,single-dirty-cell-160x50,base,119,951,84,777,507
1,single-dirty-cell-160x50,base,120,1071,79,920,587
1,single-dirty-cell-160x50,base,121,1044,73,888,614
1,single-dirty-cell-160x50,base,122,925,78,763,500
1,single-dirty-cell-160x50,base,123,1027,74,894,583
1,single-dirty-cell-160x50,base,124,1140,83,946,635
1,single-dirty-cell-160x50,base,125,1020,77,781,516
1,single-dirty-cell-160x50,base,126,1086,88,1018,639
1,single-dirty-cell-160x50,base,127,1086,83,838,549
1,single-dirty-cell-160x50,base,128,1165,86,1152,671
1,single-dirty-cell-160x50,base,129,1760,93,1125,682
1,single-dirty-cell-160x50,base,130,1180,199,25744,2588
1,single-dirty-cell-160x50,candidate,0,1459,39,417,254
1,single-dirty-cell-160x50,candidate,1,831,34,427,253
1,single-dirty-cell-160x50,candidate,2,580,31,452,284
1,single-dirty-cell-160x50,candidate,3,602,28,423,258
1,single-dirty-cell-160x50,candidate,4,854,35,498,313
1,single-dirty-cell-160x50,candidate,5,889,35,655,401
1,single-dirty-cell-160x50,candidate,6,973,43,618,401
1,single-dirty-cell-160x50,candidate,7,1494,61,1041,619
1,single-dirty-cell-160x50,candidate,8,1231,79,857,555
1,single-dirty-cell-160x50,candidate,9,952,38,719,428
1,single-dirty-cell-160x50,candidate,10,1143,56,963,561
1,single-dirty-cell-160x50,candidate,11,1262,72,1045,619
1,single-dirty-cell-160x50,candidate,12,1357,81,927,636
1,single-dirty-cell-160x50,candidate,13,1235,82,1073,702
1,single-dirty-cell-160x50,candidate,14,1172,86,1042,602
1,single-dirty-cell-160x50,candidate,15,1362,87,922,682
1,single-dirty-cell-160x50,candidate,16,950,78,748,509
1,single-dirty-cell-160x50,candidate,17,1019,85,983,656
1,single-dirty-cell-160x50,candidate,18,923,77,747,482
1,single-dirty-cell-160x50,candidate,19,1086,47,739,563
1,single-dirty-cell-160x50,candidate,20,748,39,620,372
1,single-dirty-cell-160x50,candidate,21,933,44,747,488
1,single-dirty-cell-160x50,candidate,22,861,42,782,462
1,single-dirty-cell-160x50,candidate,23,841,48,822,460
1,single-dirty-cell-160x50,candidate,24,1515,72,1053,835
1,single-dirty-cell-160x50,candidate,25,1057,77,1062,627
1,single-dirty-cell-160x50,candidate,26,1117,85,1039,710
1,single-dirty-cell-160x50,candidate,27,1069,89,859,573
1,single-dirty-cell-160x50,candidate,28,1051,81,925,613
1,single-dirty-cell-160x50,candidate,29,995,80,847,570
1,single-dirty-cell-160x50,candidate,30,987,83,862,571
1,single-dirty-cell-160x50,candidate,31,839,73,714,494
1,single-dirty-cell-160x50,candidate,32,560,29,478,309
1,single-dirty-cell-160x50,candidate,33,419,15,334,217
1,single-dirty-cell-160x50,candidate,34,442,31,381,238
1,single-dirty-cell-160x50,candidate,35,371,19,339,216
1,single-dirty-cell-160x50,candidate,36,379,27,396,244
1,single-dirty-cell-160x50,candidate,37,373,30,378,223
1,single-dirty-cell-160x50,candidate,38,383,26,410,241
1,single-dirty-cell-160x50,candidate,39,388,30,384,235
1,single-dirty-cell-160x50,candidate,40,454,33,513,362
1,single-dirty-cell-160x50,candidate,41,483,32,466,253
1,single-dirty-cell-160x50,candidate,42,634,42,653,422
1,single-dirty-cell-160x50,candidate,43,820,66,694,427
1,single-dirty-cell-160x50,candidate,44,970,79,864,601
1,single-dirty-cell-160x50,candidate,45,955,74,852,631
1,single-dirty-cell-160x50,candidate,46,960,72,749,469
1,single-dirty-cell-160x50,candidate,47,961,82,903,581
1,single-dirty-cell-160x50,candidate,48,916,77,920,590
1,single-dirty-cell-160x50,candidate,49,794,71,728,482
1,single-dirty-cell-160x50,candidate,50,991,81,868,613
1,single-dirty-cell-160x50,candidate,51,1197,87,964,629
1,single-dirty-cell-160x50,candidate,52,906,76,833,569
1,single-dirty-cell-160x50,candidate,53,977,86,939,620
1,single-dirty-cell-160x50,candidate,54,909,75,694,463
1,single-dirty-cell-160x50,candidate,55,536,35,547,325
1,single-dirty-cell-160x50,candidate,56,696,57,698,410
1,single-dirty-cell-160x50,candidate,57,568,36,634,380
1,single-dirty-cell-160x50,candidate,58,691,44,684,427
1,single-dirty-cell-160x50,candidate,59,1094,73,1007,724
1,single-dirty-cell-160x50,candidate,60,1163,85,1095,692
1,single-dirty-cell-160x50,candidate,61,1119,80,1112,707
1,single-dirty-cell-160x50,candidate,62,1024,71,851,554
1,single-dirty-cell-160x50,candidate,63,1001,76,906,612
1,single-dirty-cell-160x50,candidate,64,889,76,927,552
1,single-dirty-cell-160x50,candidate,65,1105,64,1015,665
1,single-dirty-cell-160x50,candidate,66,959,82,1029,655
1,single-dirty-cell-160x50,candidate,67,930,78,915,608
1,single-dirty-cell-160x50,candidate,68,934,73,817,507
1,single-dirty-cell-160x50,candidate,69,981,78,963,643
1,single-dirty-cell-160x50,candidate,70,991,87,929,603
1,single-dirty-cell-160x50,candidate,71,991,81,907,627
1,single-dirty-cell-160x50,candidate,72,937,69,673,572
1,single-dirty-cell-160x50,candidate,73,897,78,895,598
1,single-dirty-cell-160x50,candidate,74,877,79,725,511
1,single-dirty-cell-160x50,candidate,75,627,62,723,426
1,single-dirty-cell-160x50,candidate,76,922,72,870,594
1,single-dirty-cell-160x50,candidate,77,956,80,811,513
1,single-dirty-cell-160x50,candidate,78,1054,78,886,625
1,single-dirty-cell-160x50,candidate,79,927,75,795,501
1,single-dirty-cell-160x50,candidate,80,1020,85,1004,634
1,single-dirty-cell-160x50,candidate,81,1027,81,960,628
1,single-dirty-cell-160x50,candidate,82,811,77,655,416
1,single-dirty-cell-160x50,candidate,83,825,61,824,485
1,single-dirty-cell-160x50,candidate,84,750,39,716,399
1,single-dirty-cell-160x50,candidate,85,922,56,950,568
1,single-dirty-cell-160x50,candidate,86,931,72,1066,645
1,single-dirty-cell-160x50,candidate,87,2193,176,1244,798
1,single-dirty-cell-160x50,candidate,88,1206,81,1021,703
1,single-dirty-cell-160x50,candidate,89,1079,83,916,559
1,single-dirty-cell-160x50,candidate,90,1798,106,1166,769
1,single-dirty-cell-160x50,candidate,91,1144,83,1117,700
1,single-dirty-cell-160x50,candidate,92,1103,86,1011,662
1,single-dirty-cell-160x50,candidate,93,1111,90,1002,676
1,single-dirty-cell-160x50,candidate,94,1064,82,1002,636
1,single-dirty-cell-160x50,candidate,95,2373,165,1324,832
1,single-dirty-cell-160x50,candidate,96,1034,92,1031,655
1,single-dirty-cell-160x50,candidate,97,970,81,991,653
1,single-dirty-cell-160x50,candidate,98,1009,92,949,624
1,single-dirty-cell-160x50,candidate,99,960,82,747,533
1,single-dirty-cell-160x50,candidate,100,1004,80,956,639
1,single-dirty-cell-160x50,candidate,101,1036,83,770,508
1,single-dirty-cell-160x50,candidate,102,968,75,858,556
1,single-dirty-cell-160x50,candidate,103,973,79,920,637
1,single-dirty-cell-160x50,candidate,104,880,72,812,584
1,single-dirty-cell-160x50,candidate,105,523,33,559,315
1,single-dirty-cell-160x50,candidate,106,701,52,733,446
1,single-dirty-cell-160x50,candidate,107,802,67,704,461
1,single-dirty-cell-160x50,candidate,108,612,42,585,375
1,single-dirty-cell-160x50,candidate,109,675,39,795,456
1,single-dirty-cell-160x50,candidate,110,943,58,1065,615
1,single-dirty-cell-160x50,candidate,111,933,64,776,506
1,single-dirty-cell-160x50,candidate,112,1122,82,1021,684
1,single-dirty-cell-160x50,candidate,113,1041,80,1114,771
1,single-dirty-cell-160x50,candidate,114,1145,82,1589,936
1,single-dirty-cell-160x50,candidate,115,1117,85,855,476
1,single-dirty-cell-160x50,candidate,116,1247,65,869,627
1,single-dirty-cell-160x50,candidate,117,996,59,984,606
1,single-dirty-cell-160x50,candidate,118,721,66,602,392
1,single-dirty-cell-160x50,candidate,119,368,27,408,242
1,single-dirty-cell-160x50,candidate,120,371,26,370,223
1,single-dirty-cell-160x50,candidate,121,413,32,463,274
1,single-dirty-cell-160x50,candidate,122,479,40,495,315
1,single-dirty-cell-160x50,candidate,123,397,31,419,255
1,single-dirty-cell-160x50,candidate,124,352,28,379,230
1,single-dirty-cell-160x50,candidate,125,492,37,464,289
1,single-dirty-cell-160x50,candidate,126,403,37,400,263
1,single-dirty-cell-160x50,candidate,127,481,38,545,324
1,single-dirty-cell-160x50,candidate,128,447,31,518,298
1,single-dirty-cell-160x50,candidate,129,675,177,25319,2372
1,text-input-burst-80x24,base,0,262,0,0,117
1,text-input-burst-80x24,base,1,1867,117,434,264
1,text-input-burst-80x24,base,2,117,0,0,114
1,text-input-burst-80x24,base,3,1329,124,386,255
1,text-input-burst-80x24,base,4,92,0,0,102
1,text-input-burst-80x24,base,5,1441,149,454,351
1,text-input-burst-80x24,base,6,125,0,0,115
1,text-input-burst-80x24,base,7,952,106,660,208
1,text-input-burst-80x24,base,8,104,0,0,99
1,text-input-burst-80x24,base,9,1733,149,498,387
1,text-input-burst-80x24,base,10,120,0,0,129
1,text-input-burst-80x24,base,11,1682,191,604,445
1,text-input-burst-80x24,base,12,248,0,0,233
1,text-input-burst-80x24,base,13,2125,307,842,624
1,text-input-burst-80x24,base,14,185,0,0,215
1,text-input-burst-80x24,base,15,2360,286,837,570
1,text-input-burst-80x24,base,16,198,0,0,222
1,text-input-burst-80x24,base,17,2020,254,642,451
1,text-input-burst-80x24,base,18,101,0,0,144
1,text-input-burst-80x24,base,19,2975,283,699,527
1,text-input-burst-80x24,base,20,111,0,0,148
1,text-input-burst-80x24,base,21,1701,280,746,555
1,text-input-burst-80x24,base,22,216,0,0,186
1,text-input-burst-80x24,base,23,1906,286,667,550
1,text-input-burst-80x24,base,24,80,0,0,122
1,text-input-burst-80x24,base,25,1693,283,740,540
1,text-input-burst-80x24,base,26,212,0,0,173
1,text-input-burst-80x24,base,27,1922,314,768,602
1,text-input-burst-80x24,base,28,125,0,0,179
1,text-input-burst-80x24,base,29,1809,289,754,604
1,text-input-burst-80x24,base,30,113,0,0,151
1,text-input-burst-80x24,base,31,961,131,408,273
1,text-input-burst-80x24,base,32,97,0,0,103
1,text-input-burst-80x24,base,33,1338,167,610,359
1,text-input-burst-80x24,base,34,147,0,0,164
1,text-input-burst-80x24,base,35,3142,557,557,503
1,text-input-burst-80x24,base,36,135,0,0,115
1,text-input-burst-80x24,base,37,3421,284,573,617
1,text-input-burst-80x24,base,38,77,0,0,82
1,text-input-burst-80x24,base,39,1269,223,1028,361
1,text-input-burst-80x24,base,40,334,0,0,281
1,text-input-burst-80x24,base,41,3631,259,641,512
1,text-input-burst-80x24,base,42,244,0,0,169
1,text-input-burst-80x24,base,43,1955,284,683,554
1,text-input-burst-80x24,base,44,275,0,0,223
1,text-input-burst-80x24,base,45,1637,257,714,558
1,text-input-burst-80x24,base,46,81,0,0,182
1,text-input-burst-80x24,base,47,1907,326,817,567
1,text-input-burst-80x24,base,48,210,0,0,303
1,text-input-burst-80x24,base,49,1246,152,456,286
1,text-input-burst-80x24,base,50,111,0,0,165
1,text-input-burst-80x24,base,51,626,104,298,207
1,text-input-burst-80x24,base,52,77,0,0,98
1,text-input-burst-80x24,base,53,545,92,263,190
1,text-input-burst-80x24,base,54,33,0,0,79
1,text-input-burst-80x24,base,55,578,108,313,222
1,text-input-burst-80x24,base,56,97,0,0,134
1,text-input-burst-80x24,base,57,633,120,318,223
1,text-input-burst-80x24,base,58,96,0,0,108
1,text-input-burst-80x24,base,59,617,100,307,183
1,text-input-burst-80x24,base,60,61,0,0,124
1,text-input-burst-80x24,base,61,783,133,353,253
1,text-input-burst-80x24,base,62,56,0,0,124
1,text-input-burst-80x24,base,63,777,125,359,250
1,text-input-burst-80x24,base,64,90,0,0,118
1,text-input-burst-80x24,base,65,1038,231,563,401
1,text-input-burst-80x24,base,66,173,0,0,234
1,text-input-burst-80x24,base,67,810,113,359,237
1,text-input-burst-80x24,base,68,60,0,0,129
1,text-input-burst-80x24,base,69,1314,229,539,461
1,text-input-burst-80x24,base,70,82,0,0,165
1,text-input-burst-80x24,base,71,1190,247,551,453
1,text-input-burst-80x24,base,72,107,0,0,153
1,text-input-burst-80x24,base,73,1169,255,669,449
1,text-input-burst-80x24,base,74,144,0,0,222
1,text-input-burst-80x24,base,75,812,126,411,254
1,text-input-burst-80x24,base,76,77,0,0,156
1,text-input-burst-80x24,base,77,1070,161,519,356
1,text-input-burst-80x24,base,78,88,0,0,193
1,text-input-burst-80x24,base,79,1622,249,809,507
1,text-input-burst-80x24,base,80,174,0,0,279
1,text-input-burst-80x24,base,81,2849,303,789,603
1,text-input-burst-80x24,base,82,175,0,0,270
1,text-input-burst-80x24,base,83,1802,295,714,558
1,text-input-burst-80x24,base,84,136,0,0,248
1,text-input-burst-80x24,base,85,1744,265,724,676
1,text-input-burst-80x24,base,86,69,0,0,192
1,text-input-burst-80x24,base,87,1379,242,514,372
1,text-input-burst-80x24,base,88,80,0,0,144
1,text-input-burst-80x24,base,89,539,102,315,182
1,text-input-burst-80x24,base,90,82,0,0,125
1,text-input-burst-80x24,base,91,646,114,327,215
1,text-input-burst-80x24,base,92,59,0,0,121
1,text-input-burst-80x24,base,93,782,119,341,255
1,text-input-burst-80x24,base,94,45,0,0,101
1,text-input-burst-80x24,base,95,775,124,434,242
1,text-input-burst-80x24,base,96,87,0,0,167
1,text-input-burst-80x24,base,97,1153,213,592,370
1,text-input-burst-80x24,base,98,122,0,0,226
1,text-input-burst-80x24,base,99,1370,263,640,516
1,text-input-burst-80x24,base,100,115,0,0,207
1,text-input-burst-80x24,base,101,1331,247,645,489
1,text-input-burst-80x24,base,102,131,0,0,191
1,text-input-burst-80x24,base,103,1468,270,739,486
1,text-input-burst-80x24,base,104,122,0,0,223
1,text-input-burst-80x24,base,105,1485,276,674,570
1,text-input-burst-80x24,base,106,93,0,0,219
1,text-input-burst-80x24,base,107,1677,305,791,533
1,text-input-burst-80x24,base,108,176,0,0,282
1,text-input-burst-80x24,base,109,1349,243,637,495
1,text-input-burst-80x24,base,110,65,0,0,164
1,text-input-burst-80x24,base,111,1658,296,759,564
1,text-input-burst-80x24,base,112,193,0,0,282
1,text-input-burst-80x24,base,113,1305,269,688,452
1,text-input-burst-80x24,base,114,167,0,0,257
1,text-input-burst-80x24,base,115,1365,230,732,503
1,text-input-burst-80x24,base,116,127,0,0,257
1,text-input-burst-80x24,base,117,1673,330,866,570
1,text-input-burst-80x24,base,118,294,0,0,278
1,text-input-burst-80x24,base,119,1393,302,756,483
1,text-input-burst-80x24,base,120,164,0,0,222
1,text-input-burst-80x24,base,121,1902,280,722,572
1,text-input-burst-80x24,base,122,100,0,0,207
1,text-input-burst-80x24,base,123,2759,299,842,580
1,text-input-burst-80x24,base,124,206,0,0,309
1,text-input-burst-80x24,base,125,1651,358,821,548
1,text-input-burst-80x24,base,126,243,0,0,309
1,text-input-burst-80x24,base,127,1449,266,775,622
1,text-input-burst-80x24,base,128,114,0,0,254
1,text-input-burst-80x24,base,129,1195,255,565,542
1,text-input-burst-80x24,base,130,80,0,0,161
1,text-input-burst-80x24,base,131,1127,185,672,380
1,text-input-burst-80x24,base,132,155,0,0,290
1,text-input-burst-80x24,base,133,1355,253,716,448
1,text-input-burst-80x24,base,134,133,0,0,222
1,text-input-burst-80x24,base,135,1576,294,799,546
1,text-input-burst-80x24,base,136,274,0,0,272
1,text-input-burst-80x24,base,137,1538,287,764,562
1,text-input-burst-80x24,base,138,74,0,0,174
1,text-input-burst-80x24,base,139,1587,316,849,548
1,text-input-burst-80x24,base,140,195,0,0,318
1,text-input-burst-80x24,base,141,1651,311,801,559
1,text-input-burst-80x24,base,142,205,0,0,312
1,text-input-burst-80x24,base,143,1416,281,731,554
1,text-input-burst-80x24,base,144,139,0,0,261
1,text-input-burst-80x24,base,145,1580,283,743,551
1,text-input-burst-80x24,base,146,213,0,0,246
1,text-input-burst-80x24,base,147,1351,298,796,545
1,text-input-burst-80x24,base,148,208,0,0,292
1,text-input-burst-80x24,base,149,832,151,447,277
1,text-input-burst-80x24,base,150,83,0,0,161
1,text-input-burst-80x24,base,151,986,178,539,325
1,text-input-burst-80x24,base,152,121,0,0,203
1,text-input-burst-80x24,base,153,1550,118,672,404
1,text-input-burst-80x24,base,154,111,0,0,237
1,text-input-burst-80x24,base,155,1367,99,654,381
1,text-input-burst-80x24,base,156,92,0,0,215
1,text-input-burst-80x24,base,157,1555,159,871,465
1,text-input-burst-80x24,base,158,218,0,0,287
1,text-input-burst-80x24,base,159,1596,131,806,415
1,text-input-burst-80x24,base,160,135,0,0,293
1,text-input-burst-80x24,base,161,1466,127,740,438
1,text-input-burst-80x24,base,162,104,0,0,251
1,text-input-burst-80x24,base,163,1650,119,696,454
1,text-input-burst-80x24,base,164,74,0,0,231
1,text-input-burst-80x24,base,165,1568,158,866,462
1,text-input-burst-80x24,base,166,136,0,0,318
1,text-input-burst-80x24,base,167,2332,149,742,449
1,text-input-burst-80x24,base,168,147,0,0,242
1,text-input-burst-80x24,base,169,1546,125,692,402
1,text-input-burst-80x24,base,170,87,0,0,230
1,text-input-burst-80x24,base,171,1598,120,732,452
1,text-input-burst-80x24,base,172,129,0,0,239
1,text-input-burst-80x24,base,173,3037,213,766,429
1,text-input-burst-80x24,base,174,152,0,0,215
1,text-input-burst-80x24,base,175,1596,138,757,457
1,text-input-burst-80x24,base,176,155,0,0,271
1,text-input-burst-80x24,base,177,1710,150,630,379
1,text-input-burst-80x24,base,178,63,0,0,196
1,text-input-burst-80x24,base,179,1590,150,840,451
1,text-input-burst-80x24,base,180,192,0,0,308
1,text-input-burst-80x24,base,181,1503,129,752,425
1,text-input-burst-80x24,base,182,136,0,0,282
1,text-input-burst-80x24,base,183,1547,132,671,462
1,text-input-burst-80x24,base,184,92,0,0,228
1,text-input-burst-80x24,base,185,1589,126,678,444
1,text-input-burst-80x24,base,186,71,0,0,211
1,text-input-burst-80x24,base,187,1523,147,792,436
1,text-input-burst-80x24,base,188,184,0,0,250
1,text-input-burst-80x24,base,189,1412,134,705,411
1,text-input-burst-80x24,base,190,114,0,0,235
1,text-input-burst-80x24,base,191,1457,130,719,379
1,text-input-burst-80x24,base,192,134,0,0,242
1,text-input-burst-80x24,base,193,1499,124,676,425
1,text-input-burst-80x24,base,194,114,0,0,215
1,text-input-burst-80x24,base,195,1472,141,779,434
1,text-input-burst-80x24,base,196,167,0,0,269
1,text-input-burst-80x24,base,197,1348,134,744,389
1,text-input-burst-80x24,base,198,158,0,0,299
1,text-input-burst-80x24,base,199,1304,119,716,400
1,text-input-burst-80x24,base,200,122,0,0,251
1,text-input-burst-80x24,base,201,1670,123,722,434
1,text-input-burst-80x24,base,202,91,0,0,229
1,text-input-burst-80x24,base,203,1393,143,713,496
1,text-input-burst-80x24,base,204,163,0,0,265
1,text-input-burst-80x24,base,205,1528,133,732,440
1,text-input-burst-80x24,base,206,246,0,0,270
1,text-input-burst-80x24,base,207,1227,120,567,388
1,text-input-burst-80x24,base,208,62,0,0,188
1,text-input-burst-80x24,base,209,1237,121,657,403
1,text-input-burst-80x24,base,210,109,0,0,229
1,text-input-burst-80x24,base,211,1275,134,698,403
1,text-input-burst-80x24,base,212,132,0,0,270
1,text-input-burst-80x24,base,213,1595,140,818,464
1,text-input-burst-80x24,base,214,121,0,0,272
1,text-input-burst-80x24,base,215,1497,161,819,420
1,text-input-burst-80x24,base,216,176,0,0,320
1,text-input-burst-80x24,base,217,2911,298,887,446
1,text-input-burst-80x24,base,218,183,0,0,316
1,text-input-burst-80x24,base,219,2263,144,761,452
1,text-input-burst-80x24,base,220,180,0,0,261
1,text-input-burst-80x24,base,221,1654,124,720,456
1,text-input-burst-80x24,base,222,81,0,0,224
1,text-input-burst-80x24,base,223,1407,118,746,474
1,text-input-burst-80x24,base,224,132,0,0,288
1,text-input-burst-80x24,base,225,1643,145,796,469
1,text-input-burst-80x24,base,226,158,0,0,308
1,text-input-burst-80x24,base,227,1042,110,521,346
1,text-input-burst-80x24,base,228,76,0,0,179
1,text-input-burst-80x24,base,229,1650,120,767,455
1,text-input-burst-80x24,base,230,75,0,0,228
1,text-input-burst-80x24,base,231,1439,135,778,391
1,text-input-burst-80x24,base,232,147,0,0,295
1,text-input-burst-80x24,base,233,1389,137,754,427
1,text-input-burst-80x24,base,234,111,0,0,268
1,text-input-burst-80x24,base,235,2175,119,624,465
1,text-input-burst-80x24,base,236,91,0,0,198
1,text-input-burst-80x24,base,237,1603,132,787,463
1,text-input-burst-80x24,base,238,109,0,0,212
1,text-input-burst-80x24,base,239,1422,145,768,436
1,text-input-burst-80x24,base,240,174,0,0,285
1,text-input-burst-80x24,base,241,1378,133,653,409
1,text-input-burst-80x24,base,242,110,0,0,256
1,text-input-burst-80x24,base,243,1403,128,731,401
1,text-input-burst-80x24,base,244,111,0,0,231
1,text-input-burst-80x24,base,245,1141,124,618,362
1,text-input-burst-80x24,base,246,112,0,0,215
1,text-input-burst-80x24,base,247,1279,118,611,418
1,text-input-burst-80x24,base,248,55,0,0,253
1,text-input-burst-80x24,base,249,1679,150,814,462
1,text-input-burst-80x24,base,250,171,0,0,288
1,text-input-burst-80x24,base,251,1774,132,749,459
1,text-input-burst-80x24,base,252,124,0,0,266
1,text-input-burst-80x24,base,253,2959,126,549,362
1,text-input-burst-80x24,base,254,85,0,0,191
1,text-input-burst-80x24,base,255,1721,153,817,385
1,text-input-burst-80x24,base,256,161,0,0,300
1,text-input-burst-80x24,base,257,1661,128,734,467
1,text-input-burst-80x24,base,258,118,0,0,258
1,text-input-burst-80x24,base,259,1616,131,730,487
1,text-input-burst-80x24,base,260,107,104,36518,3095
1,text-input-burst-80x24,candidate,0,1730,116,444,229
1,text-input-burst-80x24,candidate,1,92,0,0,105
1,text-input-burst-80x24,candidate,2,1317,119,375,238
1,text-input-burst-80x24,candidate,3,89,0,0,104
1,text-input-burst-80x24,candidate,4,1179,124,440,285
1,text-input-burst-80x24,candidate,5,128,0,0,127
1,text-input-burst-80x24,candidate,6,1581,146,480,312
1,text-input-burst-80x24,candidate,7,102,0,0,140
1,text-input-burst-80x24,candidate,8,1678,150,544,393
1,text-input-burst-80x24,candidate,9,88,0,0,172
1,text-input-burst-80x24,candidate,10,2017,245,664,568
1,text-input-burst-80x24,candidate,11,199,0,0,238
1,text-input-burst-80x24,candidate,12,2114,275,807,619
1,text-input-burst-80x24,candidate,13,79,0,0,176
1,text-input-burst-80x24,candidate,14,2076,265,678,573
1,text-input-burst-80x24,candidate,15,99,0,0,150
1,text-input-burst-80x24,candidate,16,1826,164,542,318
1,text-input-burst-80x24,candidate,17,84,0,0,141
1,text-input-burst-80x24,candidate,18,1584,189,552,384
1,text-input-burst-80x24,candidate,19,66,0,0,131
1,text-input-burst-80x24,candidate,20,1688,257,685,539
1,text-input-burst-80x24,candidate,21,75,0,0,143
1,text-input-burst-80x24,candidate,22,1811,308,780,565
1,text-input-burst-80x24,candidate,23,131,0,0,194
1,text-input-burst-80x24,candidate,24,2085,310,791,585
1,text-input-burst-80x24,candidate,25,119,0,0,187
1,text-input-burst-80x24,candidate,26,1626,275,682,540
1,text-input-burst-80x24,candidate,27,61,0,0,144
1,text-input-burst-80x24,candidate,28,1187,128,418,469
1,text-input-burst-80x24,candidate,29,51,0,0,99
1,text-input-burst-80x24,candidate,30,1132,159,551,333
1,text-input-burst-80x24,candidate,31,76,0,0,158
1,text-input-burst-80x24,candidate,32,1626,258,694,452
1,text-input-burst-80x24,candidate,33,90,0,0,174
1,text-input-burst-80x24,candidate,34,1777,280,748,513
1,text-input-burst-80x24,candidate,35,93,0,0,158
1,text-input-burst-80x24,candidate,36,3044,289,778,647
1,text-input-burst-80x24,candidate,37,91,0,0,155
1,text-input-burst-80x24,candidate,38,1388,302,732,501
1,text-input-burst-80x24,candidate,39,131,0,0,197
1,text-input-burst-80x24,candidate,40,1640,184,415,241
1,text-input-burst-80x24,candidate,41,49,0,0,80
1,text-input-burst-80x24,candidate,42,1381,169,587,365
1,text-input-burst-80x24,candidate,43,173,0,0,217
1,text-input-burst-80x24,candidate,44,1550,237,755,531
1,text-input-burst-80x24,candidate,45,60,0,0,208
1,text-input-burst-80x24,candidate,46,1659,319,782,564
1,text-input-burst-80x24,candidate,47,152,0,0,300
1,text-input-burst-80x24,candidate,48,629,108,319,200
1,text-input-burst-80x24,candidate,49,66,0,0,115
1,text-input-burst-80x24,candidate,50,578,103,309,197
1,text-input-burst-80x24,candidate,51,48,0,0,114
1,text-input-burst-80x24,candidate,52,553,93,275,203
1,text-input-burst-80x24,candidate,53,29,0,0,91
1,text-input-burst-80x24,candidate,54,532,116,293,185
1,text-input-burst-80x24,candidate,55,94,0,0,121
1,text-input-burst-80x24,candidate,56,496,99,290,188
1,text-input-burst-80x24,candidate,57,64,0,0,117
1,text-input-burst-80x24,candidate,58,737,119,377,230
1,text-input-burst-80x24,candidate,59,52,0,0,127
1,text-input-burst-80x24,candidate,60,821,133,393,259
1,text-input-burst-80x24,candidate,61,85,0,0,120
1,text-input-burst-80x24,candidate,62,812,143,430,263
1,text-input-burst-80x24,candidate,63,134,0,0,167
1,text-input-burst-80x24,candidate,64,986,160,530,358
1,text-input-burst-80x24,candidate,65,71,0,0,200
1,text-input-burst-80x24,candidate,66,1170,235,592,435
1,text-input-burst-80x24,candidate,67,89,0,0,217
1,text-input-burst-80x24,candidate,68,1290,251,641,464
1,text-input-burst-80x24,candidate,69,51,0,0,200
1,text-input-burst-80x24,candidate,70,1363,313,720,473
1,text-input-burst-80x24,candidate,71,112,0,0,281
1,text-input-burst-80x24,candidate,72,1388,284,708,483
1,text-input-burst-80x24,candidate,73,85,0,0,232
1,text-input-burst-80x24,candidate,74,1360,281,683,504
1,text-input-burst-80x24,candidate,75,77,0,0,241
1,text-input-burst-80x24,candidate,76,1619,307,785,639
1,text-input-burst-80x24,candidate,77,55,0,0,218
1,text-input-burst-80x24,candidate,78,3001,304,667,447
1,text-input-burst-80x24,candidate,79,122,0,0,209
1,text-input-burst-80x24,candidate,80,1547,237,666,380
1,text-input-burst-80x24,candidate,81,98,0,0,188
1,text-input-burst-80x24,candidate,82,2473,242,693,487
1,text-input-burst-80x24,candidate,83,54,0,0,199
1,text-input-burst-80x24,candidate,84,1687,330,875,549
1,text-input-burst-80x24,candidate,85,129,0,0,330
1,text-input-burst-80x24,candidate,86,1434,276,766,489
1,text-input-burst-80x24,candidate,87,95,0,0,263
1,text-input-burst-80x24,candidate,88,1502,296,780,569
1,text-input-burst-80x24,candidate,89,100,0,0,283
1,text-input-burst-80x24,candidate,90,2038,236,511,417
1,text-input-burst-80x24,candidate,91,127,0,0,127
1,text-input-burst-80x24,candidate,92,2467,316,826,560
1,text-input-burst-80x24,candidate,93,131,0,0,287
1,text-input-burst-80x24,candidate,94,1394,294,833,519
1,text-input-burst-80x24,candidate,95,121,0,0,285
1,text-input-burst-80x24,candidate,96,1322,270,650,510
1,text-input-burst-80x24,candidate,97,53,0,0,173
1,text-input-burst-80x24,candidate,98,1488,294,742,537
1,text-input-burst-80x24,candidate,99,112,0,0,263
1,text-input-burst-80x24,candidate,100,1420,293,788,524
1,text-input-burst-80x24,candidate,101,98,0,0,277
1,text-input-burst-80x24,candidate,102,1440,294,748,484
1,text-input-burst-80x24,candidate,103,115,0,0,269
1,text-input-burst-80x24,candidate,104,1377,291,641,533
1,text-input-burst-80x24,candidate,105,55,0,0,210
1,text-input-burst-80x24,candidate,106,1466,250,620,525
1,text-input-burst-80x24,candidate,107,46,0,0,171
1,text-input-burst-80x24,candidate,108,902,142,433,283
1,text-input-burst-80x24,candidate,109,76,0,0,159
1,text-input-burst-80x24,candidate,110,931,196,450,335
1,text-input-burst-80x24,candidate,111,151,0,0,144
1,text-input-burst-80x24,candidate,112,957,170,472,309
1,text-input-burst-80x24,candidate,113,79,0,0,178
1,text-input-burst-80x24,candidate,114,1103,208,538,427
1,text-input-burst-80x24,candidate,115,60,0,0,135
1,text-input-burst-80x24,candidate,116,940,146,485,320
1,text-input-burst-80x24,candidate,117,38,0,0,144
1,text-input-burst-80x24,candidate,118,1048,168,558,344
1,text-input-burst-80x24,candidate,119,63,0,0,194
1,text-input-burst-80x24,candidate,120,1411,237,686,443
1,text-input-burst-80x24,candidate,121,74,0,0,233
1,text-input-burst-80x24,candidate,122,1611,267,672,545
1,text-input-burst-80x24,candidate,123,46,0,0,183
1,text-input-burst-80x24,candidate,124,1389,313,790,528
1,text-input-burst-80x24,candidate,125,200,0,0,282
1,text-input-burst-80x24,candidate,126,1283,279,738,510
1,text-input-burst-80x24,candidate,127,106,0,0,269
1,text-input-burst-80x24,candidate,128,1448,265,684,583
1,text-input-burst-80x24,candidate,129,70,0,0,252
1,text-input-burst-80x24,candidate,130,1446,277,722,520
1,text-input-burst-80x24,candidate,131,52,0,0,225
1,text-input-burst-80x24,candidate,132,2350,332,855,573
1,text-input-burst-80x24,candidate,133,169,0,0,333
1,text-input-burst-80x24,candidate,134,1311,318,725,507
1,text-input-burst-80x24,candidate,135,223,0,0,267
1,text-input-burst-80x24,candidate,136,1356,293,784,510
1,text-input-burst-80x24,candidate,137,107,0,0,284
1,text-input-burst-80x24,candidate,138,1487,288,693,590
1,text-input-burst-80x24,candidate,139,56,0,0,206
1,text-input-burst-80x24,candidate,140,1549,266,796,595
1,text-input-burst-80x24,candidate,141,127,0,0,320
1,text-input-burst-80x24,candidate,142,2563,287,697,573
1,text-input-burst-80x24,candidate,143,96,0,0,231
1,text-input-burst-80x24,candidate,144,1617,290,775,564
1,text-input-burst-80x24,candidate,145,64,0,0,188
1,text-input-burst-80x24,candidate,146,1331,287,786,491
1,text-input-burst-80x24,candidate,147,92,0,0,304
1,text-input-burst-80x24,candidate,148,1675,340,808,581
1,text-input-burst-80x24,candidate,149,168,0,0,286
1,text-input-burst-80x24,candidate,150,2733,285,747,537
1,text-input-burst-80x24,candidate,151,56,0,0,182
1,text-input-burst-80x24,candidate,152,1728,157,810,447
1,text-input-burst-80x24,candidate,153,115,0,0,289
1,text-input-burst-80x24,candidate,154,1507,151,816,408
1,text-input-burst-80x24,candidate,155,136,0,0,315
1,text-input-burst-80x24,candidate,156,1548,143,762,467
1,text-input-burst-80x24,candidate,157,86,0,0,251
1,text-input-burst-80x24,candidate,158,1512,123,700,425
1,text-input-burst-80x24,candidate,159,41,0,0,217
1,text-input-burst-80x24,candidate,160,1380,148,773,401
1,text-input-burst-80x24,candidate,161,111,0,0,285
1,text-input-burst-80x24,candidate,162,1405,124,659,401
1,text-input-burst-80x24,candidate,163,81,0,0,233
1,text-input-burst-80x24,candidate,164,1500,126,698,399
1,text-input-burst-80x24,candidate,165,53,0,0,233
1,text-input-burst-80x24,candidate,166,1262,155,700,396
1,text-input-burst-80x24,candidate,167,151,0,0,280
1,text-input-burst-80x24,candidate,168,2472,147,726,469
1,text-input-burst-80x24,candidate,169,138,0,0,282
1,text-input-burst-80x24,candidate,170,1504,127,729,425
1,text-input-burst-80x24,candidate,171,58,0,0,252
1,text-input-burst-80x24,candidate,172,1562,118,719,458
1,text-input-burst-80x24,candidate,173,46,0,0,201
1,text-input-burst-80x24,candidate,174,1417,148,820,474
1,text-input-burst-80x24,candidate,175,131,0,0,291
1,text-input-burst-80x24,candidate,176,2172,164,737,452
1,text-input-burst-80x24,candidate,177,129,0,0,258
1,text-input-burst-80x24,candidate,178,1465,129,779,419
1,text-input-burst-80x24,candidate,179,64,0,0,256
1,text-input-burst-80x24,candidate,180,1325,151,794,420
1,text-input-burst-80x24,candidate,181,98,0,0,313
1,text-input-burst-80x24,candidate,182,1263,142,690,387
1,text-input-burst-80x24,candidate,183,207,0,0,265
1,text-input-burst-80x24,candidate,184,1232,119,616,390
1,text-input-burst-80x24,candidate,185,65,0,0,214
1,text-input-burst-80x24,candidate,186,1175,115,599,415
1,text-input-burst-80x24,candidate,187,61,0,0,213
1,text-input-burst-80x24,candidate,188,1221,105,611,362
1,text-input-burst-80x24,candidate,189,35,0,0,177
1,text-input-burst-80x24,candidate,190,1179,135,665,380
1,text-input-burst-80x24,candidate,191,90,0,0,257
1,text-input-burst-80x24,candidate,192,1285,131,672,406
1,text-input-burst-80x24,candidate,193,154,0,0,251
1,text-input-burst-80x24,candidate,194,1366,128,704,405
1,text-input-burst-80x24,candidate,195,66,0,0,237
1,text-input-burst-80x24,candidate,196,1499,143,836,459
1,text-input-burst-80x24,candidate,197,96,0,0,284
1,text-input-burst-80x24,candidate,198,1571,167,794,470
1,text-input-burst-80x24,candidate,199,100,0,0,288
1,text-input-burst-80x24,candidate,200,2759,118,680,415
1,text-input-burst-80x24,candidate,201,49,0,0,224
1,text-input-burst-80x24,candidate,202,1425,142,749,475
1,text-input-burst-80x24,candidate,203,106,0,0,290
1,text-input-burst-80x24,candidate,204,1612,149,783,436
1,text-input-burst-80x24,candidate,205,249,0,0,289
1,text-input-burst-80x24,candidate,206,1652,113,752,453
1,text-input-burst-80x24,candidate,207,65,0,0,262
1,text-input-burst-80x24,candidate,208,1483,158,813,526
1,text-input-burst-80x24,candidate,209,119,0,0,311
1,text-input-burst-80x24,candidate,210,1585,133,710,451
1,text-input-burst-80x24,candidate,211,86,0,0,253
1,text-input-burst-80x24,candidate,212,1353,141,759,436
1,text-input-burst-80x24,candidate,213,69,0,0,254
1,text-input-burst-80x24,candidate,214,1497,157,877,465
1,text-input-burst-80x24,candidate,215,136,0,0,322
1,text-input-burst-80x24,candidate,216,1582,152,819,419
1,text-input-burst-80x24,candidate,217,103,0,0,270
1,text-input-burst-80x24,candidate,218,1464,123,643,407
1,text-input-burst-80x24,candidate,219,61,0,0,221
1,text-input-burst-80x24,candidate,220,1608,164,891,454
1,text-input-burst-80x24,candidate,221,143,0,0,351
1,text-input-burst-80x24,candidate,222,1541,145,748,410
1,text-input-burst-80x24,candidate,223,118,0,0,281
1,text-input-burst-80x24,candidate,224,1999,104,483,244
1,text-input-burst-80x24,candidate,225,48,0,0,119
1,text-input-burst-80x24,candidate,226,1785,128,746,511
1,text-input-burst-80x24,candidate,227,63,0,0,232
1,text-input-burst-80x24,candidate,228,2390,134,810,392
1,text-input-burst-80x24,candidate,229,145,0,0,309
1,text-input-burst-80x24,candidate,230,1416,143,780,435
1,text-input-burst-80x24,candidate,231,85,0,0,276
1,text-input-burst-80x24,candidate,232,2245,131,774,470
1,text-input-burst-80x24,candidate,233,88,0,0,224
1,text-input-burst-80x24,candidate,234,1992,106,667,475
1,text-input-burst-80x24,candidate,235,52,0,0,224
1,text-input-burst-80x24,candidate,236,1191,127,676,322
1,text-input-burst-80x24,candidate,237,116,0,0,242
1,text-input-burst-80x24,candidate,238,1467,137,771,434
1,text-input-burst-80x24,candidate,239,99,0,0,280
1,text-input-burst-80x24,candidate,240,1456,125,680,421
1,text-input-burst-80x24,candidate,241,54,0,0,240
1,text-input-burst-80x24,candidate,242,2815,119,769,548
1,text-input-burst-80x24,candidate,243,59,0,0,266
1,text-input-burst-80x24,candidate,244,2398,144,783,478
1,text-input-burst-80x24,candidate,245,133,0,0,254
1,text-input-burst-80x24,candidate,246,1488,127,707,431
1,text-input-burst-80x24,candidate,247,85,0,0,240
1,text-input-burst-80x24,candidate,248,1603,117,790,462
1,text-input-burst-80x24,candidate,249,56,0,0,232
1,text-input-burst-80x24,candidate,250,1744,143,868,450
1,text-input-burst-80x24,candidate,251,117,0,0,314
1,text-input-burst-80x24,candidate,252,1541,142,779,425
1,text-input-burst-80x24,candidate,253,89,0,0,283
1,text-input-burst-80x24,candidate,254,1736,148,826,466
1,text-input-burst-80x24,candidate,255,116,0,0,282
1,text-input-burst-80x24,candidate,256,1523,156,818,440
1,text-input-burst-80x24,candidate,257,187,0,0,305
1,text-input-burst-80x24,candidate,258,1648,143,775,466
1,text-input-burst-80x24,candidate,259,84,89,35813,2696
2,cursor-blink-80x24,base,0,1883,54,252,236
2,cursor-blink-80x24,base,1,1259,41,304,326
2,cursor-blink-80x24,base,2,1129,41,313,275
2,cursor-blink-80x24,base,3,1384,50,344,333
2,cursor-blink-80x24,base,4,1303,43,334,295
2,cursor-blink-80x24,base,5,1469,46,389,371
2,cursor-blink-80x24,base,6,1470,44,411,352
2,cursor-blink-80x24,base,7,2009,57,492,439
2,cursor-blink-80x24,base,8,1868,58,436,388
2,cursor-blink-80x24,base,9,1910,88,704,632
2,cursor-blink-80x24,base,10,3198,102,530,521
2,cursor-blink-80x24,base,11,1859,91,640,611
2,cursor-blink-80x24,base,12,1902,103,722,661
2,cursor-blink-80x24,base,13,1775,105,781,675
2,cursor-blink-80x24,base,14,1562,96,502,504
2,cursor-blink-80x24,base,15,1622,94,671,622
2,cursor-blink-80x24,base,16,1565,90,665,551
2,cursor-blink-80x24,base,17,1561,119,462,500
2,cursor-blink-80x24,base,18,1536,78,571,537
2,cursor-blink-80x24,base,19,1601,103,537,582
2,cursor-blink-80x24,base,20,1097,55,448,384
2,cursor-blink-80x24,base,21,1599,70,431,465
2,cursor-blink-80x24,base,22,1532,76,498,459
2,cursor-blink-80x24,base,23,2132,135,695,667
2,cursor-blink-80x24,base,24,1724,92,733,613
2,cursor-blink-80x24,base,25,2046,110,673,666
2,cursor-blink-80x24,base,26,1565,105,609,553
2,cursor-blink-80x24,base,27,1794,109,706,665
2,cursor-blink-80x24,base,28,1655,103,633,598
2,cursor-blink-80x24,base,29,1552,102,630,591
2,cursor-blink-80x24,base,30,1790,111,544,551
2,cursor-blink-80x24,base,31,1806,113,720,711
2,cursor-blink-80x24,base,32,1325,93,492,387
2,cursor-blink-80x24,base,33,539,39,249,253
2,cursor-blink-80x24,base,34,685,37,296,241
2,cursor-blink-80x24,base,35,523,36,242,214
2,cursor-blink-80x24,base,36,665,37,283,244
2,cursor-blink-80x24,base,37,556,39,251,234
2,cursor-blink-80x24,base,38,600,33,275,219
2,cursor-blink-80x24,base,39,618,40,237,234
2,cursor-blink-80x24,base,40,709,41,300,276
2,cursor-blink-80x24,base,41,763,47,373,322
2,cursor-blink-80x24,base,42,998,70,414,393
2,cursor-blink-80x24,base,43,1301,93,492,445
2,cursor-blink-80x24,base,44,839,47,291,285
2,cursor-blink-80x24,base,45,1173,68,491,435
2,cursor-blink-80x24,base,46,1443,79,443,437
2,cursor-blink-80x24,base,47,1528,92,674,666
2,cursor-blink-80x24,base,48,1644,101,571,546
2,cursor-blink-80x24,base,49,1798,113,794,716
2,cursor-blink-80x24,base,50,1716,117,738,658
2,cursor-blink-80x24,base,51,1629,112,706,628
2,cursor-blink-80x24,base,52,1582,108,513,532
2,cursor-blink-80x24,base,53,1479,112,664,647
2,cursor-blink-80x24,base,54,1427,106,652,608
2,cursor-blink-80x24,base,55,1476,110,720,629
2,cursor-blink-80x24,base,56,1240,97,520,568
2,cursor-blink-80x24,base,57,1367,87,598,587
2,cursor-blink-80x24,base,58,1580,113,667,608
2,cursor-blink-80x24,base,59,1711,111,963,826
2,cursor-blink-80x24,base,60,1714,108,784,667
2,cursor-blink-80x24,base,61,2247,121,693,673
2,cursor-blink-80x24,base,62,1400,105,575,512
2,cursor-blink-80x24,base,63,1059,87,685,537
2,cursor-blink-80x24,base,64,1565,104,670,601
2,cursor-blink-80x24,base,65,1522,94,676,669
2,cursor-blink-80x24,base,66,1516,109,575,557
2,cursor-blink-80x24,base,67,1369,126,647,639
2,cursor-blink-80x24,base,68,1362,100,635,567
2,cursor-blink-80x24,base,69,1381,96,516,574
2,cursor-blink-80x24,base,70,1484,102,656,636
2,cursor-blink-80x24,base,71,1466,111,670,653
2,cursor-blink-80x24,base,72,1416,101,721,614
2,cursor-blink-80x24,base,73,1257,107,501,542
2,cursor-blink-80x24,base,74,1165,93,585,518
2,cursor-blink-80x24,base,75,1180,97,630,594
2,cursor-blink-80x24,base,76,1232,97,428,429
2,cursor-blink-80x24,base,77,1279,106,639,616
2,cursor-blink-80x24,base,78,1233,118,646,541
2,cursor-blink-80x24,base,79,1456,100,658,635
2,cursor-blink-80x24,base,80,1353,98,542,500
2,cursor-blink-80x24,base,81,1407,94,616,621
2,cursor-blink-80x24,base,82,1397,101,672,605
2,cursor-blink-80x24,base,83,1581,110,694,638
2,cursor-blink-80x24,base,84,1546,98,785,692
2,cursor-blink-80x24,base,85,1606,117,687,661
2,cursor-blink-80x24,base,86,1511,101,697,612
2,cursor-blink-80x24,base,87,1342,103,530,558
2,cursor-blink-80x24,base,88,1573,96,670,660
2,cursor-blink-80x24,base,89,1581,127,651,663
2,cursor-blink-80x24,base,90,565,36,265,221
2,cursor-blink-80x24,base,91,1194,62,623,533
2,cursor-blink-80x24,base,92,1361,65,441,430
2,cursor-blink-80x24,base,93,2690,174,942,1386
2,cursor-blink-80x24,base,94,1689,109,651,627
2,cursor-blink-80x24,base,95,3055,114,717,722
2,cursor-blink-80x24,base,96,1612,107,676,608
2,cursor-blink-80x24,base,97,1514,97,708,682
2,cursor-blink-80x24,base,98,2436,111,608,642
2,cursor-blink-80x24,base,99,1574,107,731,596
2,cursor-blink-80x24,base,100,1476,97,660,584
2,cursor-blink-80x24,base,101,1384,105,750,616
2,cursor-blink-80x24,base,102,1216,98,484,501
2,cursor-blink-80x24,base,103,1418,112,687,656
2,cursor-blink-80x24,base,104,1385,101,576,525
2,cursor-blink-80x24,base,105,1356,113,612,606
2,cursor-blink-80x24,base,106,1386,117,630,616
2,cursor-blink-80x24,base,107,1514,108,1347,830
2,cursor-blink-80x24,base,108,1028,96,513,450
2,cursor-blink-80x24,base,109,1604,87,689,683
2,cursor-blink-80x24,base,110,1453,100,608,543
2,cursor-blink-80x24,base,111,1128,75,520,540
2,cursor-blink-80x24,base,112,1315,99,611,610
2,cursor-blink-80x24,base,113,1386,103,534,537
2,cursor-blink-80x24,base,114,1333,78,664,571
2,cursor-blink-80x24,base,115,1385,121,673,653
2,cursor-blink-80x24,base,116,1271,99,498,496
2,cursor-blink-80x24,base,117,1332,92,608,630
2,cursor-blink-80x24,base,118,1575,109,731,641
2,cursor-blink-80x24,base,119,2810,121,667,657
2,cursor-blink-80x24,base,120,1491,102,727,640
2,cursor-blink-80x24,base,121,1549,107,559,598
2,cursor-blink-80x24,base,122,2811,108,666,608
2,cursor-blink-80x24,base,123,2481,120,697,651
2,cursor-blink-80x24,base,124,1337,99,639,575
2,cursor-blink-80x24,base,125,1327,106,718,612
2,cursor-blink-80x24,base,126,1335,98,473,546
2,cursor-blink-80x24,base,127,1536,105,659,594
2,cursor-blink-80x24,base,128,2360,133,941,686
2,cursor-blink-80x24,base,129,3147,229,24829,2763
2,cursor-blink-80x24,candidate,0,208,0,0,117
2,cursor-blink-80x24,candidate,1,1854,49,292,250
2,cursor-blink-80x24,candidate,2,1206,40,308,281
2,cursor-blink-80x24,candidate,3,1114,38,254,268
2,cursor-blink-80x24,candidate,4,1306,49,348,328
2,cursor-blink-80x24,candidate,5,1276,43,406,292
2,cursor-blink-80x24,candidate,6,1559,57,433,396
2,cursor-blink-80x24,candidate,7,1959,85,557,511
2,cursor-blink-80x24,candidate,8,1844,106,455,472
2,cursor-blink-80x24,candidate,9,2138,107,682,605
2,cursor-blink-80x24,candidate,10,1956,119,729,622
2,cursor-blink-80x24,candidate,11,1478,106,523,486
2,cursor-blink-80x24,candidate,12,1981,126,704,705
2,cursor-blink-80x24,candidate,13,3175,92,729,611
2,cursor-blink-80x24,candidate,14,1873,112,738,691
2,cursor-blink-80x24,candidate,15,2994,108,667,630
2,cursor-blink-80x24,candidate,16,3078,118,709,686
2,cursor-blink-80x24,candidate,17,1709,111,696,602
2,cursor-blink-80x24,candidate,18,1872,119,516,562
2,cursor-blink-80x24,candidate,19,1152,53,405,375
2,cursor-blink-80x24,candidate,20,1394,69,459,441
2,cursor-blink-80x24,candidate,21,2887,91,575,499
2,cursor-blink-80x24,candidate,22,2640,115,680,691
2,cursor-blink-80x24,candidate,23,1610,110,655,549
2,cursor-blink-80x24,candidate,24,1526,106,693,626
2,cursor-blink-80x24,candidate,25,1708,110,721,593
2,cursor-blink-80x24,candidate,26,3290,275,630,627
2,cursor-blink-80x24,candidate,27,2508,96,705,612
2,cursor-blink-80x24,candidate,28,1550,112,685,660
2,cursor-blink-80x24,candidate,29,1663,113,653,627
2,cursor-blink-80x24,candidate,30,1569,115,542,583
2,cursor-blink-80x24,candidate,31,625,36,243,226
2,cursor-blink-80x24,candidate,32,653,40,287,251
2,cursor-blink-80x24,candidate,33,518,35,217,203
2,cursor-blink-80x24,candidate,34,546,42,272,249
2,cursor-blink-80x24,candidate,35,548,38,244,220
2,cursor-blink-80x24,candidate,36,581,42,276,250
2,cursor-blink-80x24,candidate,37,656,28,271,209
2,cursor-blink-80x24,candidate,38,636,43,234,242
2,cursor-blink-80x24,candidate,39,735,44,348,297
2,cursor-blink-80x24,candidate,40,883,69,347,357
2,cursor-blink-80x24,candidate,41,733,45,313,279
2,cursor-blink-80x24,candidate,42,801,51,335,317
2,cursor-blink-80x24,candidate,43,1068,80,556,495
2,cursor-blink-80x24,candidate,44,1309,124,647,592
2,cursor-blink-80x24,candidate,45,1223,96,577,528
2,cursor-blink-80x24,candidate,46,1252,106,626,584
2,cursor-blink-80x24,candidate,47,1488,108,433,478
2,cursor-blink-80x24,candidate,48,1526,112,682,641
2,cursor-blink-80x24,candidate,49,1261,95,502,449
2,cursor-blink-80x24,candidate,50,1595,116,645,626
2,cursor-blink-80x24,candidate,51,1610,116,686,630
2,cursor-blink-80x24,candidate,52,1898,126,667,685
2,cursor-blink-80x24,candidate,53,1485,89,647,576
2,cursor-blink-80x24,candidate,54,1610,114,672,649
2,cursor-blink-80x24,candidate,55,1625,112,537,553
2,cursor-blink-80x24,candidate,56,1776,117,745,686
2,cursor-blink-80x24,candidate,57,1241,96,483,486
2,cursor-blink-80x24,candidate,58,1594,105,725,647
2,cursor-blink-80x24,candidate,59,930,48,372,337
2,cursor-blink-80x24,candidate,60,1439,68,569,522
2,cursor-blink-80x24,candidate,61,1300,89,493,434
2,cursor-blink-80x24,candidate,62,596,38,273,239
2,cursor-blink-80x24,candidate,63,548,40,278,240
2,cursor-blink-80x24,candidate,64,650,50,276,266
2,cursor-blink-80x24,candidate,65,1009,74,507,430
2,cursor-blink-80x24,candidate,66,1088,98,467,487
2,cursor-blink-80x24,candidate,67,1156,96,555,486
2,cursor-blink-80x24,candidate,68,1181,116,567,535
2,cursor-blink-80x24,candidate,69,1082,79,547,476
2,cursor-blink-80x24,candidate,70,1383,108,692,656
2,cursor-blink-80x24,candidate,71,1231,98,631,591
2,cursor-blink-80x24,candidate,72,1292,102,658,590
2,cursor-blink-80x24,candidate,73,1231,99,470,433
2,cursor-blink-80x24,candidate,74,734,47,356,336
2,cursor-blink-80x24,candidate,75,982,56,380,349
2,cursor-blink-80x24,candidate,76,1442,84,675,548
2,cursor-blink-80x24,candidate,77,1593,113,571,558
2,cursor-blink-80x24,candidate,78,1665,118,748,714
2,cursor-blink-80x24,candidate,79,1457,114,756,649
2,cursor-blink-80x24,candidate,80,996,94,447,466
2,cursor-blink-80x24,candidate,81,1124,59,490,450
2,cursor-blink-80x24,candidate,82,1175,66,408,418
2,cursor-blink-80x24,candidate,83,1442,108,588,519
2,cursor-blink-80x24,candidate,84,1463,116,727,699
2,cursor-blink-80x24,candidate,85,1368,115,517,482
2,cursor-blink-80x24,candidate,86,1326,124,739,673
2,cursor-blink-80x24,candidate,87,2439,124,682,647
2,cursor-blink-80x24,candidate,88,1652,117,721,714
2,cursor-blink-80x24,candidate,89,3020,208,657,577
2,cursor-blink-80x24,candidate,90,1562,119,674,667
2,cursor-blink-80x24,candidate,91,1491,106,707,604
2,cursor-blink-80x24,candidate,92,1435,113,659,626
2,cursor-blink-80x24,candidate,93,1509,107,706,627
2,cursor-blink-80x24,candidate,94,1299,109,677,663
2,cursor-blink-80x24,candidate,95,1442,91,639,565
2,cursor-blink-80x24,candidate,96,1346,105,650,628
2,cursor-blink-80x24,candidate,97,1326,107,557,477
2,cursor-blink-80x24,candidate,98,829,55,410,366
2,cursor-blink-80x24,candidate,99,954,67,358,378
2,cursor-blink-80x24,candidate,100,1221,96,703,558
2,cursor-blink-80x24,candidate,101,1377,98,456,469
2,cursor-blink-80x24,candidate,102,1395,99,617,613
2,cursor-blink-80x24,candidate,103,1325,99,466,487
2,cursor-blink-80x24,candidate,104,1306,114,680,598
2,cursor-blink-80x24,candidate,105,1209,102,697,567
2,cursor-blink-80x24,candidate,106,1354,112,649,646
2,cursor-blink-80x24,candidate,107,1563,114,500,486
2,cursor-blink-80x24,candidate,108,1524,119,771,624
2,cursor-blink-80x24,candidate,109,2502,104,695,610
2,cursor-blink-80x24,candidate,110,1099,97,685,603
2,cursor-blink-80x24,candidate,111,1462,106,550,529
2,cursor-blink-80x24,candidate,112,1208,104,762,615
2,cursor-blink-80x24,candidate,113,1443,109,705,605
2,cursor-blink-80x24,candidate,114,1489,115,673,638
2,cursor-blink-80x24,candidate,115,1391,104,615,518
2,cursor-blink-80x24,candidate,116,1331,115,668,623
2,cursor-blink-80x24,candidate,117,1315,103,647,590
2,cursor-blink-80x24,candidate,118,1336,112,664,639
2,cursor-blink-80x24,candidate,119,1321,102,523,481
2,cursor-blink-80x24,candidate,120,2501,105,651,643
2,cursor-blink-80x24,candidate,121,3039,113,603,540
2,cursor-blink-80x24,candidate,122,1620,123,692,666
2,cursor-blink-80x24,candidate,123,1204,87,653,568
2,cursor-blink-80x24,candidate,124,1327,118,715,659
2,cursor-blink-80x24,candidate,125,1330,106,537,506
2,cursor-blink-80x24,candidate,126,1343,112,671,599
2,cursor-blink-80x24,candidate,127,1400,101,649,594
2,cursor-blink-80x24,candidate,128,1653,110,624,613
2,cursor-blink-80x24,candidate,129,1236,89,419,395
2,cursor-blink-80x24,candidate,130,1039,166,24624,2286
2,full-frame-churn-160x50,base,0,622,0,0,150
2,full-frame-churn-160x50,base,1,5068,66,1305,466
2,full-frame-churn-160x50,base,2,3541,72,1497,521
2,full-frame-churn-160x50,base,3,2821,72,1532,545
2,full-frame-churn-160x50,base,4,3278,89,1655,587
2,full-frame-churn-160x50,base,5,3102,75,1642,567
2,full-frame-churn-160x50,base,6,2854,77,1654,567
2,full-frame-churn-160x50,base,7,3025,93,1620,542
2,full-frame-churn-160x50,base,8,3442,95,1832,593
2,full-frame-churn-160x50,base,9,3428,93,1826,612
2,full-frame-churn-160x50,base,10,3547,85,2078,679
2,full-frame-churn-160x50,base,11,3635,122,2142,751
2,full-frame-churn-160x50,base,12,3766,119,2292,770
2,full-frame-churn-160x50,base,13,3598,106,2186,706
2,full-frame-churn-160x50,base,14,2654,81,1592,550
2,full-frame-churn-160x50,base,15,3577,106,2203,719
2,full-frame-churn-160x50,base,16,3740,133,2135,770
2,full-frame-churn-160x50,base,17,3061,103,2114,733
2,full-frame-churn-160x50,base,18,3016,104,2050,720
2,full-frame-churn-160x50,base,19,2761,88,2040,671
2,full-frame-churn-160x50,base,20,3174,99,2008,688
2,full-frame-churn-160x50,base,21,3150,107,2163,736
2,full-frame-churn-160x50,base,22,3607,110,2294,832
2,full-frame-churn-160x50,base,23,3679,111,2173,689
2,full-frame-churn-160x50,base,24,3159,99,2090,721
2,full-frame-churn-160x50,base,25,3384,118,2273,755
2,full-frame-churn-160x50,base,26,3286,105,2317,744
2,full-frame-churn-160x50,base,27,3487,104,2178,726
2,full-frame-churn-160x50,base,28,3485,113,2350,769
2,full-frame-churn-160x50,base,29,3750,123,2554,833
2,full-frame-churn-160x50,base,30,2019,74,1388,525
2,full-frame-churn-160x50,base,31,1678,61,1261,425
2,full-frame-churn-160x50,base,32,1579,59,1336,443
2,full-frame-churn-160x50,base,33,1657,64,1219,429
2,full-frame-churn-160x50,base,34,1624,67,1332,454
2,full-frame-churn-160x50,base,35,1649,62,1259,459
2,full-frame-churn-160x50,base,36,1560,66,1274,442
2,full-frame-churn-160x50,base,37,1839,67,1290,458
2,full-frame-churn-160x50,base,38,1901,71,1549,529
2,full-frame-churn-160x50,base,39,2075,82,1457,487
2,full-frame-churn-160x50,base,40,2004,77,1497,532
2,full-frame-churn-160x50,base,41,1579,62,1171,400
2,full-frame-churn-160x50,base,42,1654,69,1189,432
2,full-frame-churn-160x50,base,43,1640,63,1144,419
2,full-frame-churn-160x50,base,44,1691,66,1242,442
2,full-frame-churn-160x50,base,45,1696,63,1176,431
2,full-frame-churn-160x50,base,46,1896,67,1416,490
2,full-frame-churn-160x50,base,47,1938,72,1423,481
2,full-frame-churn-160x50,base,48,2103,79,1636,563
2,full-frame-churn-160x50,base,49,2375,80,1844,648
2,full-frame-churn-160x50,base,50,2723,98,1929,657
2,full-frame-churn-160x50,base,51,2852,120,2109,706
2,full-frame-churn-160x50,base,52,2694,90,1919,632
2,full-frame-churn-160x50,base,53,2706,106,1850,692
2,full-frame-churn-160x50,base,54,3157,110,2133,692
2,full-frame-churn-160x50,base,55,3371,127,2152,823
2,full-frame-churn-160x50,base,56,2827,94,2004,672
2,full-frame-churn-160x50,base,57,2995,112,1987,642
2,full-frame-churn-160x50,base,58,2653,93,1948,630
2,full-frame-churn-160x50,base,59,2583,92,1896,606
2,full-frame-churn-160x50,base,60,2556,100,1869,652
2,full-frame-churn-160x50,base,61,2589,93,1924,631
2,full-frame-churn-160x50,base,62,2857,94,2059,671
2,full-frame-churn-160x50,base,63,3438,98,2251,759
2,full-frame-churn-160x50,base,64,3511,116,2316,725
2,full-frame-churn-160x50,base,65,3435,122,2387,829
2,full-frame-churn-160x50,base,66,3537,116,2434,779
2,full-frame-churn-160x50,base,67,3015,130,2174,760
2,full-frame-churn-160x50,base,68,2603,85,1887,616
2,full-frame-churn-160x50,base,69,2589,96,2020,719
2,full-frame-churn-160x50,base,70,2601,96,1925,633
2,full-frame-churn-160x50,base,71,2611,93,1874,647
2,full-frame-churn-160x50,base,72,2621,93,1902,649
2,full-frame-churn-160x50,base,73,2796,106,1977,665
2,full-frame-churn-160x50,base,74,3450,105,2281,752
2,full-frame-churn-160x50,base,75,3531,107,2186,707
2,full-frame-churn-160x50,base,76,3457,118,2434,722
2,full-frame-churn-160x50,base,77,2506,82,1682,593
2,full-frame-churn-160x50,base,78,2281,81,1730,587
2,full-frame-churn-160x50,base,79,2285,79,1621,557
2,full-frame-churn-160x50,base,80,2305,79,1708,587
2,full-frame-churn-160x50,base,81,2072,74,1419,494
2,full-frame-churn-160x50,base,82,2102,74,1549,570
2,full-frame-churn-160x50,base,83,2016,73,1465,513
2,full-frame-churn-160x50,base,84,2240,80,1625,603
2,full-frame-churn-160x50,base,85,2292,83,1641,581
2,full-frame-churn-160x50,base,86,2527,89,1740,638
2,full-frame-churn-160x50,base,87,2497,88,1802,611
2,full-frame-churn-160x50,base,88,2851,94,1958,689
2,full-frame-churn-160x50,base,89,3436,111,2157,790
2,full-frame-churn-160x50,base,90,3110,121,2297,745
2,full-frame-churn-160x50,base,91,3410,123,2322,771
2,full-frame-churn-160x50,base,92,3540,130,2398,820
2,full-frame-churn-160x50,base,93,3588,120,2427,887
2,full-frame-churn-160x50,base,94,4195,145,2566,864
2,full-frame-churn-160x50,base,95,3536,115,2245,715
2,full-frame-churn-160x50,base,96,3477,122,2351,851
2,full-frame-churn-160x50,base,97,3388,115,2321,848
2,full-frame-churn-160x50,base,98,3354,115,2301,833
2,full-frame-churn-160x50,base,99,3462,113,2352,841
2,full-frame-churn-160x50,base,100,3464,114,2367,870
2,full-frame-churn-160x50,base,101,3496,125,2253,784
2,full-frame-churn-160x50,base,102,3882,114,2322,866
2,full-frame-churn-160x50,base,103,4140,148,2814,1008
2,full-frame-churn-160x50,base,104,4488,179,3023,1108
2,full-frame-churn-160x50,base,105,3360,146,2331,925
2,full-frame-churn-160x50,base,106,2373,87,1567,586
2,full-frame-churn-160x50,base,107,4483,145,2658,887
2,full-frame-churn-160x50,base,108,4135,158,2573,1042
2,full-frame-churn-160x50,base,109,3867,164,2650,1068
2,full-frame-churn-160x50,base,110,3690,168,2398,951
2,full-frame-churn-160x50,base,111,3328,127,2227,853
2,full-frame-churn-160x50,base,112,3490,117,2338,849
2,full-frame-churn-160x50,base,113,3229,136,2229,889
2,full-frame-churn-160x50,base,114,3253,126,2124,853
2,full-frame-churn-160x50,base,115,1756,73,1301,492
2,full-frame-churn-160x50,base,116,1684,59,1105,405
2,full-frame-churn-160x50,base,117,1518,60,1154,453
2,full-frame-churn-160x50,base,118,1519,58,1135,409
2,full-frame-churn-160x50,base,119,2944,68,1174,477
2,full-frame-churn-160x50,base,120,5108,140,1172,433
2,full-frame-churn-160x50,base,121,1993,60,1159,455
2,full-frame-churn-160x50,base,122,4321,63,1143,428
2,full-frame-churn-160x50,base,123,4301,65,1119,417
2,full-frame-churn-160x50,base,124,1574,59,1173,441
2,full-frame-churn-160x50,base,125,3894,62,1168,425
2,full-frame-churn-160x50,base,126,3282,66,1181,454
2,full-frame-churn-160x50,base,127,2798,59,1181,433
2,full-frame-churn-160x50,base,128,2976,62,1090,400
2,full-frame-churn-160x50,base,129,2794,63,1132,463
2,full-frame-churn-160x50,base,130,3007,159,17018,1934
2,full-frame-churn-160x50,candidate,0,165,0,0,151
2,full-frame-churn-160x50,candidate,1,5280,64,1298,451
2,full-frame-churn-160x50,candidate,2,3339,71,1562,521
2,full-frame-churn-160x50,candidate,3,3001,73,1451,506
2,full-frame-churn-160x50,candidate,4,3325,82,1648,556
2,full-frame-churn-160x50,candidate,5,3251,84,1714,582
2,full-frame-churn-160x50,candidate,6,3047,86,1717,615
2,full-frame-churn-160x50,candidate,7,2961,85,1852,634
2,full-frame-churn-160x50,candidate,8,3318,97,1798,584
2,full-frame-churn-160x50,candidate,9,3489,92,2053,680
2,full-frame-churn-160x50,candidate,10,4080,97,2038,674
2,full-frame-churn-160x50,candidate,11,3608,110,2108,741
2,full-frame-churn-160x50,candidate,12,3857,112,2299,759
2,full-frame-churn-160x50,candidate,13,3725,101,2251,718
2,full-frame-churn-160x50,candidate,14,3825,112,2559,813
2,full-frame-churn-160x50,candidate,15,3668,127,2467,854
2,full-frame-churn-160x50,candidate,16,4310,139,2266,826
2,full-frame-churn-160x50,candidate,17,3671,125,2282,752
2,full-frame-churn-160x50,candidate,18,3034,106,2076,711
2,full-frame-churn-160x50,candidate,19,2996,90,2022,678
2,full-frame-churn-160x50,candidate,20,3064,107,2064,705
2,full-frame-churn-160x50,candidate,21,3042,101,2022,645
2,full-frame-churn-160x50,candidate,22,2614,107,2001,645
2,full-frame-churn-160x50,candidate,23,3153,112,2222,749
2,full-frame-churn-160x50,candidate,24,2940,94,2158,707
2,full-frame-churn-160x50,candidate,25,3165,121,2104,761
2,full-frame-churn-160x50,candidate,26,3262,104,2247,715
2,full-frame-churn-160x50,candidate,27,3163,104,2254,770
2,full-frame-churn-160x50,candidate,28,3426,97,2191,694
2,full-frame-churn-160x50,candidate,29,3364,107,2275,714
2,full-frame-churn-160x50,candidate,30,3345,124,2289,792
2,full-frame-churn-160x50,candidate,31,1852,68,1322,481
2,full-frame-churn-160x50,candidate,32,1590,48,1191,422
2,full-frame-churn-160x50,candidate,33,1635,62,1298,458
2,full-frame-churn-160x50,candidate,34,1588,75,1256,462
2,full-frame-churn-160x50,candidate,35,1548,59,1196,427
2,full-frame-churn-160x50,candidate,36,1608,70,1239,424
2,full-frame-churn-160x50,candidate,37,1590,62,1260,441
2,full-frame-churn-160x50,candidate,38,1783,62,1330,444
2,full-frame-churn-160x50,candidate,39,1974,82,1500,526
2,full-frame-churn-160x50,candidate,40,2039,73,1510,574
2,full-frame-churn-160x50,candidate,41,2142,79,1668,569
2,full-frame-churn-160x50,candidate,42,2137,81,1628,550
2,full-frame-churn-160x50,candidate,43,2189,80,1684,563
2,full-frame-churn-160x50,candidate,44,2165,81,1560,557
2,full-frame-churn-160x50,candidate,45,2405,86,1635,550
2,full-frame-churn-160x50,candidate,46,2501,85,1719,574
2,full-frame-churn-160x50,candidate,47,2599,96,2004,680
2,full-frame-churn-160x50,candidate,48,2819,90,1903,653
2,full-frame-churn-160x50,candidate,49,2996,101,2136,676
2,full-frame-churn-160x50,candidate,50,2912,104,2045,688
2,full-frame-churn-160x50,candidate,51,3049,105,2227,747
2,full-frame-churn-160x50,candidate,52,2739,92,1905,633
2,full-frame-churn-160x50,candidate,53,2703,98,2024,693
2,full-frame-churn-160x50,candidate,54,2639,92,1915,653
2,full-frame-churn-160x50,candidate,55,2944,94,1993,700
2,full-frame-churn-160x50,candidate,56,2713,99,1920,651
2,full-frame-churn-160x50,candidate,57,2609,97,1863,676
2,full-frame-churn-160x50,candidate,58,2621,98,1814,599
2,full-frame-churn-160x50,candidate,59,2604,93,1875,649
2,full-frame-churn-160x50,candidate,60,2675,101,2019,674
2,full-frame-churn-160x50,candidate,61,2893,99,2100,727
2,full-frame-churn-160x50,candidate,62,2995,107,2296,731
2,full-frame-churn-160x50,candidate,63,3520,125,2416,815
2,full-frame-churn-160x50,candidate,64,3408,138,2332,773
2,full-frame-churn-160x50,candidate,65,2947,111,2095,728
2,full-frame-churn-160x50,candidate,66,2947,100,2079,705
2,full-frame-churn-160x50,candidate,67,2870,115,2060,669
2,full-frame-churn-160x50,candidate,68,2925,105,2100,738
2,full-frame-churn-160x50,candidate,69,2992,109,2186,775
2,full-frame-churn-160x50,candidate,70,2555,87,1778,586
2,full-frame-churn-160x50,candidate,71,2618,95,2036,680
2,full-frame-churn-160x50,candidate,72,2561,105,1942,695
2,full-frame-churn-160x50,candidate,73,2958,119,2098,746
2,full-frame-churn-160x50,candidate,74,3165,104,2333,755
2,full-frame-churn-160x50,candidate,75,2937,103,2210,689
2,full-frame-churn-160x50,candidate,76,3015,98,2036,677
2,full-frame-churn-160x50,candidate,77,2221,78,1587,583
2,full-frame-churn-160x50,candidate,78,2044,77,1507,502
2,full-frame-churn-160x50,candidate,79,2056,80,1554,573
2,full-frame-churn-160x50,candidate,80,2065,75,1491,510
2,full-frame-churn-160x50,candidate,81,2236,81,1629,620
2,full-frame-churn-160x50,candidate,82,2346,80,1683,606
2,full-frame-churn-160x50,candidate,83,2424,79,1624,585
2,full-frame-churn-160x50,candidate,84,2493,90,1901,673
2,full-frame-churn-160x50,candidate,85,2867,104,2036,745
2,full-frame-churn-160x50,candidate,86,2857,101,1948,636
2,full-frame-churn-160x50,candidate,87,2826,109,2124,771
2,full-frame-churn-160x50,candidate,88,3133,99,2080,699
2,full-frame-churn-160x50,candidate,89,3202,104,2147,743
2,full-frame-churn-160x50,candidate,90,3126,99,2084,702
2,full-frame-churn-160x50,candidate,91,3324,99,2153,743
2,full-frame-churn-160x50,candidate,92,3328,113,2246,755
2,full-frame-churn-160x50,candidate,93,3420,112,2362,862
2,full-frame-churn-160x50,candidate,94,3416,115,2321,840
2,full-frame-churn-160x50,candidate,95,4208,155,2431,937
2,full-frame-churn-160x50,candidate,96,4285,142,2569,929
2,full-frame-churn-160x50,candidate,97,3743,176,2451,1044
2,full-frame-churn-160x50,candidate,98,3011,132,2081,799
2,full-frame-churn-160x50,candidate,99,3327,114,2272,819
2,full-frame-churn-160x50,candidate,100,3345,100,2131,738
2,full-frame-churn-160x50,candidate,101,3346,117,2331,855
2,full-frame-churn-160x50,candidate,102,3481,121,2238,804
2,full-frame-churn-160x50,candidate,103,3051,104,2070,757
2,full-frame-churn-160x50,candidate,104,2833,101,2107,718
2,full-frame-churn-160x50,candidate,105,2030,74,1933,586
2,full-frame-churn-160x50,candidate,106,3296,119,2288,733
2,full-frame-churn-160x50,candidate,107,3311,116,2303,843
2,full-frame-churn-160x50,candidate,108,3378,118,2195,821
2,full-frame-churn-160x50,candidate,109,2851,97,2100,719
2,full-frame-churn-160x50,candidate,110,3296,110,2292,810
2,full-frame-churn-160x50,candidate,111,3387,112,2122,731
2,full-frame-churn-160x50,candidate,112,3309,114,2016,753
2,full-frame-churn-160x50,candidate,113,2843,101,1962,691
2,full-frame-churn-160x50,candidate,114,3162,102,2135,761
2,full-frame-churn-160x50,candidate,115,3166,102,2019,738
2,full-frame-churn-160x50,candidate,116,2803,88,1867,665
2,full-frame-churn-160x50,candidate,117,2487,82,1722,611
2,full-frame-churn-160x50,candidate,118,2470,92,1736,613
2,full-frame-churn-160x50,candidate,119,2834,96,2011,718
2,full-frame-churn-160x50,candidate,120,2800,99,2049,699
2,full-frame-churn-160x50,candidate,121,2896,98,2166,743
2,full-frame-churn-160x50,candidate,122,2813,100,2135,720
2,full-frame-churn-160x50,candidate,123,2845,100,2163,749
2,full-frame-churn-160x50,candidate,124,3342,119,2348,863
2,full-frame-churn-160x50,candidate,125,4105,150,2537,1051
2,full-frame-churn-160x50,candidate,126,3759,162,2624,1064
2,full-frame-churn-160x50,candidate,127,3896,166,2211,975
2,full-frame-churn-160x50,candidate,128,3481,113,2215,756
2,full-frame-churn-160x50,candidate,129,3365,113,2320,835
2,full-frame-churn-160x50,candidate,130,3173,213,24488,2664
2,noop-160x50,base,0,169,0,0,8
2,noop-160x50,base,1,270,0,0,11
2,noop-160x50,base,2,132,0,0,7
2,noop-160x50,base,3,120,0,0,5
2,noop-160x50,base,4,154,0,0,7
2,noop-160x50,base,5,105,0,0,7
2,noop-160x50,base,6,145,0,0,6
2,noop-160x50,base,7,204,0,0,11
2,noop-160x50,base,8,104,0,0,5
2,noop-160x50,base,9,88,0,0,6
2,noop-160x50,base,10,109,0,0,7
2,noop-160x50,base,11,84,0,0,9
2,noop-160x50,base,12,83,0,0,6
2,noop-160x50,base,13,160,0,0,6
2,noop-160x50,base,14,107,0,0,9
2,noop-160x50,base,15,84,0,0,6
2,noop-160x50,base,16,111,0,0,6
2,noop-160x50,base,17,104,0,0,5
2,noop-160x50,base,18,106,0,0,6
2,noop-160x50,base,19,68,0,0,7
2,noop-160x50,base,20,72,0,0,7
2,noop-160x50,base,21,75,0,0,6
2,noop-160x50,base,22,90,0,0,6
2,noop-160x50,base,23,116,0,0,7
2,noop-160x50,base,24,87,0,0,5
2,noop-160x50,base,25,106,0,0,5
2,noop-160x50,base,26,109,0,0,6
2,noop-160x50,base,27,94,0,0,6
2,noop-160x50,base,28,68,0,0,6
2,noop-160x50,base,29,63,0,0,8
2,noop-160x50,base,30,72,0,0,5
2,noop-160x50,base,31,99,0,0,6
2,noop-160x50,base,32,75,0,0,6
2,noop-160x50,base,33,81,0,0,5
2,noop-160x50,base,34,104,0,0,7
2,noop-160x50,base,35,80,0,0,7
2,noop-160x50,base,36,96,0,0,6
2,noop-160x50,base,37,124,0,0,6
2,noop-160x50,base,38,83,0,0,6
2,noop-160x50,base,39,71,0,0,6
2,noop-160x50,base,40,74,0,0,6
2,noop-160x50,base,41,68,0,0,6
2,noop-160x50,base,42,94,0,0,6
2,noop-160x50,base,43,105,0,0,7
2,noop-160x50,base,44,119,0,0,9
2,noop-160x50,base,45,108,0,0,7
2,noop-160x50,base,46,85,0,0,4
2,noop-160x50,base,47,103,0,0,6
2,noop-160x50,base,48,116,0,0,16
2,noop-160x50,base,49,112,0,0,6
2,noop-160x50,base,50,79,0,0,6
2,noop-160x50,base,51,98,0,0,6
2,noop-160x50,base,52,105,0,0,6
2,noop-160x50,base,53,104,0,0,6
2,noop-160x50,base,54,72,0,0,6
2,noop-160x50,base,55,66,0,0,7
2,noop-160x50,base,56,98,0,0,5
2,noop-160x50,base,57,115,0,0,7
2,noop-160x50,base,58,97,0,0,6
2,noop-160x50,base,59,99,0,0,19
2,noop-160x50,base,60,104,0,0,5
2,noop-160x50,base,61,102,0,0,6
2,noop-160x50,base,62,101,0,0,4
2,noop-160x50,base,63,72,0,0,6
2,noop-160x50,base,64,63,0,0,5
2,noop-160x50,base,65,62,0,0,6
2,noop-160x50,base,66,55,0,0,6
2,noop-160x50,base,67,53,0,0,5
2,noop-160x50,base,68,66,0,0,4
2,noop-160x50,base,69,90,0,0,6
2,noop-160x50,base,70,74,0,0,6
2,noop-160x50,base,71,99,0,0,5
2,noop-160x50,base,72,73,0,0,5
2,noop-160x50,base,73,74,0,0,6
2,noop-160x50,base,74,66,0,0,6
2,noop-160x50,base,75,95,0,0,6
2,noop-160x50,base,76,67,0,0,4
2,noop-160x50,base,77,100,0,0,7
2,noop-160x50,base,78,97,0,0,8
2,noop-160x50,base,79,219,0,0,13
2,noop-160x50,base,80,85,0,0,6
2,noop-160x50,base,81,69,0,0,6
2,noop-160x50,base,82,78,0,0,7
2,noop-160x50,base,83,94,0,0,8
2,noop-160x50,base,84,127,0,0,13
2,noop-160x50,base,85,116,0,0,9
2,noop-160x50,base,86,89,0,0,7
2,noop-160x50,base,87,101,0,0,8
2,noop-160x50,base,88,137,0,0,18
2,noop-160x50,base,89,227,0,0,17
2,noop-160x50,base,90,79,0,0,6
2,noop-160x50,base,91,85,0,0,7
2,noop-160x50,base,92,86,0,0,5
2,noop-160x50,base,93,82,0,0,5
2,noop-160x50,base,94,96,0,0,6
2,noop-160x50,base,95,90,0,0,8
2,noop-160x50,base,96,120,0,0,8
2,noop-160x50,base,97,115,0,0,10
2,noop-160x50,base,98,146,0,0,15
2,noop-160x50,base,99,144,0,0,19
2,noop-160x50,base,100,138,0,0,13
2,noop-160x50,base,101,186,0,0,16
2,noop-160x50,base,102,195,0,0,17
2,noop-160x50,base,103,155,0,0,18
2,noop-160x50,base,104,191,0,0,15
2,noop-160x50,base,105,158,0,0,13
2,noop-160x50,base,106,161,0,0,15
2,noop-160x50,base,107,188,0,0,18
2,noop-160x50,base,108,194,0,0,16
2,noop-160x50,base,109,198,0,0,15
2,noop-160x50,base,110,538,0,0,28
2,noop-160x50,base,111,155,0,0,16
2,noop-160x50,base,112,132,0,0,11
2,noop-160x50,base,113,131,0,0,12
2,noop-160x50,base,114,164,0,0,9
2,noop-160x50,base,115,218,0,0,18
2,noop-160x50,base,116,167,0,0,15
2,noop-160x50,base,117,421,0,0,25
2,noop-160x50,base,118,215,0,0,18
2,noop-160x50,base,119,184,0,0,40
2,noop-160x50,base,120,254,0,0,17
2,noop-160x50,base,121,245,0,0,17
2,noop-160x50,base,122,194,0,0,18
2,noop-160x50,base,123,192,0,0,48
2,noop-160x50,base,124,125,0,0,13
2,noop-160x50,base,125,163,0,0,16
2,noop-160x50,base,126,157,0,0,16
2,noop-160x50,base,127,170,0,0,27
2,noop-160x50,base,128,184,0,0,18
2,noop-160x50,base,129,311,133,17243,1543
2,noop-160x50,candidate,0,61,0,0,6
2,noop-160x50,candidate,1,67,0,0,7
2,noop-160x50,candidate,2,78,0,0,8
2,noop-160x50,candidate,3,76,0,0,9
2,noop-160x50,candidate,4,105,0,0,12
2,noop-160x50,candidate,5,151,0,0,16
2,noop-160x50,candidate,6,165,0,0,13
2,noop-160x50,candidate,7,321,0,0,19
2,noop-160x50,candidate,8,267,0,0,23
2,noop-160x50,candidate,9,65,0,0,9
2,noop-160x50,candidate,10,87,0,0,9
2,noop-160x50,candidate,11,180,0,0,14
2,noop-160x50,candidate,12,267,0,0,16
2,noop-160x50,candidate,13,306,0,0,33
2,noop-160x50,candidate,14,73,0,0,16
2,noop-160x50,candidate,15,107,0,0,37
2,noop-160x50,candidate,16,301,0,0,25
2,noop-160x50,candidate,17,113,0,0,17
2,noop-160x50,candidate,18,182,0,0,26
2,noop-160x50,candidate,19,119,0,0,17
2,noop-160x50,candidate,20,75,0,0,13
2,noop-160x50,candidate,21,91,0,0,13
2,noop-160x50,candidate,22,202,0,0,13
2,noop-160x50,candidate,23,103,0,0,15
2,noop-160x50,candidate,24,94,0,0,18
2,noop-160x50,candidate,25,102,0,0,17
2,noop-160x50,candidate,26,104,0,0,20
2,noop-160x50,candidate,27,100,0,0,15
2,noop-160x50,candidate,28,105,0,0,17
2,noop-160x50,candidate,29,166,0,0,23
2,noop-160x50,candidate,30,165,0,0,23
2,noop-160x50,candidate,31,48,0,0,5
2,noop-160x50,candidate,32,37,0,0,3
2,noop-160x50,candidate,33,38,0,0,9
2,noop-160x50,candidate,34,36,0,0,7
2,noop-160x50,candidate,35,59,0,0,3
2,noop-160x50,candidate,36,29,0,0,4
2,noop-160x50,candidate,37,38,0,0,6
2,noop-160x50,candidate,38,42,0,0,7
2,noop-160x50,candidate,39,64,0,0,12
2,noop-160x50,candidate,40,52,0,0,9
2,noop-160x50,candidate,41,82,0,0,14
2,noop-160x50,candidate,42,84,0,0,17
2,noop-160x50,candidate,43,101,0,0,15
2,noop-160x50,candidate,44,39,0,0,6
2,noop-160x50,candidate,45,69,0,0,10
2,noop-160x50,candidate,46,77,0,0,17
2,noop-160x50,candidate,47,191,0,0,16
2,noop-160x50,candidate,48,147,0,0,17
2,noop-160x50,candidate,49,196,0,0,91
2,noop-160x50,candidate,50,203,0,0,26
2,noop-160x50,candidate,51,291,0,0,27
2,noop-160x50,candidate,52,260,0,0,31
2,noop-160x50,candidate,53,94,0,0,17
2,noop-160x50,candidate,54,158,0,0,19
2,noop-160x50,candidate,55,90,0,0,17
2,noop-160x50,candidate,56,94,0,0,13
2,noop-160x50,candidate,57,270,0,0,25
2,noop-160x50,candidate,58,105,0,0,18
2,noop-160x50,candidate,59,111,0,0,15
2,noop-160x50,candidate,60,136,0,0,19
2,noop-160x50,candidate,61,127,0,0,16
2,noop-160x50,candidate,62,199,0,0,28
2,noop-160x50,candidate,63,86,0,0,16
2,noop-160x50,candidate,64,108,0,0,23
2,noop-160x50,candidate,65,107,0,0,16
2,noop-160x50,candidate,66,303,0,0,30
2,noop-160x50,candidate,67,103,0,0,18
2,noop-160x50,candidate,68,104,0,0,14
2,noop-160x50,candidate,69,104,0,0,15
2,noop-160x50,candidate,70,93,0,0,15
2,noop-160x50,candidate,71,115,0,0,15
2,noop-160x50,candidate,72,179,0,0,20
2,noop-160x50,candidate,73,113,0,0,17
2,noop-160x50,candidate,74,102,0,0,16
2,noop-160x50,candidate,75,92,0,0,16
2,noop-160x50,candidate,76,225,0,0,117
2,noop-160x50,candidate,77,95,0,0,19
2,noop-160x50,candidate,78,93,0,0,14
2,noop-160x50,candidate,79,285,0,0,36
2,noop-160x50,candidate,80,114,0,0,17
2,noop-160x50,candidate,81,38,0,0,7
2,noop-160x50,candidate,82,46,0,0,6
2,noop-160x50,candidate,83,44,0,0,10
2,noop-160x50,candidate,84,42,0,0,6
2,noop-160x50,candidate,85,33,0,0,5
2,noop-160x50,candidate,86,44,0,0,6
2,noop-160x50,candidate,87,45,0,0,6
2,noop-160x50,candidate,88,50,0,0,5
2,noop-160x50,candidate,89,70,0,0,5
2,noop-160x50,candidate,90,45,0,0,5
2,noop-160x50,candidate,91,79,0,0,7
2,noop-160x50,candidate,92,38,0,0,6
2,noop-160x50,candidate,93,57,0,0,25
2,noop-160x50,candidate,94,101,0,0,11
2,noop-160x50,candidate,95,96,0,0,13
2,noop-160x50,candidate,96,77,0,0,14
2,noop-160x50,candidate,97,101,0,0,15
2,noop-160x50,candidate,98,82,0,0,14
2,noop-160x50,candidate,99,102,0,0,17
2,noop-160x50,candidate,100,95,0,0,16
2,noop-160x50,candidate,101,89,0,0,16
2,noop-160x50,candidate,102,62,0,0,10
2,noop-160x50,candidate,103,192,0,0,16
2,noop-160x50,candidate,104,167,0,0,130
2,noop-160x50,candidate,105,100,0,0,18
2,noop-160x50,candidate,106,91,0,0,16
2,noop-160x50,candidate,107,171,0,0,13
2,noop-160x50,candidate,108,235,0,0,26
2,noop-160x50,candidate,109,145,0,0,19
2,noop-160x50,candidate,110,133,0,0,15
2,noop-160x50,candidate,111,106,0,0,18
2,noop-160x50,candidate,112,151,0,0,14
2,noop-160x50,candidate,113,379,0,0,27
2,noop-160x50,candidate,114,113,0,0,19
2,noop-160x50,candidate,115,117,0,0,19
2,noop-160x50,candidate,116,128,0,0,23
2,noop-160x50,candidate,117,91,0,0,17
2,noop-160x50,candidate,118,346,0,0,23
2,noop-160x50,candidate,119,123,0,0,28
2,noop-160x50,candidate,120,94,0,0,19
2,noop-160x50,candidate,121,176,0,0,16
2,noop-160x50,candidate,122,103,0,0,12
2,noop-160x50,candidate,123,436,0,0,34
2,noop-160x50,candidate,124,109,0,0,17
2,noop-160x50,candidate,125,100,0,0,17
2,noop-160x50,candidate,126,153,0,0,15
2,noop-160x50,candidate,127,98,0,0,16
2,noop-160x50,candidate,128,129,0,0,20
2,noop-160x50,candidate,129,93,117,18486,1668
2,normal-80x24,base,0,603,0,0,123
2,normal-80x24,base,1,2849,46,526,329
2,normal-80x24,base,2,1500,48,563,281
2,normal-80x24,base,3,1334,48,598,329
2,normal-80x24,base,4,1391,53,540,276
2,normal-80x24,base,5,1820,63,782,416
2,normal-80x24,base,6,1690,68,657,384
2,normal-80x24,base,7,1720,87,835,429
2,normal-80x24,base,8,2090,70,811,404
2,normal-80x24,base,9,2032,79,856,481
2,normal-80x24,base,10,1972,80,883,434
2,normal-80x24,base,11,2278,88,984,518
2,normal-80x24,base,12,2186,88,998,508
2,normal-80x24,base,13,2392,124,1268,679
2,normal-80x24,base,14,2580,136,1132,655
2,normal-80x24,base,15,2300,132,1068,593
2,normal-80x24,base,16,2185,112,1074,684
2,normal-80x24,base,17,2393,123,1237,755
2,normal-80x24,base,18,1914,100,758,388
2,normal-80x24,base,19,1068,49,636,304
2,normal-80x24,base,20,1368,60,753,382
2,normal-80x24,base,21,1832,80,821,428
2,normal-80x24,base,22,2201,89,839,417
2,normal-80x24,base,23,2384,67,678,370
2,normal-80x24,base,24,2373,96,1096,702
2,normal-80x24,base,25,3504,91,972,523
2,normal-80x24,base,26,2272,104,1107,559
2,normal-80x24,base,27,1523,98,1081,491
2,normal-80x24,base,28,1471,90,1040,578
2,normal-80x24,base,29,1636,113,1021,577
2,normal-80x24,base,30,1855,113,1334,662
2,normal-80x24,base,31,726,60,443,239
2,normal-80x24,base,32,669,42,496,252
2,normal-80x24,base,33,709,43,449,237
2,normal-80x24,base,34,783,59,506,271
2,normal-80x24,base,35,675,50,405,231
2,normal-80x24,base,36,655,54,499,247
2,normal-80x24,base,37,633,42,445,230
2,normal-80x24,base,38,810,36,532,281
2,normal-80x24,base,39,872,52,517,273
2,normal-80x24,base,40,865,51,618,315
2,normal-80x24,base,41,924,59,581,310
2,normal-80x24,base,42,921,52,577,301
2,normal-80x24,base,43,880,52,588,286
2,normal-80x24,base,44,1087,78,713,372
2,normal-80x24,base,45,1063,66,681,360
2,normal-80x24,base,46,1484,94,883,506
2,normal-80x24,base,47,1091,64,706,360
2,normal-80x24,base,48,1285,82,913,461
2,normal-80x24,base,49,1409,79,875,450
2,normal-80x24,base,50,1595,89,1100,592
2,normal-80x24,base,51,1955,130,1113,623
2,normal-80x24,base,52,1751,137,1216,682
2,normal-80x24,base,53,1672,141,1002,613
2,normal-80x24,base,54,1750,118,1080,587
2,normal-80x24,base,55,1566,169,945,537
2,normal-80x24,base,56,1426,107,812,476
2,normal-80x24,base,57,1058,83,719,406
2,normal-80x24,base,58,976,57,669,341
2,normal-80x24,base,59,1069,61,709,362
2,normal-80x24,base,60,1040,60,710,372
2,normal-80x24,base,61,968,64,793,376
2,normal-80x24,base,62,1050,72,726,362
2,normal-80x24,base,63,1111,68,843,445
2,normal-80x24,base,64,1282,78,923,464
2,normal-80x24,base,65,1579,100,1044,616
2,normal-80x24,base,66,1527,132,896,492
2,normal-80x24,base,67,1640,90,1050,502
2,normal-80x24,base,68,1738,115,1183,651
2,normal-80x24,base,69,1747,124,1149,657
2,normal-80x24,base,70,1973,128,1235,682
2,normal-80x24,base,71,1701,118,1059,574
2,normal-80x24,base,72,1515,98,861,625
2,normal-80x24,base,73,929,58,660,334
2,normal-80x24,base,74,1109,81,781,403
2,normal-80x24,base,75,1272,77,841,408
2,normal-80x24,base,76,1341,120,882,476
2,normal-80x24,base,77,1055,63,722,360
2,normal-80x24,base,78,1127,65,806,406
2,normal-80x24,base,79,1275,87,836,434
2,normal-80x24,base,80,1253,75,896,447
2,normal-80x24,base,81,1056,79,787,448
2,normal-80x24,base,82,1519,85,996,500
2,normal-80x24,base,83,2573,132,1154,642
2,normal-80x24,base,84,1960,123,1099,601
2,normal-80x24,base,85,1913,119,1181,629
2,normal-80x24,base,86,1752,122,928,542
2,normal-80x24,base,87,1700,105,1086,572
2,normal-80x24,base,88,1551,111,989,510
2,normal-80x24,base,89,1514,102,1111,627
2,normal-80x24,base,90,1391,114,852,567
2,normal-80x24,base,91,1269,78,852,435
2,normal-80x24,base,92,1223,88,792,392
2,normal-80x24,base,93,1570,81,1058,559
2,normal-80x24,base,94,1577,139,1039,561
2,normal-80x24,base,95,1543,103,1009,567
2,normal-80x24,base,96,1789,116,1316,600
2,normal-80x24,base,97,1615,125,877,506
2,normal-80x24,base,98,953,59,603,347
2,normal-80x24,base,99,617,41,422,222
2,normal-80x24,base,100,753,44,557,281
2,normal-80x24,base,101,728,69,489,253
2,normal-80x24,base,102,900,65,666,352
2,normal-80x24,base,103,928,60,659,331
2,normal-80x24,base,104,1126,70,802,436
2,normal-80x24,base,105,1259,97,838,458
2,normal-80x24,base,106,1459,96,1054,605
2,normal-80x24,base,107,1608,110,1048,553
2,normal-80x24,base,108,1659,119,1120,647
2,normal-80x24,base,109,1735,125,1120,654
2,normal-80x24,base,110,1618,117,1172,643
2,normal-80x24,base,111,1574,117,1009,596
2,normal-80x24,base,112,1622,122,963,587
2,normal-80x24,base,113,1168,85,741,420
2,normal-80x24,base,114,1734,125,1205,635
2,normal-80x24,base,115,1558,140,1019,536
2,normal-80x24,base,116,1665,118,1102,643
2,normal-80x24,base,117,1233,103,766,450
2,normal-80x24,base,118,1266,77,899,445
2,normal-80x24,base,119,787,48,753,337
2,normal-80x24,base,120,835,53,1010,405
2,normal-80x24,base,121,2341,95,1097,582
2,normal-80x24,base,122,1801,133,1050,599
2,normal-80x24,base,123,1203,111,684,444
2,normal-80x24,base,124,709,48,479,257
2,normal-80x24,base,125,788,55,601,333
2,normal-80x24,base,126,795,51,583,307
2,normal-80x24,base,127,972,66,736,383
2,normal-80x24,base,128,1126,68,729,392
2,normal-80x24,base,129,1535,119,1091,640
2,normal-80x24,base,130,1621,232,24272,2462
2,normal-80x24,candidate,0,173,0,0,113
2,normal-80x24,candidate,1,2839,48,535,307
2,normal-80x24,candidate,2,1633,48,565,302
2,normal-80x24,candidate,3,1508,50,620,367
2,normal-80x24,candidate,4,1529,60,624,314
2,normal-80x24,candidate,5,1623,56,720,379
2,normal-80x24,candidate,6,1881,66,772,466
2,normal-80x24,candidate,7,1705,66,758,377
2,normal-80x24,candidate,8,2103,75,840,446
2,normal-80x24,candidate,9,2251,84,993,482
2,normal-80x24,candidate,10,1949,73,830,411
2,normal-80x24,candidate,11,2183,94,891,497
2,normal-80x24,candidate,12,2033,85,897,467
2,normal-80x24,candidate,13,2071,92,1017,555
2,normal-80x24,candidate,14,1276,61,593,300
2,normal-80x24,candidate,15,1362,63,521,272
2,normal-80x24,candidate,16,1979,77,924,481
2,normal-80x24,candidate,17,2047,97,1049,542
2,normal-80x24,candidate,18,2348,124,1245,684
2,normal-80x24,candidate,19,3002,132,1122,635
2,normal-80x24,candidate,20,1268,59,703,348
2,normal-80x24,candidate,21,1201,70,634,328
2,normal-80x24,candidate,22,1267,60,665,364
2,normal-80x24,candidate,23,1205,70,659,343
2,normal-80x24,candidate,24,1333,60,769,395
2,normal-80x24,candidate,25,1751,66,726,378
2,normal-80x24,candidate,26,1523,75,857,453
2,normal-80x24,candidate,27,1463,114,888,452
2,normal-80x24,candidate,28,1583,88,950,456
2,normal-80x24,candidate,29,1455,91,868,448
2,normal-80x24,candidate,30,1917,111,1259,681
2,normal-80x24,candidate,31,2010,177,1294,750
2,normal-80x24,candidate,32,1712,117,918,543
2,normal-80x24,candidate,33,752,50,549,271
2,normal-80x24,candidate,34,669,42,429,211
2,normal-80x24,candidate,35,670,53,455,269
2,normal-80x24,candidate,36,660,53,468,249
2,normal-80x24,candidate,37,695,41,462,252
2,normal-80x24,candidate,38,639,41,461,240
2,normal-80x24,candidate,39,743,45,522,264
2,normal-80x24,candidate,40,700,42,486,251
2,normal-80x24,candidate,41,790,49,568,304
2,normal-80x24,candidate,42,847,57,558,285
2,normal-80x24,candidate,43,891,66,625,335
2,normal-80x24,candidate,44,911,60,543,294
2,normal-80x24,candidate,45,880,53,647,335
2,normal-80x24,candidate,46,877,52,616,300
2,normal-80x24,candidate,47,968,57,737,369
2,normal-80x24,candidate,48,1202,80,809,406
2,normal-80x24,candidate,49,1287,94,929,510
2,normal-80x24,candidate,50,1321,108,805,466
2,normal-80x24,candidate,51,1435,90,1058,597
2,normal-80x24,candidate,52,1250,99,839,449
2,normal-80x24,candidate,53,1297,80,804,418
2,normal-80x24,candidate,54,1370,89,909,457
2,normal-80x24,candidate,55,1253,100,853,460
2,normal-80x24,candidate,56,1338,73,841,425
2,normal-80x24,candidate,57,1111,76,824,415
2,normal-80x24,candidate,58,1041,63,715,351
2,normal-80x24,candidate,59,1133,69,826,437
2,normal-80x24,candidate,60,1333,101,963,530
2,normal-80x24,candidate,61,1209,74,829,449
2,normal-80x24,candidate,62,1209,81,868,441
2,normal-80x24,candidate,63,1299,79,878,435
2,normal-80x24,candidate,64,1243,97,906,518
2,normal-80x24,candidate,65,1082,91,772,431
2,normal-80x24,candidate,66,1112,80,822,412
2,normal-80x24,candidate,67,1247,76,784,424
2,normal-80x24,candidate,68,1390,104,1129,616
2,normal-80x24,candidate,69,1545,118,969,521
2,normal-80x24,candidate,70,1664,137,1181,650
2,normal-80x24,candidate,71,1498,118,899,496
2,normal-80x24,candidate,72,1561,126,1095,654
2,normal-80x24,candidate,73,1290,152,891,565
2,normal-80x24,candidate,74,1436,123,952,580
2,normal-80x24,candidate,75,1301,105,903,527
2,normal-80x24,candidate,76,1199,114,814,437
2,normal-80x24,candidate,77,993,63,696,353
2,normal-80x24,candidate,78,1236,71,846,441
2,normal-80x24,candidate,79,1199,76,752,376
2,normal-80x24,candidate,80,1103,71,868,447
2,normal-80x24,candidate,81,1304,97,839,432
2,normal-80x24,candidate,82,1146,68,751,413
2,normal-80x24,candidate,83,1062,70,866,421
2,normal-80x24,candidate,84,1216,72,844,430
2,normal-80x24,candidate,85,1560,112,978,553
2,normal-80x24,candidate,86,1183,77,807,415
2,normal-80x24,candidate,87,961,61,665,359
2,normal-80x24,candidate,88,827,57,550,287
2,normal-80x24,candidate,89,1496,85,1046,526
2,normal-80x24,candidate,90,1114,75,853,435
2,normal-80x24,candidate,91,1896,108,1275,564
2,normal-80x24,candidate,92,945,85,581,324
2,normal-80x24,candidate,93,1873,112,1093,580
2,normal-80x24,candidate,94,2440,98,1061,515
2,normal-80x24,candidate,95,1075,93,981,535
2,normal-80x24,candidate,96,1549,113,1098,639
2,normal-80x24,candidate,97,1705,129,998,586
2,normal-80x24,candidate,98,1487,115,1121,633
2,normal-80x24,candidate,99,1409,115,836,480
2,normal-80x24,candidate,100,1594,113,1075,622
2,normal-80x24,candidate,101,1454,168,849,492
2,normal-80x24,candidate,102,1446,114,938,585
2,normal-80x24,candidate,103,1038,73,718,358
2,normal-80x24,candidate,104,1189,81,826,429
2,normal-80x24,candidate,105,1147,78,771,413
2,normal-80x24,candidate,106,1512,109,1141,574
2,normal-80x24,candidate,107,1512,114,947,511
2,normal-80x24,candidate,108,1648,126,1117,689
2,normal-80x24,candidate,109,1687,131,1387,646
2,normal-80x24,candidate,110,1579,113,1059,568
2,normal-80x24,candidate,111,1544,117,1116,654
2,normal-80x24,candidate,112,1513,118,938,530
2,normal-80x24,candidate,113,1413,139,821,550
2,normal-80x24,candidate,114,1982,120,1076,650
2,normal-80x24,candidate,115,1656,119,1062,612
2,normal-80x24,candidate,116,1587,147,1135,615
2,normal-80x24,candidate,117,1617,125,993,606
2,normal-80x24,candidate,118,1601,114,1126,609
2,normal-80x24,candidate,119,1564,120,955,535
2,normal-80x24,candidate,120,1614,120,1227,673
2,normal-80x24,candidate,121,1606,116,883,539
2,normal-80x24,candidate,122,1623,117,1169,680
2,normal-80x24,candidate,123,1576,139,1100,595
2,normal-80x24,candidate,124,1445,117,1057,625
2,normal-80x24,candidate,125,1313,112,961,556
2,normal-80x24,candidate,126,901,57,646,343
2,normal-80x24,candidate,127,1477,96,1009,526
2,normal-80x24,candidate,128,2457,81,757,421
2,normal-80x24,candidate,129,1443,85,988,522
2,normal-80x24,candidate,130,1526,197,26736,2346
2,resize-burst,base,0,2495,98,572,295
2,resize-burst,base,1,1335,29,481,208
2,resize-burst,base,2,2277,130,447,439
2,resize-burst,base,3,126,46,83,6
2,resize-burst,base,4,1756,39,609,308
2,resize-burst,base,5,1467,92,214,293
2,resize-burst,base,6,164,42,57,7
2,resize-burst,base,7,1134,31,456,212
2,resize-burst,base,8,1832,123,429,398
2,resize-burst,base,9,99,45,67,5
2,resize-burst,base,10,1365,35,580,285
2,resize-burst,base,11,1304,95,192,270
2,resize-burst,base,12,109,41,74,8
2,resize-burst,base,13,1139,41,567,256
2,resize-burst,base,14,1826,146,522,487
2,resize-burst,base,15,90,51,80,6
2,resize-burst,base,16,1537,49,737,342
2,resize-burst,base,17,1316,99,253,307
2,resize-burst,base,18,135,48,75,7
2,resize-burst,base,19,1252,43,679,280
2,resize-burst,base,20,2171,194,707,582
2,resize-burst,base,21,95,59,92,6
2,resize-burst,base,22,1900,63,971,432
2,resize-burst,base,23,1770,135,328,444
2,resize-burst,base,24,148,52,90,7
2,resize-burst,base,25,1685,66,900,385
2,resize-burst,base,26,2855,241,823,692
2,resize-burst,base,27,138,60,99,8
2,resize-burst,base,28,2163,76,1013,415
2,resize-burst,base,29,1587,123,313,372
2,resize-burst,base,30,158,64,114,8
2,resize-burst,base,31,2133,72,998,453
2,resize-burst,base,32,2991,229,839,739
2,resize-burst,base,33,102,45,81,7
2,resize-burst,base,34,1832,65,800,333
2,resize-burst,base,35,1182,106,271,317
2,resize-burst,base,36,229,43,75,7
2,resize-burst,base,37,1187,47,693,285
2,resize-burst,base,38,1989,190,680,584
2,resize-burst,base,39,86,63,87,7
2,resize-burst,base,40,1823,62,829,369
2,resize-burst,base,41,1260,110,276,389
2,resize-burst,base,42,104,48,76,7
2,resize-burst,base,43,1128,51,569,258
2,resize-burst,base,44,1510,155,537,466
2,resize-burst,base,45,104,41,68,6
2,resize-burst,base,46,966,42,531,219
2,resize-burst,base,47,804,84,185,276
2,resize-burst,base,48,55,49,78,6
2,resize-burst,base,49,964,40,547,284
2,resize-burst,base,50,1461,140,586,476
2,resize-burst,base,51,114,44,78,6
2,resize-burst,base,52,1337,49,775,353
2,resize-burst,base,53,1043,119,252,341
2,resize-burst,base,54,72,57,89,6
2,resize-burst,base,55,1168,52,723,323
2,resize-burst,base,56,1864,168,633,531
2,resize-burst,base,57,158,39,60,7
2,resize-burst,base,58,805,30,514,200
2,resize-burst,base,59,916,91,185,268
2,resize-burst,base,60,94,27,50,7
2,resize-burst,base,61,699,29,506,181
2,resize-burst,base,62,1241,128,426,418
2,resize-burst,base,63,74,37,53,6
2,resize-burst,base,64,909,34,540,211
2,resize-burst,base,65,980,92,197,301
2,resize-burst,base,66,101,38,54,6
2,resize-burst,base,67,672,28,461,198
2,resize-burst,base,68,1151,133,434,416
2,resize-burst,base,69,88,56,65,5
2,resize-burst,base,70,1148,40,622,203
2,resize-burst,base,71,979,97,206,313
2,resize-burst,base,72,70,52,80,5
2,resize-burst,base,73,954,53,584,261
2,resize-burst,base,74,1521,146,568,515
2,resize-burst,base,75,72,53,77,6
2,resize-burst,base,76,1232,43,690,293
2,resize-burst,base,77,1127,107,249,342
2,resize-burst,base,78,112,45,66,7
2,resize-burst,base,79,843,37,558,235
2,resize-burst,base,80,1566,153,572,583
2,resize-burst,base,81,113,37,54,7
2,resize-burst,base,82,814,31,528,206
2,resize-burst,base,83,818,85,184,288
2,resize-burst,base,84,65,38,61,5
2,resize-burst,base,85,736,45,574,270
2,resize-burst,base,86,1417,139,515,496
2,resize-burst,base,87,62,54,77,5
2,resize-burst,base,88,1351,52,730,329
2,resize-burst,base,89,1030,99,272,300
2,resize-burst,base,90,81,56,86,8
2,resize-burst,base,91,1184,72,729,330
2,resize-burst,base,92,1956,191,740,628
2,resize-burst,base,93,77,62,121,6
2,resize-burst,base,94,1561,60,767,370
2,resize-burst,base,95,953,96,247,303
2,resize-burst,base,96,108,42,74,9
2,resize-burst,base,97,726,33,501,219
2,resize-burst,base,98,1311,130,460,430
2,resize-burst,base,99,92,42,70,6
2,resize-burst,base,100,946,38,511,228
2,resize-burst,base,101,725,87,194,259
2,resize-burst,base,102,107,40,59,7
2,resize-burst,base,103,618,27,482,203
2,resize-burst,base,104,1347,136,469,409
2,resize-burst,base,105,166,44,70,7
2,resize-burst,base,106,895,37,665,252
2,resize-burst,base,107,739,90,189,221
2,resize-burst,base,108,101,38,65,5
2,resize-burst,base,109,725,33,494,225
2,resize-burst,base,110,1229,128,404,398
2,resize-burst,base,111,109,46,78,7
2,resize-burst,base,112,934,36,595,261
2,resize-burst,base,113,1006,104,199,310
2,resize-burst,base,114,90,40,73,7
2,resize-burst,base,115,693,35,479,225
2,resize-burst,base,116,1263,154,467,461
2,resize-burst,base,117,108,46,85,11
2,resize-burst,base,118,962,62,575,246
2,resize-burst,base,119,979,117,239,340
2,resize-burst,base,120,112,39,60,6
2,resize-burst,base,121,754,36,519,228
2,resize-burst,base,122,1365,147,532,460
2,resize-burst,base,123,113,50,76,6
2,resize-burst,base,124,942,43,585,240
2,resize-burst,base,125,1019,106,222,310
2,resize-burst,base,126,100,44,62,7
2,resize-burst,base,127,715,33,522,217
2,resize-burst,base,128,1235,138,463,426
2,resize-burst,base,129,105,44,65,6
2,resize-burst,base,130,1064,48,683,283
2,resize-burst,base,131,1020,102,241,378
2,resize-burst,base,132,87,47,78,6
2,resize-burst,base,133,883,37,606,270
2,resize-burst,base,134,1507,168,571,514
2,resize-burst,base,135,82,40,61,5
2,resize-burst,base,136,1235,42,769,286
2,resize-burst,base,137,1071,118,241,334
2,resize-burst,base,138,85,44,72,6
2,resize-burst,base,139,862,50,636,302
2,resize-burst,base,140,1775,181,674,525
2,resize-burst,base,141,71,56,86,6
2,resize-burst,base,142,1529,69,844,388
2,resize-burst,base,143,1084,112,259,347
2,resize-burst,base,144,114,68,99,7
2,resize-burst,base,145,1275,54,870,360
2,resize-burst,base,146,2307,223,889,990
2,resize-burst,base,147,121,50,91,10
2,resize-burst,base,148,1721,64,986,364
2,resize-burst,base,149,1293,152,288,436
2,resize-burst,base,150,75,56,92,7
2,resize-burst,base,151,1177,49,745,351
2,resize-burst,base,152,1960,197,794,618
2,resize-burst,base,153,197,46,72,7
2,resize-burst,base,154,1357,50,846,315
2,resize-burst,base,155,1208,128,275,388
2,resize-burst,base,156,114,51,86,8
2,resize-burst,base,157,1325,66,859,348
2,resize-burst,base,158,2258,211,865,730
2,resize-burst,base,159,91,62,101,9
2,resize-burst,base,160,1743,66,1092,485
2,resize-burst,base,161,1382,167,414,619
2,resize-burst,base,162,142,71,124,13
2,resize-burst,base,163,1480,63,1012,453
2,resize-burst,base,164,2638,285,926,838
2,resize-burst,base,165,195,54,98,9
2,resize-burst,base,166,1702,68,1012,399
2,resize-burst,base,167,1398,143,333,448
2,resize-burst,base,168,106,75,116,10
2,resize-burst,base,169,1112,51,683,343
2,resize-burst,base,170,1609,174,599,495
2,resize-burst,base,171,101,59,100,16
2,resize-burst,base,172,2185,90,1204,481
2,resize-burst,base,173,1560,151,404,579
2,resize-burst,base,174,112,66,109,9
2,resize-burst,base,175,1536,89,973,405
2,resize-burst,base,176,2161,214,828,658
2,resize-burst,base,177,117,58,86,7
2,resize-burst,base,178,1502,65,918,380
2,resize-burst,base,179,1225,125,284,389
2,resize-burst,base,180,176,39,67,7
2,resize-burst,base,181,681,33,539,217
2,resize-burst,base,182,1277,146,474,440
2,resize-burst,base,183,68,41,65,6
2,resize-burst,base,184,959,59,597,242
2,resize-burst,base,185,835,97,187,290
2,resize-burst,base,186,140,48,70,5
2,resize-burst,base,187,799,43,591,225
2,resize-burst,base,188,1208,142,472,483
2,resize-burst,base,189,117,45,70,6
2,resize-burst,base,190,855,31,535,215
2,resize-burst,base,191,855,86,180,273
2,resize-burst,base,192,76,40,71,6
2,resize-burst,base,193,805,44,533,231
2,resize-burst,base,194,1387,153,516,487
2,resize-burst,base,195,108,43,63,5
2,resize-burst,base,196,1043,39,708,287
2,resize-burst,base,197,1023,112,233,338
2,resize-burst,base,198,91,41,67,8
2,resize-burst,base,199,945,43,650,326
2,resize-burst,base,200,1643,168,601,598
2,resize-burst,base,201,84,57,92,6
2,resize-burst,base,202,1469,49,815,317
2,resize-burst,base,203,1108,118,284,385
2,resize-burst,base,204,106,54,83,7
2,resize-burst,base,205,1116,57,773,321
2,resize-burst,base,206,2088,241,824,784
2,resize-burst,base,207,92,49,84,7
2,resize-burst,base,208,1687,63,1034,426
2,resize-burst,base,209,1404,144,326,480
2,resize-burst,base,210,95,103,169,10
2,resize-burst,base,211,1444,83,837,391
2,resize-burst,base,212,2229,241,967,777
2,resize-burst,base,213,147,92,147,8
2,resize-burst,base,214,2170,134,1283,447
2,resize-burst,base,215,1835,169,407,594
2,resize-burst,base,216,180,124,161,13
2,resize-burst,base,217,1835,91,1202,492
2,resize-burst,base,218,2937,290,1097,872
2,resize-burst,base,219,137,58,113,10
2,resize-burst,base,220,2019,69,1066,406
2,resize-burst,base,221,1605,162,376,475
2,resize-burst,base,222,131,86,144,12
2,resize-burst,base,223,1602,82,1196,545
2,resize-burst,base,224,2897,261,899,838
2,resize-burst,base,225,228,89,142,15
2,resize-burst,base,226,1754,66,1212,520
2,resize-burst,base,227,1774,194,350,742
2,resize-burst,base,228,149,63,126,13
2,resize-burst,base,229,1553,94,969,536
2,resize-burst,base,230,2162,311,1038,773
2,resize-burst,base,231,205,58,89,8
2,resize-burst,base,232,1733,67,1014,402
2,resize-burst,base,233,1348,142,326,429
2,resize-burst,base,234,101,118,153,8
2,resize-burst,base,235,1722,94,1126,474
2,resize-burst,base,236,2268,210,844,703
2,resize-burst,base,237,118,58,94,8
2,resize-burst,base,238,1721,67,1044,454
2,resize-burst,base,239,1334,141,323,433
2,resize-burst,base,240,105,44,70,8
2,resize-burst,base,241,796,34,557,266
2,resize-burst,base,242,1355,149,539,471
2,resize-burst,base,243,91,65,101,7
2,resize-burst,base,244,2172,68,1040,411
2,resize-burst,base,245,1462,162,419,494
2,resize-burst,base,246,148,58,90,10
2,resize-burst,base,247,1258,58,923,365
2,resize-burst,base,248,2390,238,960,789
2,resize-burst,base,249,121,54,107,7
2,resize-burst,base,250,2059,83,1226,472
2,resize-burst,base,251,1559,182,384,558
2,resize-burst,base,252,119,98,151,12
2,resize-burst,base,253,1554,73,1107,533
2,resize-burst,base,254,2713,273,1175,1022
2,resize-burst,base,255,177,63,127,9
2,resize-burst,base,256,2180,89,1473,593
2,resize-burst,base,257,2034,205,409,640
2,resize-burst,base,258,93,57,122,8
2,resize-burst,base,259,1366,64,980,387
2,resize-burst,base,260,2390,280,964,734
2,resize-burst,base,261,127,58,96,13
2,resize-burst,base,262,1757,61,1047,424
2,resize-burst,base,263,1563,150,367,543
2,resize-burst,base,264,102,66,117,9
2,resize-burst,base,265,1511,70,1045,486
2,resize-burst,base,266,2487,241,891,766
2,resize-burst,base,267,119,56,99,7
2,resize-burst,base,268,1676,61,1011,391
2,resize-burst,base,269,1446,154,361,457
2,resize-burst,base,270,107,60,97,8
2,resize-burst,base,271,1298,59,877,376
2,resize-burst,base,272,2147,254,853,678
2,resize-burst,base,273,110,49,114,7
2,resize-burst,base,274,1674,65,933,418
2,resize-burst,base,275,1149,126,328,517
2,resize-burst,base,276,139,53,104,9
2,resize-burst,base,277,1539,69,893,386
2,resize-burst,base,278,2412,264,858,750
2,resize-burst,base,279,100,56,88,7
2,resize-burst,base,280,1717,67,1068,459
2,resize-burst,base,281,1350,141,331,454
2,resize-burst,base,282,145,71,139,9
2,resize-burst,base,283,1453,61,896,429
2,resize-burst,base,284,2047,239,906,782
2,resize-burst,base,285,92,51,85,7
2,resize-burst,base,286,1734,63,1044,399
2,resize-burst,base,287,1450,160,349,551
2,resize-burst,base,288,98,65,120,8
2,resize-burst,base,289,1524,69,1185,468
2,resize-burst,base,290,2503,259,911,743
2,resize-burst,base,291,118,63,97,8
2,resize-burst,base,292,1771,67,1116,436
2,resize-burst,base,293,1705,170,407,487
2,resize-burst,base,294,110,101,168,9
2,resize-burst,base,295,1768,75,1116,555
2,resize-burst,base,296,2418,228,876,739
2,resize-burst,base,297,118,57,87,9
2,resize-burst,base,298,1652,77,1070,413
2,resize-burst,base,299,1515,148,318,490
2,resize-burst,base,300,118,97,159,21
2,resize-burst,base,301,1728,85,997,353
2,resize-burst,base,302,2391,248,1043,843
2,resize-burst,base,303,79,66,107,9
2,resize-burst,base,304,1731,85,1187,449
2,resize-burst,base,305,1524,148,332,442
2,resize-burst,base,306,117,64,114,10
2,resize-burst,base,307,1286,59,845,369
2,resize-burst,base,308,2017,212,892,783
2,resize-burst,base,309,104,59,98,9
2,resize-burst,base,310,2042,92,1199,445
2,resize-burst,base,311,1397,138,380,479
2,resize-burst,base,312,120,54,90,9
2,resize-burst,base,313,1519,68,1024,380
2,resize-burst,base,314,2600,261,1066,852
2,resize-burst,base,315,195,83,134,9
2,resize-burst,base,316,2058,84,1215,551
2,resize-burst,base,317,1835,200,390,568
2,resize-burst,base,318,159,61,99,13
2,resize-burst,base,319,1280,74,979,489
2,resize-burst,base,320,2279,239,877,741
2,resize-burst,base,321,125,61,92,9
2,resize-burst,base,322,1668,77,1063,432
2,resize-burst,base,323,1362,147,345,477
2,resize-burst,base,324,94,55,96,10
2,resize-burst,base,325,1508,70,1001,448
2,resize-burst,base,326,2180,281,974,1106
2,resize-burst,base,327,148,57,107,10
2,resize-burst,base,328,1395,58,961,406
2,resize-burst,base,329,1571,183,435,551
2,resize-burst,base,330,91,98,152,10
2,resize-burst,base,331,1886,87,1064,468
2,resize-burst,base,332,2390,311,1101,856
2,resize-burst,base,333,165,107,223,12
2,resize-burst,base,334,2841,97,1300,553
2,resize-burst,base,335,1750,177,390,570
2,resize-burst,base,336,100,108,157,8
2,resize-burst,base,337,2483,128,1374,483
2,resize-burst,base,338,2066,220,863,719
2,resize-burst,base,339,120,88,398,9
2,resize-burst,base,340,1440,48,670,289
2,resize-burst,base,341,979,101,213,328
2,resize-burst,base,342,111,91,130,7
2,resize-burst,base,343,1928,102,1111,447
2,resize-burst,base,344,2590,237,999,875
2,resize-burst,base,345,117,81,143,9
2,resize-burst,base,346,2684,95,1271,495
2,resize-burst,base,347,1645,167,421,463
2,resize-burst,base,348,132,59,100,10
2,resize-burst,base,349,1531,95,1003,423
2,resize-burst,base,350,2510,252,988,855
2,resize-burst,base,351,144,66,100,9
2,resize-burst,base,352,1606,83,1061,419
2,resize-burst,base,353,1534,171,296,450
2,resize-burst,base,354,144,136,257,39
2,resize-burst,base,355,1412,67,890,400
2,resize-burst,base,356,2364,251,1047,783
2,resize-burst,base,357,99,41,63,8
2,resize-burst,base,358,816,31,526,271
2,resize-burst,base,359,831,92,200,281
2,resize-burst,base,360,75,41,66,8
2,resize-burst,base,361,864,49,541,266
2,resize-burst,base,362,1376,163,543,502
2,resize-burst,base,363,115,56,65,6
2,resize-burst,base,364,1079,37,594,260
2,resize-burst,base,365,1008,98,201,491
2,resize-burst,base,366,63,43,79,6
2,resize-burst,base,367,920,42,582,300
2,resize-burst,base,368,1600,169,635,586
2,resize-burst,base,369,84,53,87,7
2,resize-burst,base,370,1468,55,831,345
2,resize-burst,base,371,1249,124,325,404
2,resize-burst,base,372,107,52,87,6
2,resize-burst,base,373,1287,80,852,351
2,resize-burst,base,374,2172,221,818,847
2,resize-burst,base,375,196,58,85,8
2,resize-burst,base,376,1748,58,898,366
2,resize-burst,base,377,1420,146,330,525
2,resize-burst,base,378,88,76,127,9
2,resize-burst,base,379,1353,65,792,378
2,resize-burst,base,380,2022,203,808,725
2,resize-burst,base,381,185,55,87,10
2,resize-burst,base,382,1679,65,960,402
2,resize-burst,base,383,1479,148,323,459
2,resize-burst,base,384,111,52,81,9
2,resize-burst,base,385,890,43,614,288
2,resize-burst,base,386,1515,152,556,541
2,resize-burst,base,387,103,94,46052,3358
2,resize-burst,candidate,0,2767,128,598,311
2,resize-burst,candidate,1,1557,35,540,227
2,resize-burst,candidate,2,2739,143,545,501
2,resize-burst,candidate,3,110,46,64,6
2,resize-burst,candidate,4,1963,44,679,287
2,resize-burst,candidate,5,1690,102,231,317
2,resize-burst,candidate,6,103,40,62,6
2,resize-burst,candidate,7,1416,37,547,248
2,resize-burst,candidate,8,2180,152,607,515
2,resize-burst,candidate,9,91,55,79,5
2,resize-burst,candidate,10,1925,56,760,343
2,resize-burst,candidate,11,1760,109,246,326
2,resize-burst,candidate,12,173,44,79,7
2,resize-burst,candidate,13,1413,48,727,335
2,resize-burst,candidate,14,2174,166,648,588
2,resize-burst,candidate,15,128,46,65,6
2,resize-burst,candidate,16,1731,47,822,308
2,resize-burst,candidate,17,1574,135,285,396
2,resize-burst,candidate,18,61,53,89,6
2,resize-burst,candidate,19,1488,50,741,333
2,resize-burst,candidate,20,2196,188,718,668
2,resize-burst,candidate,21,93,50,76,6
2,resize-burst,candidate,22,1778,60,936,383
2,resize-burst,candidate,23,1811,130,332,395
2,resize-burst,candidate,24,68,49,83,9
2,resize-burst,candidate,25,1462,49,674,316
2,resize-burst,candidate,26,2082,188,719,663
2,resize-burst,candidate,27,166,50,86,6
2,resize-burst,candidate,28,2090,67,1031,402
2,resize-burst,candidate,29,1678,127,323,463
2,resize-burst,candidate,30,61,55,96,6
2,resize-burst,candidate,31,1748,58,838,390
2,resize-burst,candidate,32,2558,205,837,747
2,resize-burst,candidate,33,137,42,85,7
2,resize-burst,candidate,34,1738,61,861,332
2,resize-burst,candidate,35,1370,121,293,380
2,resize-burst,candidate,36,169,48,76,6
2,resize-burst,candidate,37,1194,54,683,299
2,resize-burst,candidate,38,1957,184,718,644
2,resize-burst,candidate,39,49,58,90,6
2,resize-burst,candidate,40,1744,68,857,381
2,resize-burst,candidate,41,1324,113,313,373
2,resize-burst,candidate,42,170,57,89,8
2,resize-burst,candidate,43,1463,71,827,346
2,resize-burst,candidate,44,2211,215,834,699
2,resize-burst,candidate,45,69,58,103,8
2,resize-burst,candidate,46,2160,71,1028,413
2,resize-burst,candidate,47,1361,130,318,414
2,resize-burst,candidate,48,73,54,105,6
2,resize-burst,candidate,49,1323,56,835,309
2,resize-burst,candidate,50,2280,214,834,711
2,resize-burst,candidate,51,69,51,94,7
2,resize-burst,candidate,52,1729,54,872,378
2,resize-burst,candidate,53,1290,132,299,351
2,resize-burst,candidate,54,52,82,121,8
2,resize-burst,candidate,55,1424,80,905,442
2,resize-burst,candidate,56,2110,199,824,656
2,resize-burst,candidate,57,88,38,56,18
2,resize-burst,candidate,58,830,35,538,221
2,resize-burst,candidate,59,827,92,173,275
2,resize-burst,candidate,60,51,25,48,7
2,resize-burst,candidate,61,699,30,518,178
2,resize-burst,candidate,62,1248,124,434,402
2,resize-burst,candidate,63,75,36,52,7
2,resize-burst,candidate,64,847,32,506,213
2,resize-burst,candidate,65,842,85,186,254
2,resize-burst,candidate,66,69,38,62,6
2,resize-burst,candidate,67,685,26,468,200
2,resize-burst,candidate,68,1209,131,452,404
2,resize-burst,candidate,69,40,35,59,6
2,resize-burst,candidate,70,1053,38,604,248
2,resize-burst,candidate,71,903,94,207,310
2,resize-burst,candidate,72,45,55,77,4
2,resize-burst,candidate,73,898,45,599,269
2,resize-burst,candidate,74,1588,149,529,493
2,resize-burst,candidate,75,50,38,61,6
2,resize-burst,candidate,76,1050,36,587,251
2,resize-burst,candidate,77,973,89,221,312
2,resize-burst,candidate,78,71,43,67,6
2,resize-burst,candidate,79,767,34,523,227
2,resize-burst,candidate,80,1416,139,524,544
2,resize-burst,candidate,81,46,49,78,6
2,resize-burst,candidate,82,1118,43,651,293
2,resize-burst,candidate,83,884,90,221,305
2,resize-burst,candidate,84,58,44,74,6
2,resize-burst,candidate,85,968,49,698,283
2,resize-burst,candidate,86,1906,179,721,626
2,resize-burst,candidate,87,44,53,91,5
2,resize-burst,candidate,88,1506,56,901,373
2,resize-burst,candidate,89,1260,112,316,400
2,resize-burst,candidate,90,81,48,85,8
2,resize-burst,candidate,91,1157,71,778,379
2,resize-burst,candidate,92,2146,205,829,655
2,resize-burst,candidate,93,104,58,122,10
2,resize-burst,candidate,94,1623,57,897,387
2,resize-burst,candidate,95,1339,120,284,385
2,resize-burst,candidate,96,54,50,92,20
2,resize-burst,candidate,97,1236,50,764,349
2,resize-burst,candidate,98,1865,177,716,577
2,resize-burst,candidate,99,80,51,97,8
2,resize-burst,candidate,100,1547,61,911,366
2,resize-burst,candidate,101,1161,126,296,417
2,resize-burst,candidate,102,53,52,86,7
2,resize-burst,candidate,103,1069,49,813,350
2,resize-burst,candidate,104,2133,190,825,633
2,resize-burst,candidate,105,68,47,73,7
2,resize-burst,candidate,106,1414,52,829,358
2,resize-burst,candidate,107,1127,119,279,374
2,resize-burst,candidate,108,52,58,94,7
2,resize-burst,candidate,109,1243,55,867,400
2,resize-burst,candidate,110,2042,214,908,685
2,resize-burst,candidate,111,67,56,105,7
2,resize-burst,candidate,112,1627,63,876,389
2,resize-burst,candidate,113,1191,128,298,431
2,resize-burst,candidate,114,52,57,96,6
2,resize-burst,candidate,115,1267,57,833,381
2,resize-burst,candidate,116,2211,226,967,785
2,resize-burst,candidate,117,71,48,80,8
2,resize-burst,candidate,118,1696,86,938,367
2,resize-burst,candidate,119,1334,141,354,452
2,resize-burst,candidate,120,46,63,98,7
2,resize-burst,candidate,121,1312,49,707,322
2,resize-burst,candidate,122,1952,195,815,648
2,resize-burst,candidate,123,65,58,104,10
2,resize-burst,candidate,124,1533,61,861,397
2,resize-burst,candidate,125,1187,120,284,358
2,resize-burst,candidate,126,49,60,94,7
2,resize-burst,candidate,127,1246,56,955,385
2,resize-burst,candidate,128,2356,224,820,759
2,resize-burst,candidate,129,58,70,112,7
2,resize-burst,candidate,130,1739,65,1071,441
2,resize-burst,candidate,131,1479,153,338,437
2,resize-burst,candidate,132,74,51,84,6
2,resize-burst,candidate,133,1205,54,840,361
2,resize-burst,candidate,134,2053,234,817,696
2,resize-burst,candidate,135,72,59,114,7
2,resize-burst,candidate,136,1724,67,1017,410
2,resize-burst,candidate,137,1396,152,344,435
2,resize-burst,candidate,138,73,66,89,6
2,resize-burst,candidate,139,1193,53,860,339
2,resize-burst,candidate,140,2112,213,813,739
2,resize-burst,candidate,141,49,66,106,7
2,resize-burst,candidate,142,1566,59,949,412
2,resize-burst,candidate,143,1221,111,270,351
2,resize-burst,candidate,144,75,48,81,6
2,resize-burst,candidate,145,1113,48,734,319
2,resize-burst,candidate,146,1811,179,715,635
2,resize-burst,candidate,147,45,55,83,7
2,resize-burst,candidate,148,1334,52,777,355
2,resize-burst,candidate,149,1046,104,232,324
2,resize-burst,candidate,150,42,49,82,6
2,resize-burst,candidate,151,984,44,702,301
2,resize-burst,candidate,152,1836,170,648,576
2,resize-burst,candidate,153,132,42,73,7
2,resize-burst,candidate,154,1287,46,781,317
2,resize-burst,candidate,155,1040,116,250,358
2,resize-burst,candidate,156,43,53,87,8
2,resize-burst,candidate,157,1101,50,684,326
2,resize-burst,candidate,158,1878,179,723,624
2,resize-burst,candidate,159,59,56,90,6
2,resize-burst,candidate,160,1489,59,894,374
2,resize-burst,candidate,161,1283,153,343,564
2,resize-burst,candidate,162,48,62,98,8
2,resize-burst,candidate,163,1239,58,968,380
2,resize-burst,candidate,164,2593,260,1019,874
2,resize-burst,candidate,165,114,56,112,7
2,resize-burst,candidate,166,1677,70,994,455
2,resize-burst,candidate,167,1249,126,322,408
2,resize-burst,candidate,168,75,90,134,8
2,resize-burst,candidate,169,1571,64,1044,509
2,resize-burst,candidate,170,2486,265,847,917
2,resize-burst,candidate,171,52,57,94,7
2,resize-burst,candidate,172,1686,69,1020,404
2,resize-burst,candidate,173,1260,122,335,406
2,resize-burst,candidate,174,62,59,97,6
2,resize-burst,candidate,175,1263,60,934,397
2,resize-burst,candidate,176,2268,235,850,762
2,resize-burst,candidate,177,62,50,85,6
2,resize-burst,candidate,178,1654,68,1008,408
2,resize-burst,candidate,179,1359,140,329,435
2,resize-burst,candidate,180,55,58,96,8
2,resize-burst,candidate,181,1259,58,862,385
2,resize-burst,candidate,182,1983,208,880,673
2,resize-burst,candidate,183,88,66,100,7
2,resize-burst,candidate,184,1730,93,996,416
2,resize-burst,candidate,185,1397,136,325,458
2,resize-burst,candidate,186,78,60,100,11
2,resize-burst,candidate,187,1258,58,983,374
2,resize-burst,candidate,188,2527,279,973,926
2,resize-burst,candidate,189,63,65,119,8
2,resize-burst,candidate,190,1301,52,788,353
2,resize-burst,candidate,191,1070,101,258,337
2,resize-burst,candidate,192,77,119,195,7
2,resize-burst,candidate,193,1911,87,1044,489
2,resize-burst,candidate,194,2446,263,943,847
2,resize-burst,candidate,195,51,71,113,7
2,resize-burst,candidate,196,1742,68,1058,456
2,resize-burst,candidate,197,1422,146,334,484
2,resize-burst,candidate,198,108,90,152,10
2,resize-burst,candidate,199,1561,68,906,505
2,resize-burst,candidate,200,2105,209,836,725
2,resize-burst,candidate,201,56,49,72,7
2,resize-burst,candidate,202,1086,49,668,333
2,resize-burst,candidate,203,865,92,222,342
2,resize-burst,candidate,204,73,60,101,10
2,resize-burst,candidate,205,1461,76,943,432
2,resize-burst,candidate,206,2332,258,969,799
2,resize-burst,candidate,207,58,81,128,7
2,resize-burst,candidate,208,2209,92,1225,503
2,resize-burst,candidate,209,1586,178,329,541
2,resize-burst,candidate,210,62,105,160,10
2,resize-burst,candidate,211,1653,122,845,510
2,resize-burst,candidate,212,2107,220,825,655
2,resize-burst,candidate,213,76,54,92,19
2,resize-burst,candidate,214,1729,75,1006,428
2,resize-burst,candidate,215,1313,138,341,434
2,resize-burst,candidate,216,84,106,143,8
2,resize-burst,candidate,217,1479,98,899,507
2,resize-burst,candidate,218,2046,199,819,698
2,resize-burst,candidate,219,60,48,83,7
2,resize-burst,candidate,220,1427,59,811,336
2,resize-burst,candidate,221,1091,106,268,353
2,resize-burst,candidate,222,69,62,93,7
2,resize-burst,candidate,223,1285,64,914,372
2,resize-burst,candidate,224,2184,223,823,742
2,resize-burst,candidate,225,47,51,87,6
2,resize-burst,candidate,226,1656,63,1029,410
2,resize-burst,candidate,227,1381,140,326,449
2,resize-burst,candidate,228,48,95,141,7
2,resize-burst,candidate,229,1532,75,940,513
2,resize-burst,candidate,230,2225,223,800,653
2,resize-burst,candidate,231,50,61,98,6
2,resize-burst,candidate,232,1645,62,1038,431
2,resize-burst,candidate,233,1295,133,311,386
2,resize-burst,candidate,234,127,61,98,8
2,resize-burst,candidate,235,1432,67,1014,418
2,resize-burst,candidate,236,2387,237,955,825
2,resize-burst,candidate,237,63,65,107,10
2,resize-burst,candidate,238,2031,79,1210,487
2,resize-burst,candidate,239,1328,139,326,422
2,resize-burst,candidate,240,43,82,127,7
2,resize-burst,candidate,241,1629,74,1303,493
2,resize-burst,candidate,242,2781,300,960,908
2,resize-burst,candidate,243,96,114,162,10
2,resize-burst,candidate,244,2137,79,1164,599
2,resize-burst,candidate,245,1516,175,350,478
2,resize-burst,candidate,246,65,63,120,8
2,resize-burst,candidate,247,1518,69,1048,437
2,resize-burst,candidate,248,2424,244,966,883
2,resize-burst,candidate,249,85,60,97,8
2,resize-burst,candidate,250,2056,84,1187,509
2,resize-burst,candidate,251,1434,160,335,474
2,resize-burst,candidate,252,58,86,126,9
2,resize-burst,candidate,253,1429,60,985,531
2,resize-burst,candidate,254,2524,296,876,953
2,resize-burst,candidate,255,60,77,114,7
2,resize-burst,candidate,256,1727,68,1053,458
2,resize-burst,candidate,257,1320,130,326,415
2,resize-burst,candidate,258,53,73,122,6
2,resize-burst,candidate,259,1488,72,1091,474
2,resize-burst,candidate,260,2571,273,1020,906
2,resize-burst,candidate,261,135,66,112,8
2,resize-burst,candidate,262,2041,79,1162,490
2,resize-burst,candidate,263,1453,144,380,513
2,resize-burst,candidate,264,87,89,142,9
2,resize-burst,candidate,265,1688,72,1090,491
2,resize-burst,candidate,266,2502,268,980,936
2,resize-burst,candidate,267,57,74,114,7
2,resize-burst,candidate,268,2019,76,1255,517
2,resize-burst,candidate,269,1571,167,409,546
2,resize-burst,candidate,270,75,51,88,21
2,resize-burst,candidate,271,1276,70,852,349
2,resize-burst,candidate,272,2361,212,826,716
2,resize-burst,candidate,273,69,70,129,6
2,resize-burst,candidate,274,1544,61,959,433
2,resize-burst,candidate,275,1415,149,306,485
2,resize-burst,candidate,276,60,78,135,8
2,resize-burst,candidate,277,1533,77,1091,489
2,resize-burst,candidate,278,2538,291,1021,904
2,resize-burst,candidate,279,80,64,101,9
2,resize-burst,candidate,280,1732,69,1066,464
2,resize-burst,candidate,281,1439,144,322,417
2,resize-burst,candidate,282,69,52,98,7
2,resize-burst,candidate,283,1228,55,846,351
2,resize-burst,candidate,284,2069,201,808,681
2,resize-burst,candidate,285,67,64,100,7
2,resize-burst,candidate,286,1748,67,1012,417
2,resize-burst,candidate,287,1322,141,338,451
2,resize-burst,candidate,288,46,52,104,6
2,resize-burst,candidate,289,1225,54,907,358
2,resize-burst,candidate,290,2349,240,849,701
2,resize-burst,candidate,291,77,75,111,12
2,resize-burst,candidate,292,1803,67,1106,456
2,resize-burst,candidate,293,1540,169,340,505
2,resize-burst,candidate,294,53,102,165,8
2,resize-burst,candidate,295,1572,72,1087,557
2,resize-burst,candidate,296,2514,285,742,888
2,resize-burst,candidate,297,53,47,78,7
2,resize-burst,candidate,298,1391,63,874,344
2,resize-burst,candidate,299,1209,126,283,412
2,resize-burst,candidate,300,82,51,83,7
2,resize-burst,candidate,301,1060,49,828,311
2,resize-burst,candidate,302,2080,203,718,671
2,resize-burst,candidate,303,72,48,78,18
2,resize-burst,candidate,304,1418,71,887,384
2,resize-burst,candidate,305,1211,118,288,386
2,resize-burst,candidate,306,53,70,111,7
2,resize-burst,candidate,307,1208,53,809,371
2,resize-burst,candidate,308,2009,204,815,719
2,resize-burst,candidate,309,53,60,93,7
2,resize-burst,candidate,310,1665,74,1001,410
2,resize-burst,candidate,311,1262,127,308,439
2,resize-burst,candidate,312,68,44,69,6
2,resize-burst,candidate,313,831,37,557,254
2,resize-burst,candidate,314,1278,133,496,449
2,resize-burst,candidate,315,65,47,66,6
2,resize-burst,candidate,316,885,37,556,231
2,resize-burst,candidate,317,848,93,194,309
2,resize-burst,candidate,318,92,41,62,7
2,resize-burst,candidate,319,665,30,516,208
2,resize-burst,candidate,320,1268,130,483,467
2,resize-burst,candidate,321,45,43,68,5
2,resize-burst,candidate,322,1019,53,643,265
2,resize-burst,candidate,323,891,99,224,314
2,resize-burst,candidate,324,41,52,82,6
2,resize-burst,candidate,325,1001,51,739,326
2,resize-burst,candidate,326,1893,233,707,833
2,resize-burst,candidate,327,49,59,105,7
2,resize-burst,candidate,328,1433,55,868,371
2,resize-burst,candidate,329,1220,132,331,413
2,resize-burst,candidate,330,41,58,104,6
2,resize-burst,candidate,331,1225,58,871,370
2,resize-burst,candidate,332,2153,221,949,658
2,resize-burst,candidate,333,61,65,110,7
2,resize-burst,candidate,334,2002,80,1181,483
2,resize-burst,candidate,335,1491,154,367,478
2,resize-burst,candidate,336,163,100,155,11
2,resize-burst,candidate,337,1695,87,1061,532
2,resize-burst,candidate,338,2353,233,952,740
2,resize-burst,candidate,339,83,40,66,7
2,resize-burst,candidate,340,1119,42,641,274
2,resize-burst,candidate,341,872,88,218,292
2,resize-burst,candidate,342,57,46,74,6
2,resize-burst,candidate,343,894,53,745,293
2,resize-burst,candidate,344,1899,178,638,607
2,resize-burst,candidate,345,47,52,86,6
2,resize-burst,candidate,346,1411,58,860,369
2,resize-burst,candidate,347,1069,106,275,356
2,resize-burst,candidate,348,72,47,83,6
2,resize-burst,candidate,349,1165,76,863,328
2,resize-burst,candidate,350,2091,225,819,741
2,resize-burst,candidate,351,53,57,93,6
2,resize-burst,candidate,352,1650,94,974,416
2,resize-burst,candidate,353,1256,122,321,395
2,resize-burst,candidate,354,82,51,87,9
2,resize-burst,candidate,355,1183,63,903,353
2,resize-burst,candidate,356,2296,243,863,814
2,resize-burst,candidate,357,63,72,108,7
2,resize-burst,candidate,358,1702,67,1023,452
2,resize-burst,candidate,359,1380,150,337,492
2,resize-burst,candidate,360,43,80,127,7
2,resize-burst,candidate,361,1509,79,1048,489
2,resize-burst,candidate,362,2272,244,1089,815
2,resize-burst,candidate,363,115,69,83,8
2,resize-burst,candidate,364,1600,49,728,313
2,resize-burst,candidate,365,1196,106,272,586
2,resize-burst,candidate,366,40,57,96,7
2,resize-burst,candidate,367,1203,55,773,364
2,resize-burst,candidate,368,2019,206,782,728
2,resize-burst,candidate,369,69,110,169,8
2,resize-burst,candidate,370,1951,85,1054,547
2,resize-burst,candidate,371,1349,161,338,453
2,resize-burst,candidate,372,118,90,174,10
2,resize-burst,candidate,373,1350,58,904,450
2,resize-burst,candidate,374,2223,259,660,831
2,resize-burst,candidate,375,112,47,82,7
2,resize-burst,candidate,376,1270,53,722,359
2,resize-burst,candidate,377,1083,112,274,355
2,resize-burst,candidate,378,69,49,69,8
2,resize-burst,candidate,379,812,36,513,241
2,resize-burst,candidate,380,1390,143,474,444
2,resize-burst,candidate,381,74,41,58,6
2,resize-burst,candidate,382,746,29,496,223
2,resize-burst,candidate,383,807,85,161,260
2,resize-burst,candidate,384,49,37,53,6
2,resize-burst,candidate,385,566,26,412,193
2,resize-burst,candidate,386,1045,120,398,391
2,resize-burst,candidate,387,72,92,46096,3289
2,single-dirty-cell-160x50,base,0,1556,47,473,279
2,single-dirty-cell-160x50,base,1,801,33,474,291
2,single-dirty-cell-160x50,base,2,717,36,494,301
2,single-dirty-cell-160x50,base,3,777,31,527,311
2,single-dirty-cell-160x50,base,4,856,31,536,311
2,single-dirty-cell-160x50,base,5,922,36,639,379
2,single-dirty-cell-160x50,base,6,1025,42,795,396
2,single-dirty-cell-160x50,base,7,1533,65,924,586
2,single-dirty-cell-160x50,base,8,1450,77,804,533
2,single-dirty-cell-160x50,base,9,1443,75,1152,686
2,single-dirty-cell-160x50,base,10,1294,83,807,524
2,single-dirty-cell-160x50,base,11,1209,71,929,701
2,single-dirty-cell-160x50,base,12,1333,82,939,674
2,single-dirty-cell-160x50,base,13,1068,77,780,538
2,single-dirty-cell-160x50,base,14,794,39,674,396
2,single-dirty-cell-160x50,base,15,1221,53,709,516
2,single-dirty-cell-160x50,base,16,841,46,789,493
2,single-dirty-cell-160x50,base,17,1243,65,1062,690
2,single-dirty-cell-160x50,base,18,2307,133,978,623
2,single-dirty-cell-160x50,base,19,1272,86,810,610
2,single-dirty-cell-160x50,base,20,914,41,760,444
2,single-dirty-cell-160x50,base,21,1482,50,799,523
2,single-dirty-cell-160x50,base,22,974,49,878,596
2,single-dirty-cell-160x50,base,23,1039,76,822,545
2,single-dirty-cell-160x50,base,24,1311,83,976,677
2,single-dirty-cell-160x50,base,25,2377,163,1382,713
2,single-dirty-cell-160x50,base,26,1156,85,829,583
2,single-dirty-cell-160x50,base,27,1447,75,972,710
2,single-dirty-cell-160x50,base,28,1310,117,1030,641
2,single-dirty-cell-160x50,base,29,1232,85,1058,677
2,single-dirty-cell-160x50,base,30,885,76,588,465
2,single-dirty-cell-160x50,base,31,396,28,381,236
2,single-dirty-cell-160x50,base,32,484,33,403,260
2,single-dirty-cell-160x50,base,33,461,30,402,253
2,single-dirty-cell-160x50,base,34,489,29,421,257
2,single-dirty-cell-160x50,base,35,418,31,414,264
2,single-dirty-cell-160x50,base,36,441,29,440,255
2,single-dirty-cell-160x50,base,37,400,29,370,231
2,single-dirty-cell-160x50,base,38,442,31,420,261
2,single-dirty-cell-160x50,base,39,415,28,470,255
2,single-dirty-cell-160x50,base,40,477,32,415,272
2,single-dirty-cell-160x50,base,41,416,31,396,235
2,single-dirty-cell-160x50,base,42,497,30,396,254
2,single-dirty-cell-160x50,base,43,396,32,366,228
2,single-dirty-cell-160x50,base,44,478,30,399,254
2,single-dirty-cell-160x50,base,45,394,28,382,250
2,single-dirty-cell-160x50,base,46,479,27,417,247
2,single-dirty-cell-160x50,base,47,424,33,398,252
2,single-dirty-cell-160x50,base,48,414,28,416,237
2,single-dirty-cell-160x50,base,49,454,33,445,300
2,single-dirty-cell-160x50,base,50,436,34,443,271
2,single-dirty-cell-160x50,base,51,494,32,441,275
2,single-dirty-cell-160x50,base,52,447,34,495,272
2,single-dirty-cell-160x50,base,53,526,33,429,281
2,single-dirty-cell-160x50,base,54,447,31,422,286
2,single-dirty-cell-160x50,base,55,512,32,446,279
2,single-dirty-cell-160x50,base,56,397,31,444,264
2,single-dirty-cell-160x50,base,57,527,33,437,300
2,single-dirty-cell-160x50,base,58,460,36,442,297
2,single-dirty-cell-160x50,base,59,515,32,453,266
2,single-dirty-cell-160x50,base,60,476,36,388,267
2,single-dirty-cell-160x50,base,61,543,32,441,274
2,single-dirty-cell-160x50,base,62,428,32,444,268
2,single-dirty-cell-160x50,base,63,477,30,427,333
2,single-dirty-cell-160x50,base,64,527,45,421,335
2,single-dirty-cell-160x50,base,65,467,33,442,277
2,single-dirty-cell-160x50,base,66,445,34,459,282
2,single-dirty-cell-160x50,base,67,507,35,457,375
2,single-dirty-cell-160x50,base,68,444,30,411,270
2,single-dirty-cell-160x50,base,69,516,34,466,281
2,single-dirty-cell-160x50,base,70,421,30,465,281
2,single-dirty-cell-160x50,base,71,537,34,454,295
2,single-dirty-cell-160x50,base,72,419,29,355,242
2,single-dirty-cell-160x50,base,73,557,35,467,289
2,single-dirty-cell-160x50,base,74,467,36,432,279
2,single-dirty-cell-160x50,base,75,481,29,409,261
2,single-dirty-cell-160x50,base,76,477,32,427,280
2,single-dirty-cell-160x50,base,77,489,36,456,295
2,single-dirty-cell-160x50,base,78,476,32,420,278
2,single-dirty-cell-160x50,base,79,517,32,465,302
2,single-dirty-cell-160x50,base,80,473,34,430,290
2,single-dirty-cell-160x50,base,81,485,32,456,294
2,single-dirty-cell-160x50,base,82,496,35,390,242
2,single-dirty-cell-160x50,base,83,538,31,437,289
2,single-dirty-cell-160x50,base,84,525,29,444,271
2,single-dirty-cell-160x50,base,85,517,33,438,283
2,single-dirty-cell-160x50,base,86,398,34,413,246
2,single-dirty-cell-160x50,base,87,403,27,463,256
2,single-dirty-cell-160x50,base,88,407,27,367,222
2,single-dirty-cell-160x50,base,89,451,33,427,267
2,single-dirty-cell-160x50,base,90,409,38,345,243
2,single-dirty-cell-160x50,base,91,479,35,420,258
2,single-dirty-cell-160x50,base,92,432,32,437,279
2,single-dirty-cell-160x50,base,93,448,32,409,271
2,single-dirty-cell-160x50,base,94,506,34,436,291
2,single-dirty-cell-160x50,base,95,440,33,433,279
2,single-dirty-cell-160x50,base,96,489,35,455,277
2,single-dirty-cell-160x50,base,97,425,31,431,270
2,single-dirty-cell-160x50,base,98,1020,34,447,274
2,single-dirty-cell-160x50,base,99,397,33,411,262
2,single-dirty-cell-160x50,base,100,517,34,460,282
2,single-dirty-cell-160x50,base,101,480,37,425,283
2,single-dirty-cell-160x50,base,102,698,37,462,294
2,single-dirty-cell-160x50,base,103,404,31,497,260
2,single-dirty-cell-160x50,base,104,542,34,460,282
2,single-dirty-cell-160x50,base,105,444,38,444,277
2,single-dirty-cell-160x50,base,106,554,36,435,276
2,single-dirty-cell-160x50,base,107,418,34,434,266
2,single-dirty-cell-160x50,base,108,432,29,391,263
2,single-dirty-cell-160x50,base,109,443,29,409,247
2,single-dirty-cell-160x50,base,110,479,32,430,276
2,single-dirty-cell-160x50,base,111,420,32,368,231
2,single-dirty-cell-160x50,base,112,403,30,415,282
2,single-dirty-cell-160x50,base,113,378,30,387,244
2,single-dirty-cell-160x50,base,114,434,31,417,257
2,single-dirty-cell-160x50,base,115,410,30,400,272
2,single-dirty-cell-160x50,base,116,533,30,464,269
2,single-dirty-cell-160x50,base,117,487,32,432,269
2,single-dirty-cell-160x50,base,118,458,31,446,300
2,single-dirty-cell-160x50,base,119,442,34,408,264
2,single-dirty-cell-160x50,base,120,508,32,422,263
2,single-dirty-cell-160x50,base,121,408,30,423,263
2,single-dirty-cell-160x50,base,122,457,32,424,273
2,single-dirty-cell-160x50,base,123,441,34,416,284
2,single-dirty-cell-160x50,base,124,475,30,447,269
2,single-dirty-cell-160x50,base,125,428,32,445,273
2,single-dirty-cell-160x50,base,126,467,32,430,276
2,single-dirty-cell-160x50,base,127,410,31,437,272
2,single-dirty-cell-160x50,base,128,463,32,462,286
2,single-dirty-cell-160x50,base,129,410,188,18655,2284
2,single-dirty-cell-160x50,candidate,0,571,0,0,117
2,single-dirty-cell-160x50,candidate,1,1695,28,405,257
2,single-dirty-cell-160x50,candidate,2,896,39,474,285
2,single-dirty-cell-160x50,candidate,3,708,30,440,279
2,single-dirty-cell-160x50,candidate,4,927,32,582,350
2,single-dirty-cell-160x50,candidate,5,849,31,536,325
2,single-dirty-cell-160x50,candidate,6,950,36,730,442
2,single-dirty-cell-160x50,candidate,7,1164,46,734,473
2,single-dirty-cell-160x50,candidate,8,1419,66,728,573
2,single-dirty-cell-160x50,candidate,9,637,28,427,278
2,single-dirty-cell-160x50,candidate,10,510,27,410,253
2,single-dirty-cell-160x50,candidate,11,475,32,387,226
2,single-dirty-cell-160x50,candidate,12,550,30,453,284
2,single-dirty-cell-160x50,candidate,13,563,30,436,266
2,single-dirty-cell-160x50,candidate,14,595,35,538,314
2,single-dirty-cell-160x50,candidate,15,674,33,640,370
2,single-dirty-cell-160x50,candidate,16,783,40,599,396
2,single-dirty-cell-160x50,candidate,17,697,37,651,403
2,single-dirty-cell-160x50,candidate,18,746,43,681,451
2,single-dirty-cell-160x50,candidate,19,1160,73,991,608
2,single-dirty-cell-160x50,candidate,20,1022,79,915,567
2,single-dirty-cell-160x50,candidate,21,674,45,637,375
2,single-dirty-cell-160x50,candidate,22,739,40,618,410
2,single-dirty-cell-160x50,candidate,23,809,40,758,436
2,single-dirty-cell-160x50,candidate,24,749,44,762,442
2,single-dirty-cell-160x50,candidate,25,852,52,782,481
2,single-dirty-cell-160x50,candidate,26,1124,72,1001,681
2,single-dirty-cell-160x50,candidate,27,1328,88,1153,796
2,single-dirty-cell-160x50,candidate,28,1161,84,964,676
2,single-dirty-cell-160x50,candidate,29,1113,77,1002,734
2,single-dirty-cell-160x50,candidate,30,1481,92,1138,733
2,single-dirty-cell-160x50,candidate,31,2031,147,1309,990
2,single-dirty-cell-160x50,candidate,32,433,31,447,303
2,single-dirty-cell-160x50,candidate,33,523,30,492,299
2,single-dirty-cell-160x50,candidate,34,459,25,413,248
2,single-dirty-cell-160x50,candidate,35,418,29,358,229
2,single-dirty-cell-160x50,candidate,36,436,31,418,256
2,single-dirty-cell-160x50,candidate,37,393,29,392,249
2,single-dirty-cell-160x50,candidate,38,377,26,409,247
2,single-dirty-cell-160x50,candidate,39,426,31,437,264
2,single-dirty-cell-160x50,candidate,40,477,28,426,260
2,single-dirty-cell-160x50,candidate,41,491,32,510,301
2,single-dirty-cell-160x50,candidate,42,537,39,553,327
2,single-dirty-cell-160x50,candidate,43,548,32,476,287
2,single-dirty-cell-160x50,candidate,44,564,33,637,358
2,single-dirty-cell-160x50,candidate,45,622,39,571,353
2,single-dirty-cell-160x50,candidate,46,910,61,716,481
2,single-dirty-cell-160x50,candidate,47,745,36,790,447
2,single-dirty-cell-160x50,candidate,48,1860,78,822,597
2,single-dirty-cell-160x50,candidate,49,1290,85,1065,695
2,single-dirty-cell-160x50,candidate,50,1048,86,1002,672
2,single-dirty-cell-160x50,candidate,51,983,81,842,555
2,single-dirty-cell-160x50,candidate,52,927,75,692,466
2,single-dirty-cell-160x50,candidate,53,892,49,798,576
2,single-dirty-cell-160x50,candidate,54,940,49,983,587
2,single-dirty-cell-160x50,candidate,55,2032,84,1141,713
2,single-dirty-cell-160x50,candidate,56,2507,99,900,599
2,single-dirty-cell-160x50,candidate,57,1220,87,1078,694
2,single-dirty-cell-160x50,candidate,58,1105,84,993,629
2,single-dirty-cell-160x50,candidate,59,1004,77,822,586
2,single-dirty-cell-160x50,candidate,60,1140,85,972,645
2,single-dirty-cell-160x50,candidate,61,909,79,909,607
2,single-dirty-cell-160x50,candidate,62,1138,78,783,537
2,single-dirty-cell-160x50,candidate,63,973,82,900,597
2,single-dirty-cell-160x50,candidate,64,929,78,797,523
2,single-dirty-cell-160x50,candidate,65,995,87,932,597
2,single-dirty-cell-160x50,candidate,66,959,81,910,559
2,single-dirty-cell-160x50,candidate,67,755,51,789,486
2,single-dirty-cell-160x50,candidate,68,952,80,985,666
2,single-dirty-cell-160x50,candidate,69,1053,76,950,562
2,single-dirty-cell-160x50,candidate,70,972,71,744,596
2,single-dirty-cell-160x50,candidate,71,930,80,934,606
2,single-dirty-cell-160x50,candidate,72,893,81,862,565
2,single-dirty-cell-160x50,candidate,73,1012,79,807,625
2,single-dirty-cell-160x50,candidate,74,1000,82,814,572
2,single-dirty-cell-160x50,candidate,75,620,37,636,382
2,single-dirty-cell-160x50,candidate,76,857,52,686,392
2,single-dirty-cell-160x50,candidate,77,1104,70,1070,679
2,single-dirty-cell-160x50,candidate,78,1117,91,1143,695
2,single-dirty-cell-160x50,candidate,79,1098,80,968,611
2,single-dirty-cell-160x50,candidate,80,1357,93,1124,722
2,single-dirty-cell-160x50,candidate,81,970,82,925,566
2,single-dirty-cell-160x50,candidate,82,1096,80,944,708
2,single-dirty-cell-160x50,candidate,83,1038,72,955,601
2,single-dirty-cell-160x50,candidate,84,1039,83,829,541
2,single-dirty-cell-160x50,candidate,85,1322,87,1055,694
2,single-dirty-cell-160x50,candidate,86,1016,77,1037,742
2,single-dirty-cell-160x50,candidate,87,1037,89,960,641
2,single-dirty-cell-160x50,candidate,88,979,87,823,580
2,single-dirty-cell-160x50,candidate,89,1084,83,949,649
2,single-dirty-cell-160x50,candidate,90,855,82,891,549
2,single-dirty-cell-160x50,candidate,91,1007,103,940,650
2,single-dirty-cell-160x50,candidate,92,942,67,782,505
2,single-dirty-cell-160x50,candidate,93,956,78,880,561
2,single-dirty-cell-160x50,candidate,94,893,86,802,555
2,single-dirty-cell-160x50,candidate,95,889,73,884,564
2,single-dirty-cell-160x50,candidate,96,880,74,734,511
2,single-dirty-cell-160x50,candidate,97,949,80,990,634
2,single-dirty-cell-160x50,candidate,98,906,75,806,488
2,single-dirty-cell-160x50,candidate,99,923,80,913,571
2,single-dirty-cell-160x50,candidate,100,940,85,865,568
2,single-dirty-cell-160x50,candidate,101,1001,84,1150,651
2,single-dirty-cell-160x50,candidate,102,1036,76,934,613
2,single-dirty-cell-160x50,candidate,103,1006,78,883,612
2,single-dirty-cell-160x50,candidate,104,837,76,730,504
2,single-dirty-cell-160x50,candidate,105,1029,79,897,631
2,single-dirty-cell-160x50,candidate,106,1058,81,772,540
2,single-dirty-cell-160x50,candidate,107,1194,84,1010,677
2,single-dirty-cell-160x50,candidate,108,1239,86,1015,650
2,single-dirty-cell-160x50,candidate,109,1073,83,933,638
2,single-dirty-cell-160x50,candidate,110,1067,87,889,565
2,single-dirty-cell-160x50,candidate,111,1186,88,1003,720
2,single-dirty-cell-160x50,candidate,112,852,79,849,513
2,single-dirty-cell-160x50,candidate,113,777,52,861,484
2,single-dirty-cell-160x50,candidate,114,1123,85,955,702
2,single-dirty-cell-160x50,candidate,115,1055,82,1104,660
2,single-dirty-cell-160x50,candidate,116,1153,88,1084,659
2,single-dirty-cell-160x50,candidate,117,1177,80,978,608
2,single-dirty-cell-160x50,candidate,118,1232,83,840,591
2,single-dirty-cell-160x50,candidate,119,662,39,782,447
2,single-dirty-cell-160x50,candidate,120,950,58,950,603
2,single-dirty-cell-160x50,candidate,121,2057,163,1125,649
2,single-dirty-cell-160x50,candidate,122,2026,168,1265,685
2,single-dirty-cell-160x50,candidate,123,1077,83,978,673
2,single-dirty-cell-160x50,candidate,124,1225,85,1041,644
2,single-dirty-cell-160x50,candidate,125,1038,88,1032,667
2,single-dirty-cell-160x50,candidate,126,989,78,871,551
2,single-dirty-cell-160x50,candidate,127,1110,83,1010,660
2,single-dirty-cell-160x50,candidate,128,1017,81,1055,631
2,single-dirty-cell-160x50,candidate,129,922,81,837,538
2,single-dirty-cell-160x50,candidate,130,961,195,984,654
2,text-input-burst-80x24,base,0,1964,114,420,257
2,text-input-burst-80x24,base,1,112,0,0,107
2,text-input-burst-80x24,base,2,1428,109,392,242
2,text-input-burst-80x24,base,3,93,0,0,113
2,text-input-burst-80x24,base,4,1224,114,403,305
2,text-input-burst-80x24,base,5,127,0,0,117
2,text-input-burst-80x24,base,6,1351,134,439,280
2,text-input-burst-80x24,base,7,269,0,0,134
2,text-input-burst-80x24,base,8,1454,151,492,312
2,text-input-burst-80x24,base,9,113,0,0,154
2,text-input-burst-80x24,base,10,1821,228,569,552
2,text-input-burst-80x24,base,11,156,0,0,151
2,text-input-burst-80x24,base,12,1782,180,596,457
2,text-input-burst-80x24,base,13,125,0,0,164
2,text-input-burst-80x24,base,14,2015,190,637,536
2,text-input-burst-80x24,base,15,90,0,0,145
2,text-input-burst-80x24,base,16,1666,161,531,305
2,text-input-burst-80x24,base,17,164,0,0,153
2,text-input-burst-80x24,base,18,1770,212,681,415
2,text-input-burst-80x24,base,19,147,0,0,203
2,text-input-burst-80x24,base,20,1651,289,712,588
2,text-input-burst-80x24,base,21,184,0,0,163
2,text-input-burst-80x24,base,22,785,106,330,215
2,text-input-burst-80x24,base,23,77,0,0,83
2,text-input-burst-80x24,base,24,2164,180,611,383
2,text-input-burst-80x24,base,25,149,0,0,181
2,text-input-burst-80x24,base,26,2256,293,716,505
2,text-input-burst-80x24,base,27,197,0,0,189
2,text-input-burst-80x24,base,28,2025,274,727,581
2,text-input-burst-80x24,base,29,151,0,0,153
2,text-input-burst-80x24,base,30,1068,131,452,322
2,text-input-burst-80x24,base,31,67,0,0,112
2,text-input-burst-80x24,base,32,1319,201,587,374
2,text-input-burst-80x24,base,33,235,0,0,165
2,text-input-burst-80x24,base,34,1680,260,601,424
2,text-input-burst-80x24,base,35,126,0,0,148
2,text-input-burst-80x24,base,36,1361,161,604,367
2,text-input-burst-80x24,base,37,109,0,0,153
2,text-input-burst-80x24,base,38,1325,224,614,464
2,text-input-burst-80x24,base,39,76,0,0,130
2,text-input-burst-80x24,base,40,3213,317,779,613
2,text-input-burst-80x24,base,41,306,0,0,197
2,text-input-burst-80x24,base,42,1819,290,781,561
2,text-input-burst-80x24,base,43,297,0,0,206
2,text-input-burst-80x24,base,44,1572,234,753,504
2,text-input-burst-80x24,base,45,103,0,0,224
2,text-input-burst-80x24,base,46,1934,287,664,589
2,text-input-burst-80x24,base,47,60,0,0,163
2,text-input-burst-80x24,base,48,712,116,328,210
2,text-input-burst-80x24,base,49,99,0,0,134
2,text-input-burst-80x24,base,50,605,109,315,192
2,text-input-burst-80x24,base,51,87,0,0,122
2,text-input-burst-80x24,base,52,531,106,311,197
2,text-input-burst-80x24,base,53,75,0,0,123
2,text-input-burst-80x24,base,54,569,100,255,193
2,text-input-burst-80x24,base,55,66,0,0,90
2,text-input-burst-80x24,base,56,598,109,300,201
2,text-input-burst-80x24,base,57,93,0,0,122
2,text-input-burst-80x24,base,58,864,100,342,181
2,text-input-burst-80x24,base,59,94,0,0,143
2,text-input-burst-80x24,base,60,711,113,360,225
2,text-input-burst-80x24,base,61,68,0,0,132
2,text-input-burst-80x24,base,62,850,140,412,257
2,text-input-burst-80x24,base,63,88,0,0,163
2,text-input-burst-80x24,base,64,896,133,411,315
2,text-input-burst-80x24,base,65,60,0,0,141
2,text-input-burst-80x24,base,66,1179,200,479,395
2,text-input-burst-80x24,base,67,54,0,0,118
2,text-input-burst-80x24,base,68,1298,255,667,456
2,text-input-burst-80x24,base,69,114,0,0,243
2,text-input-burst-80x24,base,70,1457,271,666,531
2,text-input-burst-80x24,base,71,144,0,0,221
2,text-input-burst-80x24,base,72,1396,216,704,475
2,text-input-burst-80x24,base,73,93,0,0,209
2,text-input-burst-80x24,base,74,1617,266,690,533
2,text-input-burst-80x24,base,75,71,0,0,177
2,text-input-burst-80x24,base,76,1488,318,795,533
2,text-input-burst-80x24,base,77,188,0,0,308
2,text-input-burst-80x24,base,78,1521,292,758,507
2,text-input-burst-80x24,base,79,142,0,0,278
2,text-input-burst-80x24,base,80,1486,301,721,567
2,text-input-burst-80x24,base,81,179,0,0,248
2,text-input-burst-80x24,base,82,1954,283,668,584
2,text-input-burst-80x24,base,83,68,0,0,173
2,text-input-burst-80x24,base,84,1476,270,790,508
2,text-input-burst-80x24,base,85,169,0,0,279
2,text-input-burst-80x24,base,86,1380,277,781,529
2,text-input-burst-80x24,base,87,159,0,0,303
2,text-input-burst-80x24,base,88,1419,270,674,557
2,text-input-burst-80x24,base,89,118,0,0,217
2,text-input-burst-80x24,base,90,1627,279,698,569
2,text-input-burst-80x24,base,91,165,0,0,182
2,text-input-burst-80x24,base,92,3257,307,895,652
2,text-input-burst-80x24,base,93,168,0,0,269
2,text-input-burst-80x24,base,94,1473,287,833,526
2,text-input-burst-80x24,base,95,166,0,0,272
2,text-input-burst-80x24,base,96,1477,275,670,503
2,text-input-burst-80x24,base,97,112,0,0,218
2,text-input-burst-80x24,base,98,1542,257,639,502
2,text-input-burst-80x24,base,99,66,0,0,172
2,text-input-burst-80x24,base,100,1499,281,812,537
2,text-input-burst-80x24,base,101,157,0,0,290
2,text-input-burst-80x24,base,102,1659,306,811,558
2,text-input-burst-80x24,base,103,138,0,0,247
2,text-input-burst-80x24,base,104,1709,294,742,566
2,text-input-burst-80x24,base,105,106,0,0,233
2,text-input-burst-80x24,base,106,1649,291,740,513
2,text-input-burst-80x24,base,107,314,0,0,270
2,text-input-burst-80x24,base,108,1392,282,791,506
2,text-input-burst-80x24,base,109,147,0,0,275
2,text-input-burst-80x24,base,110,1700,307,776,565
2,text-input-burst-80x24,base,111,214,0,0,251
2,text-input-burst-80x24,base,112,1465,268,721,499
2,text-input-burst-80x24,base,113,133,0,0,233
2,text-input-burst-80x24,base,114,1311,259,673,491
2,text-input-burst-80x24,base,115,98,0,0,162
2,text-input-burst-80x24,base,116,976,142,463,305
2,text-input-burst-80x24,base,117,176,0,0,157
2,text-input-burst-80x24,base,118,1000,168,573,319
2,text-input-burst-80x24,base,119,119,0,0,233
2,text-input-burst-80x24,base,120,1482,229,630,409
2,text-input-burst-80x24,base,121,146,0,0,251
2,text-input-burst-80x24,base,122,1415,239,527,451
2,text-input-burst-80x24,base,123,60,0,0,139
2,text-input-burst-80x24,base,124,1544,338,846,587
2,text-input-burst-80x24,base,125,313,0,0,332
2,text-input-burst-80x24,base,126,1289,358,703,518
2,text-input-burst-80x24,base,127,124,0,0,228
2,text-input-burst-80x24,base,128,1430,259,702,594
2,text-input-burst-80x24,base,129,79,0,0,210
2,text-input-burst-80x24,base,130,1461,291,661,574
2,text-input-burst-80x24,base,131,76,0,0,187
2,text-input-burst-80x24,base,132,1149,243,701,435
2,text-input-burst-80x24,base,133,150,0,0,267
2,text-input-burst-80x24,base,134,1352,285,696,526
2,text-input-burst-80x24,base,135,266,0,0,240
2,text-input-burst-80x24,base,136,1339,259,716,502
2,text-input-burst-80x24,base,137,105,0,0,223
2,text-input-burst-80x24,base,138,1436,258,681,604
2,text-input-burst-80x24,base,139,63,0,0,212
2,text-input-burst-80x24,base,140,1661,299,812,554
2,text-input-burst-80x24,base,141,189,0,0,307
2,text-input-burst-80x24,base,142,2642,283,808,561
2,text-input-burst-80x24,base,143,181,0,0,271
2,text-input-burst-80x24,base,144,1497,283,802,528
2,text-input-burst-80x24,base,145,265,0,0,255
2,text-input-burst-80x24,base,146,1418,295,690,513
2,text-input-burst-80x24,base,147,158,0,0,283
2,text-input-burst-80x24,base,148,1439,280,811,518
2,text-input-burst-80x24,base,149,161,0,0,283
2,text-input-burst-80x24,base,150,1429,282,784,493
2,text-input-burst-80x24,base,151,186,0,0,283
2,text-input-burst-80x24,base,152,1742,127,744,434
2,text-input-burst-80x24,base,153,116,0,0,276
2,text-input-burst-80x24,base,154,1627,123,738,453
2,text-input-burst-80x24,base,155,96,0,0,235
2,text-input-burst-80x24,base,156,1436,151,763,420
2,text-input-burst-80x24,base,157,193,0,0,273
2,text-input-burst-80x24,base,158,917,62,477,223
2,text-input-burst-80x24,base,159,83,0,0,169
2,text-input-burst-80x24,base,160,1427,116,695,399
2,text-input-burst-80x24,base,161,102,0,0,221
2,text-input-burst-80x24,base,162,1854,109,699,489
2,text-input-burst-80x24,base,163,86,0,0,240
2,text-input-burst-80x24,base,164,1573,152,838,484
2,text-input-burst-80x24,base,165,191,0,0,285
2,text-input-burst-80x24,base,166,1528,131,736,425
2,text-input-burst-80x24,base,167,128,0,0,255
2,text-input-burst-80x24,base,168,1333,122,686,410
2,text-input-burst-80x24,base,169,118,0,0,253
2,text-input-burst-80x24,base,170,1052,94,481,320
2,text-input-burst-80x24,base,171,71,0,0,161
2,text-input-burst-80x24,base,172,1113,84,618,294
2,text-input-burst-80x24,base,173,110,0,0,217
2,text-input-burst-80x24,base,174,1927,130,691,387
2,text-input-burst-80x24,base,175,175,0,0,268
2,text-input-burst-80x24,base,176,1481,130,700,434
2,text-input-burst-80x24,base,177,126,0,0,242
2,text-input-burst-80x24,base,178,1788,103,707,459
2,text-input-burst-80x24,base,179,75,0,0,192
2,text-input-burst-80x24,base,180,1534,153,820,468
2,text-input-burst-80x24,base,181,180,0,0,313
2,text-input-burst-80x24,base,182,1179,120,631,370
2,text-input-burst-80x24,base,183,137,0,0,221
2,text-input-burst-80x24,base,184,1278,113,634,401
2,text-input-burst-80x24,base,185,89,0,0,218
2,text-input-burst-80x24,base,186,1288,147,725,397
2,text-input-burst-80x24,base,187,155,0,0,270
2,text-input-burst-80x24,base,188,1334,128,723,401
2,text-input-burst-80x24,base,189,126,0,0,268
2,text-input-burst-80x24,base,190,1446,141,739,396
2,text-input-burst-80x24,base,191,183,0,0,281
2,text-input-burst-80x24,base,192,1380,116,726,403
2,text-input-burst-80x24,base,193,141,0,0,234
2,text-input-burst-80x24,base,194,1429,112,688,437
2,text-input-burst-80x24,base,195,67,0,0,213
2,text-input-burst-80x24,base,196,1611,155,819,438
2,text-input-burst-80x24,base,197,175,0,0,308
2,text-input-burst-80x24,base,198,1692,150,769,485
2,text-input-burst-80x24,base,199,129,0,0,265
2,text-input-burst-80x24,base,200,1775,118,801,453
2,text-input-burst-80x24,base,201,127,0,0,273
2,text-input-burst-80x24,base,202,1664,154,781,470
2,text-input-burst-80x24,base,203,178,0,0,323
2,text-input-burst-80x24,base,204,1599,138,767,454
2,text-input-burst-80x24,base,205,276,0,0,292
2,text-input-burst-80x24,base,206,2363,117,647,413
2,text-input-burst-80x24,base,207,69,0,0,208
2,text-input-burst-80x24,base,208,1542,142,832,461
2,text-input-burst-80x24,base,209,158,0,0,295
2,text-input-burst-80x24,base,210,1590,142,750,511
2,text-input-burst-80x24,base,211,129,0,0,260
2,text-input-burst-80x24,base,212,1535,115,766,443
2,text-input-burst-80x24,base,213,66,0,0,208
2,text-input-burst-80x24,base,214,1600,142,796,471
2,text-input-burst-80x24,base,215,150,0,0,282
2,text-input-burst-80x24,base,216,1455,125,762,412
2,text-input-burst-80x24,base,217,119,0,0,246
2,text-input-burst-80x24,base,218,1541,114,678,429
2,text-input-burst-80x24,base,219,82,0,0,236
2,text-input-burst-80x24,base,220,1526,106,677,441
2,text-input-burst-80x24,base,221,55,0,0,194
2,text-input-burst-80x24,base,222,1389,131,747,384
2,text-input-burst-80x24,base,223,179,0,0,286
2,text-input-burst-80x24,base,224,3151,230,733,394
2,text-input-burst-80x24,base,225,103,0,0,182
2,text-input-burst-80x24,base,226,1527,121,693,424
2,text-input-burst-80x24,base,227,70,0,0,211
2,text-input-burst-80x24,base,228,1530,142,809,447
2,text-input-burst-80x24,base,229,145,0,0,283
2,text-input-burst-80x24,base,230,2742,116,719,470
2,text-input-burst-80x24,base,231,135,0,0,239
2,text-input-burst-80x24,base,232,1483,124,727,422
2,text-input-burst-80x24,base,233,106,0,0,232
2,text-input-burst-80x24,base,234,1640,117,701,453
2,text-input-burst-80x24,base,235,75,0,0,235
2,text-input-burst-80x24,base,236,2648,155,841,440
2,text-input-burst-80x24,base,237,162,0,0,293
2,text-input-burst-80x24,base,238,1491,129,715,436
2,text-input-burst-80x24,base,239,124,0,0,262
2,text-input-burst-80x24,base,240,1533,115,640,443
2,text-input-burst-80x24,base,241,63,0,0,196
2,text-input-burst-80x24,base,242,1380,146,888,431
2,text-input-burst-80x24,base,243,188,0,0,320
2,text-input-burst-80x24,base,244,1324,129,792,421
2,text-input-burst-80x24,base,245,118,0,0,271
2,text-input-burst-80x24,base,246,2124,120,651,484
2,text-input-burst-80x24,base,247,96,0,0,229
2,text-input-burst-80x24,base,248,1589,107,641,450
2,text-input-burst-80x24,base,249,60,0,0,203
2,text-input-burst-80x24,base,250,1782,142,801,449
2,text-input-burst-80x24,base,251,188,0,0,303
2,text-input-burst-80x24,base,252,1606,137,810,391
2,text-input-burst-80x24,base,253,173,0,0,290
2,text-input-burst-80x24,base,254,1508,119,695,446
2,text-input-burst-80x24,base,255,107,0,0,235
2,text-input-burst-80x24,base,256,1493,121,663,438
2,text-input-burst-80x24,base,257,89,0,0,234
2,text-input-burst-80x24,base,258,1706,158,827,470
2,text-input-burst-80x24,base,259,179,111,35840,2891
2,text-input-burst-80x24,candidate,0,1714,117,438,259
2,text-input-burst-80x24,candidate,1,86,0,0,113
2,text-input-burst-80x24,candidate,2,1302,113,378,243
2,text-input-burst-80x24,candidate,3,94,0,0,109
2,text-input-burst-80x24,candidate,4,1148,124,439,308
2,text-input-burst-80x24,candidate,5,93,0,0,118
2,text-input-burst-80x24,candidate,6,1475,164,503,334
2,text-input-burst-80x24,candidate,7,102,0,0,145
2,text-input-burst-80x24,candidate,8,1401,132,478,329
2,text-input-burst-80x24,candidate,9,74,0,0,145
2,text-input-burst-80x24,candidate,10,1578,169,494,431
2,text-input-burst-80x24,candidate,11,115,0,0,159
2,text-input-burst-80x24,candidate,12,1823,170,615,387
2,text-input-burst-80x24,candidate,13,84,0,0,172
2,text-input-burst-80x24,candidate,14,2660,254,706,660
2,text-input-burst-80x24,candidate,15,77,0,0,153
2,text-input-burst-80x24,candidate,16,2450,310,815,583
2,text-input-burst-80x24,candidate,17,173,0,0,200
2,text-input-burst-80x24,candidate,18,1588,274,552,465
2,text-input-burst-80x24,candidate,19,79,0,0,114
2,text-input-burst-80x24,candidate,20,1314,175,590,365
2,text-input-burst-80x24,candidate,21,75,0,0,148
2,text-input-burst-80x24,candidate,22,1755,259,733,522
2,text-input-burst-80x24,candidate,23,70,0,0,176
2,text-input-burst-80x24,candidate,24,1908,322,894,588
2,text-input-burst-80x24,candidate,25,243,0,0,252
2,text-input-burst-80x24,candidate,26,1955,312,834,605
2,text-input-burst-80x24,candidate,27,139,0,0,214
2,text-input-burst-80x24,candidate,28,1645,283,802,566
2,text-input-burst-80x24,candidate,29,127,0,0,184
2,text-input-burst-80x24,candidate,30,1530,274,698,556
2,text-input-burst-80x24,candidate,31,145,0,0,162
2,text-input-burst-80x24,candidate,32,1580,272,623,530
2,text-input-burst-80x24,candidate,33,47,0,0,105
2,text-input-burst-80x24,candidate,34,1608,307,792,490
2,text-input-burst-80x24,candidate,35,161,0,0,209
2,text-input-burst-80x24,candidate,36,1424,286,774,585
2,text-input-burst-80x24,candidate,37,114,0,0,204
2,text-input-burst-80x24,candidate,38,1521,289,747,594
2,text-input-burst-80x24,candidate,39,101,0,0,163
2,text-input-burst-80x24,candidate,40,1859,290,979,594
2,text-input-burst-80x24,candidate,41,160,0,0,145
2,text-input-burst-80x24,candidate,42,1595,287,777,490
2,text-input-burst-80x24,candidate,43,146,0,0,300
2,text-input-burst-80x24,candidate,44,1390,263,756,489
2,text-input-burst-80x24,candidate,45,105,0,0,264
2,text-input-burst-80x24,candidate,46,1644,279,632,528
2,text-input-burst-80x24,candidate,47,60,0,0,201
2,text-input-burst-80x24,candidate,48,1531,283,725,610
2,text-input-burst-80x24,candidate,49,75,0,0,194
2,text-input-burst-80x24,candidate,50,1479,305,814,526
2,text-input-burst-80x24,candidate,51,182,0,0,311
2,text-input-burst-80x24,candidate,52,1309,305,790,530
2,text-input-burst-80x24,candidate,53,149,0,0,312
2,text-input-burst-80x24,candidate,54,697,130,350,234
2,text-input-burst-80x24,candidate,55,60,0,0,142
2,text-input-burst-80x24,candidate,56,572,100,293,205
2,text-input-burst-80x24,candidate,57,82,0,0,119
2,text-input-burst-80x24,candidate,58,639,111,333,179
2,text-input-burst-80x24,candidate,59,72,0,0,114
2,text-input-burst-80x24,candidate,60,607,100,316,169
2,text-input-burst-80x24,candidate,61,68,0,0,133
2,text-input-burst-80x24,candidate,62,560,104,290,187
2,text-input-burst-80x24,candidate,63,73,0,0,130
2,text-input-burst-80x24,candidate,64,626,101,314,217
2,text-input-burst-80x24,candidate,65,41,0,0,126
2,text-input-burst-80x24,candidate,66,607,95,269,194
2,text-input-burst-80x24,candidate,67,32,0,0,84
2,text-input-burst-80x24,candidate,68,652,112,320,193
2,text-input-burst-80x24,candidate,69,76,0,0,131
2,text-input-burst-80x24,candidate,70,585,117,328,202
2,text-input-burst-80x24,candidate,71,50,0,0,124
2,text-input-burst-80x24,candidate,72,590,109,329,205
2,text-input-burst-80x24,candidate,73,33,0,0,129
2,text-input-burst-80x24,candidate,74,881,128,350,276
2,text-input-burst-80x24,candidate,75,31,0,0,108
2,text-input-burst-80x24,candidate,76,838,155,451,289
2,text-input-burst-80x24,candidate,77,51,0,0,168
2,text-input-burst-80x24,candidate,78,926,148,465,285
2,text-input-burst-80x24,candidate,79,92,0,0,185
2,text-input-burst-80x24,candidate,80,1200,248,640,425
2,text-input-burst-80x24,candidate,81,98,0,0,253
2,text-input-burst-80x24,candidate,82,1504,268,622,495
2,text-input-burst-80x24,candidate,83,63,0,0,178
2,text-input-burst-80x24,candidate,84,1456,263,698,523
2,text-input-burst-80x24,candidate,85,61,0,0,206
2,text-input-burst-80x24,candidate,86,1300,254,666,519
2,text-input-burst-80x24,candidate,87,59,0,0,185
2,text-input-burst-80x24,candidate,88,980,134,486,318
2,text-input-burst-80x24,candidate,89,82,0,0,213
2,text-input-burst-80x24,candidate,90,1281,192,586,409
2,text-input-burst-80x24,candidate,91,88,0,0,227
2,text-input-burst-80x24,candidate,92,1550,328,857,546
2,text-input-burst-80x24,candidate,93,120,0,0,322
2,text-input-burst-80x24,candidate,94,604,118,311,211
2,text-input-burst-80x24,candidate,95,45,0,0,110
2,text-input-burst-80x24,candidate,96,1197,159,448,385
2,text-input-burst-80x24,candidate,97,59,0,0,141
2,text-input-burst-80x24,candidate,98,1408,200,611,401
2,text-input-burst-80x24,candidate,99,83,0,0,216
2,text-input-burst-80x24,candidate,100,1648,276,792,617
2,text-input-burst-80x24,candidate,101,127,0,0,227
2,text-input-burst-80x24,candidate,102,1627,304,879,585
2,text-input-burst-80x24,candidate,103,108,0,0,289
2,text-input-burst-80x24,candidate,104,3100,316,584,579
2,text-input-burst-80x24,candidate,105,72,0,0,193
2,text-input-burst-80x24,candidate,106,1599,201,643,458
2,text-input-burst-80x24,candidate,107,63,0,0,226
2,text-input-burst-80x24,candidate,108,1189,170,608,382
2,text-input-burst-80x24,candidate,109,59,0,0,197
2,text-input-burst-80x24,candidate,110,1546,282,584,512
2,text-input-burst-80x24,candidate,111,193,0,0,166
2,text-input-burst-80x24,candidate,112,790,136,435,267
2,text-input-burst-80x24,candidate,113,74,0,0,177
2,text-input-burst-80x24,candidate,114,1174,241,643,402
2,text-input-burst-80x24,candidate,115,90,0,0,241
2,text-input-burst-80x24,candidate,116,1331,252,678,492
2,text-input-burst-80x24,candidate,117,53,0,0,180
2,text-input-burst-80x24,candidate,118,1413,290,760,538
2,text-input-burst-80x24,candidate,119,92,0,0,274
2,text-input-burst-80x24,candidate,120,1428,284,709,550
2,text-input-burst-80x24,candidate,121,101,0,0,255
2,text-input-burst-80x24,candidate,122,1474,291,686,496
2,text-input-burst-80x24,candidate,123,70,0,0,251
2,text-input-burst-80x24,candidate,124,1323,303,651,556
2,text-input-burst-80x24,candidate,125,40,0,0,155
2,text-input-burst-80x24,candidate,126,1212,264,698,501
2,text-input-burst-80x24,candidate,127,93,0,0,228
2,text-input-burst-80x24,candidate,128,1500,291,704,671
2,text-input-burst-80x24,candidate,129,86,0,0,230
2,text-input-burst-80x24,candidate,130,1569,291,758,584
2,text-input-burst-80x24,candidate,131,67,0,0,215
2,text-input-burst-80x24,candidate,132,1522,285,707,596
2,text-input-burst-80x24,candidate,133,40,0,0,169
2,text-input-burst-80x24,candidate,134,1580,322,855,594
2,text-input-burst-80x24,candidate,135,246,0,0,319
2,text-input-burst-80x24,candidate,136,1464,307,801,491
2,text-input-burst-80x24,candidate,137,122,0,0,286
2,text-input-burst-80x24,candidate,138,1351,282,599,468
2,text-input-burst-80x24,candidate,139,82,0,0,212
2,text-input-burst-80x24,candidate,140,1614,267,695,519
2,text-input-burst-80x24,candidate,141,51,0,0,194
2,text-input-burst-80x24,candidate,142,3592,323,788,598
2,text-input-burst-80x24,candidate,143,115,0,0,286
2,text-input-burst-80x24,candidate,144,1402,285,753,552
2,text-input-burst-80x24,candidate,145,185,0,0,267
2,text-input-burst-80x24,candidate,146,1348,268,711,502
2,text-input-burst-80x24,candidate,147,74,0,0,208
2,text-input-burst-80x24,candidate,148,1566,331,871,564
2,text-input-burst-80x24,candidate,149,131,0,0,319
2,text-input-burst-80x24,candidate,150,1645,303,794,425
2,text-input-burst-80x24,candidate,151,131,0,0,299
2,text-input-burst-80x24,candidate,152,1357,147,790,431
2,text-input-burst-80x24,candidate,153,111,0,0,299
2,text-input-burst-80x24,candidate,154,1579,127,831,455
2,text-input-burst-80x24,candidate,155,207,0,0,298
2,text-input-burst-80x24,candidate,156,1557,119,762,432
2,text-input-burst-80x24,candidate,157,57,0,0,248
2,text-input-burst-80x24,candidate,158,1514,117,722,452
2,text-input-burst-80x24,candidate,159,58,0,0,222
2,text-input-burst-80x24,candidate,160,1454,126,770,428
2,text-input-burst-80x24,candidate,161,125,0,0,285
2,text-input-burst-80x24,candidate,162,1541,152,717,473
2,text-input-burst-80x24,candidate,163,92,0,0,281
2,text-input-burst-80x24,candidate,164,1517,131,765,451
2,text-input-burst-80x24,candidate,165,63,0,0,250
2,text-input-burst-80x24,candidate,166,1448,119,701,438
2,text-input-burst-80x24,candidate,167,48,0,0,230
2,text-input-burst-80x24,candidate,168,2786,143,801,431
2,text-input-burst-80x24,candidate,169,136,0,0,299
2,text-input-burst-80x24,candidate,170,1416,136,728,443
2,text-input-burst-80x24,candidate,171,108,0,0,255
2,text-input-burst-80x24,candidate,172,1381,108,607,386
2,text-input-burst-80x24,candidate,173,51,0,0,204
2,text-input-burst-80x24,candidate,174,1569,156,794,447
2,text-input-burst-80x24,candidate,175,158,0,0,316
2,text-input-burst-80x24,candidate,176,2364,158,800,475
2,text-input-burst-80x24,candidate,177,103,0,0,280
2,text-input-burst-80x24,candidate,178,1562,124,725,482
2,text-input-burst-80x24,candidate,179,46,0,0,216
2,text-input-burst-80x24,candidate,180,1521,167,878,461
2,text-input-burst-80x24,candidate,181,140,0,0,325
2,text-input-burst-80x24,candidate,182,1567,135,693,466
2,text-input-burst-80x24,candidate,183,245,0,0,254
2,text-input-burst-80x24,candidate,184,1481,142,799,438
2,text-input-burst-80x24,candidate,185,87,0,0,307
2,text-input-burst-80x24,candidate,186,1370,106,618,418
2,text-input-burst-80x24,candidate,187,41,0,0,188
2,text-input-burst-80x24,candidate,188,1357,143,745,396
2,text-input-burst-80x24,candidate,189,114,0,0,288
2,text-input-burst-80x24,candidate,190,1569,140,759,452
2,text-input-burst-80x24,candidate,191,94,0,0,280
2,text-input-burst-80x24,candidate,192,2485,120,600,428
2,text-input-burst-80x24,candidate,193,79,0,0,176
2,text-input-burst-80x24,candidate,194,1376,133,663,276
2,text-input-burst-80x24,candidate,195,100,0,0,259
2,text-input-burst-80x24,candidate,196,1365,112,720,387
2,text-input-burst-80x24,candidate,197,68,0,0,233
2,text-input-burst-80x24,candidate,198,1113,103,535,365
2,text-input-burst-80x24,candidate,199,48,0,0,197
2,text-input-burst-80x24,candidate,200,1584,108,674,409
2,text-input-burst-80x24,candidate,201,44,0,0,225
2,text-input-burst-80x24,candidate,202,1575,117,686,492
2,text-input-burst-80x24,candidate,203,135,0,0,316
2,text-input-burst-80x24,candidate,204,1568,135,755,438
2,text-input-burst-80x24,candidate,205,111,0,0,265
2,text-input-burst-80x24,candidate,206,1517,121,718,448
2,text-input-burst-80x24,candidate,207,47,0,0,232
2,text-input-burst-80x24,candidate,208,1448,149,775,490
2,text-input-burst-80x24,candidate,209,113,0,0,299
2,text-input-burst-80x24,candidate,210,1436,145,751,462
2,text-input-burst-80x24,candidate,211,87,0,0,270
2,text-input-burst-80x24,candidate,212,1281,106,706,399
2,text-input-burst-80x24,candidate,213,44,0,0,221
2,text-input-burst-80x24,candidate,214,2696,132,805,438
2,text-input-burst-80x24,candidate,215,98,0,0,291
2,text-input-burst-80x24,candidate,216,1362,112,687,394
2,text-input-burst-80x24,candidate,217,59,0,0,250
2,text-input-burst-80x24,candidate,218,1293,118,592,418
2,text-input-burst-80x24,candidate,219,57,0,0,207
2,text-input-burst-80x24,candidate,220,1588,93,679,367
2,text-input-burst-80x24,candidate,221,67,0,0,238
2,text-input-burst-80x24,candidate,222,1284,115,619,344
2,text-input-burst-80x24,candidate,223,131,0,0,249
2,text-input-burst-80x24,candidate,224,534,59,303,147
2,text-input-burst-80x24,candidate,225,46,0,0,119
2,text-input-burst-80x24,candidate,226,650,50,306,194
2,text-input-burst-80x24,candidate,227,22,0,0,101
2,text-input-burst-80x24,candidate,228,896,81,507,293
2,text-input-burst-80x24,candidate,229,33,0,0,151
2,text-input-burst-80x24,candidate,230,980,102,591,238
2,text-input-burst-80x24,candidate,231,114,0,0,215
2,text-input-burst-80x24,candidate,232,1157,113,546,335
2,text-input-burst-80x24,candidate,233,75,0,0,183
2,text-input-burst-80x24,candidate,234,1549,133,687,452
2,text-input-burst-80x24,candidate,235,60,0,0,243
2,text-input-burst-80x24,candidate,236,1380,132,709,443
2,text-input-burst-80x24,candidate,237,40,0,0,220
2,text-input-burst-80x24,candidate,238,1308,133,714,402
2,text-input-burst-80x24,candidate,239,92,0,0,256
2,text-input-burst-80x24,candidate,240,1304,136,720,402
2,text-input-burst-80x24,candidate,241,88,0,0,266
2,text-input-burst-80x24,candidate,242,2423,100,664,441
2,text-input-burst-80x24,candidate,243,85,0,0,225
2,text-input-burst-80x24,candidate,244,1122,89,564,331
2,text-input-burst-80x24,candidate,245,42,0,0,191
2,text-input-burst-80x24,candidate,246,2400,127,748,492
2,text-input-burst-80x24,candidate,247,101,0,0,267
2,text-input-burst-80x24,candidate,248,1646,137,774,453
2,text-input-burst-80x24,candidate,249,115,0,0,253
2,text-input-burst-80x24,candidate,250,2893,117,712,430
2,text-input-burst-80x24,candidate,251,50,0,0,237
2,text-input-burst-80x24,candidate,252,1665,156,872,413
2,text-input-burst-80x24,candidate,253,171,0,0,332
2,text-input-burst-80x24,candidate,254,2931,135,736,459
2,text-input-burst-80x24,candidate,255,99,0,0,249
2,text-input-burst-80x24,candidate,256,1662,108,623,421
2,text-input-burst-80x24,candidate,257,51,0,0,218
2,text-input-burst-80x24,candidate,258,689,101,746,208
2,text-input-burst-80x24,candidate,259,273,105,38023,3176
3,cursor-blink-80x24,base,0,641,0,0,115
3,cursor-blink-80x24,base,1,1945,40,292,251
3,cursor-blink-80x24,base,2,1247,39,240,237
3,cursor-blink-80x24,base,3,1204,38,289,289
3,cursor-blink-80x24,base,4,1264,43,263,274
3,cursor-blink-80x24,base,5,1321,40,360,294
3,cursor-blink-80x24,base,6,1263,44,360,335
3,cursor-blink-80x24,base,7,1487,50,364,348
3,cursor-blink-80x24,base,8,1881,56,438,414
3,cursor-blink-80x24,base,9,1977,65,454,449
3,cursor-blink-80x24,base,10,2072,73,553,475
3,cursor-blink-80x24,base,11,1999,85,587,562
3,cursor-blink-80x24,base,12,2935,93,805,672
3,cursor-blink-80x24,base,13,1778,95,665,601
3,cursor-blink-80x24,base,14,2083,108,739,657
3,cursor-blink-80x24,base,15,1795,101,528,547
3,cursor-blink-80x24,base,16,1971,116,754,740
3,cursor-blink-80x24,base,17,1996,104,665,640
3,cursor-blink-80x24,base,18,1976,120,681,699
3,cursor-blink-80x24,base,19,1912,95,553,558
3,cursor-blink-80x24,base,20,1917,72,627,548
3,cursor-blink-80x24,base,21,1600,62,505,448
3,cursor-blink-80x24,base,22,2126,74,501,478
3,cursor-blink-80x24,base,23,2478,100,607,561
3,cursor-blink-80x24,base,24,1804,116,552,592
3,cursor-blink-80x24,base,25,1766,113,757,676
3,cursor-blink-80x24,base,26,1997,106,679,670
3,cursor-blink-80x24,base,27,1941,103,617,580
3,cursor-blink-80x24,base,28,1575,108,619,612
3,cursor-blink-80x24,base,29,696,39,231,216
3,cursor-blink-80x24,base,30,1388,57,472,461
3,cursor-blink-80x24,base,31,644,42,214,199
3,cursor-blink-80x24,base,32,1463,64,409,425
3,cursor-blink-80x24,base,33,699,41,275,281
3,cursor-blink-80x24,base,34,587,37,282,246
3,cursor-blink-80x24,base,35,563,34,252,214
3,cursor-blink-80x24,base,36,574,39,237,235
3,cursor-blink-80x24,base,37,653,24,266,214
3,cursor-blink-80x24,base,38,563,37,262,225
3,cursor-blink-80x24,base,39,634,33,267,227
3,cursor-blink-80x24,base,40,698,43,244,245
3,cursor-blink-80x24,base,41,771,40,303,270
3,cursor-blink-80x24,base,42,731,40,260,265
3,cursor-blink-80x24,base,43,782,42,311,282
3,cursor-blink-80x24,base,44,933,56,381,356
3,cursor-blink-80x24,base,45,901,45,348,330
3,cursor-blink-80x24,base,46,916,56,342,341
3,cursor-blink-80x24,base,47,1331,76,527,483
3,cursor-blink-80x24,base,48,1376,100,435,507
3,cursor-blink-80x24,base,49,1489,98,674,586
3,cursor-blink-80x24,base,50,1625,107,667,662
3,cursor-blink-80x24,base,51,1753,119,608,610
3,cursor-blink-80x24,base,52,1642,121,712,761
3,cursor-blink-80x24,base,53,1621,101,619,618
3,cursor-blink-80x24,base,54,1553,104,696,661
3,cursor-blink-80x24,base,55,1694,96,599,609
3,cursor-blink-80x24,base,56,1675,93,772,673
3,cursor-blink-80x24,base,57,1247,93,604,549
3,cursor-blink-80x24,base,58,1541,101,681,632
3,cursor-blink-80x24,base,59,1397,103,611,570
3,cursor-blink-80x24,base,60,1484,103,488,552
3,cursor-blink-80x24,base,61,1718,103,764,650
3,cursor-blink-80x24,base,62,1616,109,670,629
3,cursor-blink-80x24,base,63,1393,104,528,489
3,cursor-blink-80x24,base,64,1453,109,645,639
3,cursor-blink-80x24,base,65,1265,95,475,434
3,cursor-blink-80x24,base,66,1332,99,644,595
3,cursor-blink-80x24,base,67,1295,99,523,529
3,cursor-blink-80x24,base,68,1425,128,649,637
3,cursor-blink-80x24,base,69,1428,104,623,565
3,cursor-blink-80x24,base,70,1414,109,672,685
3,cursor-blink-80x24,base,71,1356,104,540,493
3,cursor-blink-80x24,base,72,939,50,416,371
3,cursor-blink-80x24,base,73,1409,107,549,489
3,cursor-blink-80x24,base,74,1334,109,633,628
3,cursor-blink-80x24,base,75,1252,94,587,534
3,cursor-blink-80x24,base,76,1494,113,523,566
3,cursor-blink-80x24,base,77,1435,101,684,614
3,cursor-blink-80x24,base,78,1443,108,643,649
3,cursor-blink-80x24,base,79,1377,110,655,568
3,cursor-blink-80x24,base,80,1415,106,646,657
3,cursor-blink-80x24,base,81,1406,103,489,498
3,cursor-blink-80x24,base,82,1556,116,661,683
3,cursor-blink-80x24,base,83,3199,113,679,675
3,cursor-blink-80x24,base,84,1664,114,720,675
3,cursor-blink-80x24,base,85,1487,102,691,639
3,cursor-blink-80x24,base,86,1404,113,702,665
3,cursor-blink-80x24,base,87,1331,99,512,533
3,cursor-blink-80x24,base,88,1639,114,660,728
3,cursor-blink-80x24,base,89,1523,102,677,644
3,cursor-blink-80x24,base,90,1310,104,620,646
3,cursor-blink-80x24,base,91,3412,94,621,584
3,cursor-blink-80x24,base,92,2454,107,689,677
3,cursor-blink-80x24,base,93,1435,92,596,500
3,cursor-blink-80x24,base,94,1769,119,814,730
3,cursor-blink-80x24,base,95,1843,113,743,647
3,cursor-blink-80x24,base,96,2503,107,646,631
3,cursor-blink-80x24,base,97,577,35,254,213
3,cursor-blink-80x24,base,98,1091,47,465,370
3,cursor-blink-80x24,base,99,1266,59,495,440
3,cursor-blink-80x24,base,100,1289,93,601,550
3,cursor-blink-80x24,base,101,1744,111,659,629
3,cursor-blink-80x24,base,102,1451,109,641,636
3,cursor-blink-80x24,base,103,1375,95,607,570
3,cursor-blink-80x24,base,104,1609,112,721,722
3,cursor-blink-80x24,base,105,1510,100,736,629
3,cursor-blink-80x24,base,106,3116,119,585,654
3,cursor-blink-80x24,base,107,1166,93,334,372
3,cursor-blink-80x24,base,108,1963,123,767,686
3,cursor-blink-80x24,base,109,1433,100,667,573
3,cursor-blink-80x24,base,110,1303,113,537,547
3,cursor-blink-80x24,base,111,1162,93,617,546
3,cursor-blink-80x24,base,112,1460,110,650,653
3,cursor-blink-80x24,base,113,1259,94,598,553
3,cursor-blink-80x24,base,114,1315,98,667,593
3,cursor-blink-80x24,base,115,1176,87,457,446
3,cursor-blink-80x24,base,116,1353,99,608,566
3,cursor-blink-80x24,base,117,1265,95,412,424
3,cursor-blink-80x24,base,118,1250,109,624,589
3,cursor-blink-80x24,base,119,1436,104,674,627
3,cursor-blink-80x24,base,120,1438,104,607,649
3,cursor-blink-80x24,base,121,1411,108,544,497
3,cursor-blink-80x24,base,122,1420,105,705,636
3,cursor-blink-80x24,base,123,1284,96,614,600
3,cursor-blink-80x24,base,124,1212,101,486,562
3,cursor-blink-80x24,base,125,1278,90,595,527
3,cursor-blink-80x24,base,126,1324,101,649,633
3,cursor-blink-80x24,base,127,1109,91,440,428
3,cursor-blink-80x24,base,128,1453,111,678,618
3,cursor-blink-80x24,base,129,1403,96,661,585
3,cursor-blink-80x24,base,130,1285,221,446,528
3,cursor-blink-80x24,candidate,0,1803,45,297,257
3,cursor-blink-80x24,candidate,1,1191,39,297,269
3,cursor-blink-80x24,candidate,2,1114,38,295,267
3,cursor-blink-80x24,candidate,3,1320,48,367,345
3,cursor-blink-80x24,candidate,4,1308,44,311,297
3,cursor-blink-80x24,candidate,5,1415,51,391,369
3,cursor-blink-80x24,candidate,6,1671,54,400,380
3,cursor-blink-80x24,candidate,7,2031,55,466,441
3,cursor-blink-80x24,candidate,8,3134,77,522,527
3,cursor-blink-80x24,candidate,9,1988,97,816,618
3,cursor-blink-80x24,candidate,10,1877,105,606,548
3,cursor-blink-80x24,candidate,11,2008,111,773,699
3,cursor-blink-80x24,candidate,12,1604,108,666,558
3,cursor-blink-80x24,candidate,13,1737,108,665,620
3,cursor-blink-80x24,candidate,14,1897,107,590,563
3,cursor-blink-80x24,candidate,15,1812,118,785,699
3,cursor-blink-80x24,candidate,16,1785,106,690,621
3,cursor-blink-80x24,candidate,17,1759,112,539,577
3,cursor-blink-80x24,candidate,18,1701,109,715,595
3,cursor-blink-80x24,candidate,19,1433,107,539,568
3,cursor-blink-80x24,candidate,20,1106,45,327,314
3,cursor-blink-80x24,candidate,21,1342,58,431,409
3,cursor-blink-80x24,candidate,22,1233,59,359,336
3,cursor-blink-80x24,candidate,23,1575,100,701,618
3,cursor-blink-80x24,candidate,24,1566,95,641,551
3,cursor-blink-80x24,candidate,25,1805,116,790,709
3,cursor-blink-80x24,candidate,26,1678,108,649,570
3,cursor-blink-80x24,candidate,27,1743,112,740,685
3,cursor-blink-80x24,candidate,28,1290,97,525,527
3,cursor-blink-80x24,candidate,29,617,42,267,247
3,cursor-blink-80x24,candidate,30,1905,63,589,492
3,cursor-blink-80x24,candidate,31,2388,100,612,414
3,cursor-blink-80x24,candidate,32,716,42,311,285
3,cursor-blink-80x24,candidate,33,583,38,251,247
3,cursor-blink-80x24,candidate,34,607,33,287,214
3,cursor-blink-80x24,candidate,35,565,44,285,241
3,cursor-blink-80x24,candidate,36,579,37,287,224
3,cursor-blink-80x24,candidate,37,615,40,267,242
3,cursor-blink-80x24,candidate,38,600,34,230,208
3,cursor-blink-80x24,candidate,39,715,31,274,250
3,cursor-blink-80x24,candidate,40,706,42,265,242
3,cursor-blink-80x24,candidate,41,708,42,372,290
3,cursor-blink-80x24,candidate,42,789,50,290,311
3,cursor-blink-80x24,candidate,43,764,42,307,287
3,cursor-blink-80x24,candidate,44,760,40,326,284
3,cursor-blink-80x24,candidate,45,876,55,357,324
3,cursor-blink-80x24,candidate,46,883,47,286,276
3,cursor-blink-80x24,candidate,47,964,53,393,351
3,cursor-blink-80x24,candidate,48,1009,58,442,375
3,cursor-blink-80x24,candidate,49,1489,90,547,586
3,cursor-blink-80x24,candidate,50,1694,121,701,621
3,cursor-blink-80x24,candidate,51,2747,129,691,632
3,cursor-blink-80x24,candidate,52,1553,111,598,540
3,cursor-blink-80x24,candidate,53,1758,120,767,719
3,cursor-blink-80x24,candidate,54,1425,62,653,654
3,cursor-blink-80x24,candidate,55,2894,112,689,651
3,cursor-blink-80x24,candidate,56,1248,101,506,493
3,cursor-blink-80x24,candidate,57,1354,102,710,672
3,cursor-blink-80x24,candidate,58,1202,96,511,451
3,cursor-blink-80x24,candidate,59,1311,105,581,565
3,cursor-blink-80x24,candidate,60,1211,93,629,533
3,cursor-blink-80x24,candidate,61,1376,97,506,528
3,cursor-blink-80x24,candidate,62,1280,94,643,524
3,cursor-blink-80x24,candidate,63,1093,91,513,481
3,cursor-blink-80x24,candidate,64,1279,96,629,560
3,cursor-blink-80x24,candidate,65,1180,91,662,612
3,cursor-blink-80x24,candidate,66,1331,93,746,607
3,cursor-blink-80x24,candidate,67,1349,129,501,529
3,cursor-blink-80x24,candidate,68,1341,97,590,534
3,cursor-blink-80x24,candidate,69,1436,112,591,608
3,cursor-blink-80x24,candidate,70,1623,113,705,607
3,cursor-blink-80x24,candidate,71,1459,107,619,627
3,cursor-blink-80x24,candidate,72,1143,82,483,454
3,cursor-blink-80x24,candidate,73,1291,108,651,603
3,cursor-blink-80x24,candidate,74,1579,111,743,663
3,cursor-blink-80x24,candidate,75,2879,119,713,639
3,cursor-blink-80x24,candidate,76,2556,114,679,615
3,cursor-blink-80x24,candidate,77,1623,115,706,660
3,cursor-blink-80x24,candidate,78,1561,140,1393,762
3,cursor-blink-80x24,candidate,79,1486,99,721,679
3,cursor-blink-80x24,candidate,80,1420,92,641,546
3,cursor-blink-80x24,candidate,81,1548,114,570,620
3,cursor-blink-80x24,candidate,82,2013,110,667,608
3,cursor-blink-80x24,candidate,83,1351,111,725,669
3,cursor-blink-80x24,candidate,84,1379,96,594,522
3,cursor-blink-80x24,candidate,85,1348,100,650,625
3,cursor-blink-80x24,candidate,86,1163,95,530,498
3,cursor-blink-80x24,candidate,87,1352,119,713,707
3,cursor-blink-80x24,candidate,88,1288,97,580,525
3,cursor-blink-80x24,candidate,89,1306,113,519,557
3,cursor-blink-80x24,candidate,90,1319,98,699,565
3,cursor-blink-80x24,candidate,91,1302,105,505,533
3,cursor-blink-80x24,candidate,92,1353,104,699,615
3,cursor-blink-80x24,candidate,93,1263,101,631,604
3,cursor-blink-80x24,candidate,94,1479,103,697,621
3,cursor-blink-80x24,candidate,95,2635,129,594,629
3,cursor-blink-80x24,candidate,96,2421,108,737,655
3,cursor-blink-80x24,candidate,97,1454,100,682,643
3,cursor-blink-80x24,candidate,98,1318,101,510,529
3,cursor-blink-80x24,candidate,99,585,42,272,235
3,cursor-blink-80x24,candidate,100,596,36,284,241
3,cursor-blink-80x24,candidate,101,662,51,307,310
3,cursor-blink-80x24,candidate,102,692,43,318,299
3,cursor-blink-80x24,candidate,103,757,63,330,317
3,cursor-blink-80x24,candidate,104,981,62,482,413
3,cursor-blink-80x24,candidate,105,983,87,449,486
3,cursor-blink-80x24,candidate,106,1033,62,475,392
3,cursor-blink-80x24,candidate,107,1046,71,499,457
3,cursor-blink-80x24,candidate,108,1195,86,672,541
3,cursor-blink-80x24,candidate,109,1537,112,554,593
3,cursor-blink-80x24,candidate,110,1358,107,662,560
3,cursor-blink-80x24,candidate,111,1393,110,633,592
3,cursor-blink-80x24,candidate,112,1465,104,645,576
3,cursor-blink-80x24,candidate,113,1421,101,701,672
3,cursor-blink-80x24,candidate,114,1511,110,667,595
3,cursor-blink-80x24,candidate,115,1509,112,653,634
3,cursor-blink-80x24,candidate,116,2488,111,638,656
3,cursor-blink-80x24,candidate,117,1361,109,539,558
3,cursor-blink-80x24,candidate,118,1158,56,456,373
3,cursor-blink-80x24,candidate,119,1327,85,999,655
3,cursor-blink-80x24,candidate,120,1520,110,681,614
3,cursor-blink-80x24,candidate,121,1530,108,733,665
3,cursor-blink-80x24,candidate,122,2472,105,623,623
3,cursor-blink-80x24,candidate,123,1530,117,583,643
3,cursor-blink-80x24,candidate,124,1393,102,687,597
3,cursor-blink-80x24,candidate,125,1447,112,707,613
3,cursor-blink-80x24,candidate,126,1327,89,592,544
3,cursor-blink-80x24,candidate,127,1648,111,554,592
3,cursor-blink-80x24,candidate,128,1717,104,705,628
3,cursor-blink-80x24,candidate,129,1636,240,24965,2780
3,full-frame-churn-160x50,base,0,4981,73,1371,461
3,full-frame-churn-160x50,base,1,3402,70,1438,505
3,full-frame-churn-160x50,base,2,2806,74,1583,535
3,full-frame-churn-160x50,base,3,3704,91,1749,590
3,full-frame-churn-160x50,base,4,2762,73,1471,501
3,full-frame-churn-160x50,base,5,3094,83,1842,643
3,full-frame-churn-160x50,base,6,3108,88,1868,589
3,full-frame-churn-160x50,base,7,3398,99,1995,684
3,full-frame-churn-160x50,base,8,3137,94,1725,595
3,full-frame-churn-160x50,base,9,3673,88,1907,660
3,full-frame-churn-160x50,base,10,3620,115,2098,680
3,full-frame-churn-160x50,base,11,3313,110,2201,707
3,full-frame-churn-160x50,base,12,3980,122,2352,724
3,full-frame-churn-160x50,base,13,3939,123,2461,841
3,full-frame-churn-160x50,base,14,3731,123,2450,850
3,full-frame-churn-160x50,base,15,4542,139,2290,820
3,full-frame-churn-160x50,base,16,3030,103,2063,710
3,full-frame-churn-160x50,base,17,3025,95,2075,661
3,full-frame-churn-160x50,base,18,3232,107,2071,721
3,full-frame-churn-160x50,base,19,3166,108,2111,763
3,full-frame-churn-160x50,base,20,3279,129,2143,759
3,full-frame-churn-160x50,base,21,2953,103,2277,719
3,full-frame-churn-160x50,base,22,3519,102,2277,784
3,full-frame-churn-160x50,base,23,3682,120,2312,858
3,full-frame-churn-160x50,base,24,2984,122,2062,703
3,full-frame-churn-160x50,base,25,2975,99,2278,780
3,full-frame-churn-160x50,base,26,3499,110,2197,748
3,full-frame-churn-160x50,base,27,3516,109,2415,820
3,full-frame-churn-160x50,base,28,2483,81,1571,533
3,full-frame-churn-160x50,base,29,1605,63,1179,396
3,full-frame-churn-160x50,base,30,1622,61,1253,444
3,full-frame-churn-160x50,base,31,1612,65,1193,408
3,full-frame-churn-160x50,base,32,1740,66,1220,461
3,full-frame-churn-160x50,base,33,1580,72,1217,436
3,full-frame-churn-160x50,base,34,1547,63,1268,437
3,full-frame-churn-160x50,base,35,1749,74,1312,449
3,full-frame-churn-160x50,base,36,1929,71,1512,533
3,full-frame-churn-160x50,base,37,1956,84,1426,484
3,full-frame-churn-160x50,base,38,2148,90,1535,556
3,full-frame-churn-160x50,base,39,1915,72,1399,488
3,full-frame-churn-160x50,base,40,2120,83,1626,558
3,full-frame-churn-160x50,base,41,2056,82,1557,518
3,full-frame-churn-160x50,base,42,2369,83,1765,609
3,full-frame-churn-160x50,base,43,2465,87,1756,602
3,full-frame-churn-160x50,base,44,2362,81,1756,592
3,full-frame-churn-160x50,base,45,2712,96,1884,629
3,full-frame-churn-160x50,base,46,3042,110,2222,766
3,full-frame-churn-160x50,base,47,3472,119,2488,843
3,full-frame-churn-160x50,base,48,4239,144,2555,932
3,full-frame-churn-160x50,base,49,3534,128,2513,878
3,full-frame-churn-160x50,base,50,3210,116,2161,727
3,full-frame-churn-160x50,base,51,3099,104,2103,691
3,full-frame-churn-160x50,base,52,3075,120,2093,704
3,full-frame-churn-160x50,base,53,3129,103,2267,767
3,full-frame-churn-160x50,base,54,3050,108,2212,698
3,full-frame-churn-160x50,base,55,2919,102,1993,717
3,full-frame-churn-160x50,base,56,2717,105,2054,694
3,full-frame-churn-160x50,base,57,2657,96,1844,685
3,full-frame-churn-160x50,base,58,2607,97,2082,690
3,full-frame-churn-160x50,base,59,2920,115,2125,722
3,full-frame-churn-160x50,base,60,3014,107,2280,754
3,full-frame-churn-160x50,base,61,3363,108,2321,770
3,full-frame-churn-160x50,base,62,3024,117,2090,756
3,full-frame-churn-160x50,base,63,2970,107,2271,771
3,full-frame-churn-160x50,base,64,2983,111,2236,765
3,full-frame-churn-160x50,base,65,2949,106,2120,745
3,full-frame-churn-160x50,base,66,2871,120,1952,668
3,full-frame-churn-160x50,base,67,2870,89,2017,685
3,full-frame-churn-160x50,base,68,2632,91,2006,639
3,full-frame-churn-160x50,base,69,3090,116,2098,739
3,full-frame-churn-160x50,base,70,2938,106,2047,710
3,full-frame-churn-160x50,base,71,2946,105,2168,771
3,full-frame-churn-160x50,base,72,2445,105,1731,590
3,full-frame-churn-160x50,base,73,3561,127,2487,852
3,full-frame-churn-160x50,base,74,3470,116,2629,875
3,full-frame-churn-160x50,base,75,4543,166,2603,909
3,full-frame-churn-160x50,base,76,2802,92,1817,677
3,full-frame-churn-160x50,base,77,2583,91,1935,684
3,full-frame-churn-160x50,base,78,2535,88,1833,658
3,full-frame-churn-160x50,base,79,2952,106,1984,691
3,full-frame-churn-160x50,base,80,2947,106,2180,772
3,full-frame-churn-160x50,base,81,2611,89,1870,663
3,full-frame-churn-160x50,base,82,2865,102,2179,764
3,full-frame-churn-160x50,base,83,3355,113,2305,762
3,full-frame-churn-160x50,base,84,2825,96,2087,707
3,full-frame-churn-160x50,base,85,2904,99,2179,835
3,full-frame-churn-160x50,base,86,3381,121,2279,876
3,full-frame-churn-160x50,base,87,3477,119,2594,883
3,full-frame-churn-160x50,base,88,4095,146,2427,947
3,full-frame-churn-160x50,base,89,3274,105,2158,740
3,full-frame-churn-160x50,base,90,3352,116,2356,828
3,full-frame-churn-160x50,base,91,3428,125,2362,804
3,full-frame-churn-160x50,base,92,3456,109,2312,846
3,full-frame-churn-160x50,base,93,3496,129,2370,891
3,full-frame-churn-160x50,base,94,4129,152,2588,1024
3,full-frame-churn-160x50,base,95,3951,165,2446,1034
3,full-frame-churn-160x50,base,96,3405,165,2196,937
3,full-frame-churn-160x50,base,97,3266,155,2075,842
3,full-frame-churn-160x50,base,98,3195,102,1999,721
3,full-frame-churn-160x50,base,99,3490,121,2329,841
3,full-frame-churn-160x50,base,100,4098,122,2387,847
3,full-frame-churn-160x50,base,101,4283,139,2494,995
3,full-frame-churn-160x50,base,102,3206,110,2239,822
3,full-frame-churn-160x50,base,103,3383,131,2379,849
3,full-frame-churn-160x50,base,104,4069,140,2352,840
3,full-frame-churn-160x50,base,105,3364,115,2360,861
3,full-frame-churn-160x50,base,106,3326,114,2278,798
3,full-frame-churn-160x50,base,107,3406,116,2325,862
3,full-frame-churn-160x50,base,108,4314,160,2793,1065
3,full-frame-churn-160x50,base,109,3817,126,2341,903
3,full-frame-churn-160x50,base,110,3482,121,2375,868
3,full-frame-churn-160x50,base,111,3879,121,2596,951
3,full-frame-churn-160x50,base,112,3551,148,2444,947
3,full-frame-churn-160x50,base,113,3605,151,2502,929
3,full-frame-churn-160x50,base,114,3805,138,2203,1007
3,full-frame-churn-160x50,base,115,2876,104,2182,756
3,full-frame-churn-160x50,base,116,3307,102,2113,712
3,full-frame-churn-160x50,base,117,3360,117,2316,871
3,full-frame-churn-160x50,base,118,3841,122,2569,911
3,full-frame-churn-160x50,base,119,4163,133,2420,931
3,full-frame-churn-160x50,base,120,3898,151,2481,878
3,full-frame-churn-160x50,base,121,3388,115,2386,859
3,full-frame-churn-160x50,base,122,4134,134,2566,874
3,full-frame-churn-160x50,base,123,3710,136,2480,957
3,full-frame-churn-160x50,base,124,4104,135,2745,988
3,full-frame-churn-160x50,base,125,4635,151,2837,1075
3,full-frame-churn-160x50,base,126,4653,177,2538,1048
3,full-frame-churn-160x50,base,127,3144,101,2161,746
3,full-frame-churn-160x50,base,128,2865,98,2083,718
3,full-frame-churn-160x50,base,129,3197,205,25498,2711
3,full-frame-churn-160x50,candidate,0,188,0,0,155
3,full-frame-churn-160x50,candidate,1,4965,69,1312,472
3,full-frame-churn-160x50,candidate,2,3443,82,1491,531
3,full-frame-churn-160x50,candidate,3,3137,78,1638,578
3,full-frame-churn-160x50,candidate,4,3512,87,1859,617
3,full-frame-churn-160x50,candidate,5,3690,91,1837,634
3,full-frame-churn-160x50,candidate,6,3708,94,1935,658
3,full-frame-churn-160x50,candidate,7,3338,95,1944,698
3,full-frame-churn-160x50,candidate,8,3372,100,1935,639
3,full-frame-churn-160x50,candidate,9,4000,108,2140,697
3,full-frame-churn-160x50,candidate,10,4648,104,2289,771
3,full-frame-churn-160x50,candidate,11,4193,137,2355,803
3,full-frame-churn-160x50,candidate,12,3928,121,2503,853
3,full-frame-churn-160x50,candidate,13,4430,129,2425,839
3,full-frame-churn-160x50,candidate,14,4580,137,2563,922
3,full-frame-churn-160x50,candidate,15,4125,124,2449,836
3,full-frame-churn-160x50,candidate,16,3198,120,2187,761
3,full-frame-churn-160x50,candidate,17,3084,98,2029,728
3,full-frame-churn-160x50,candidate,18,3558,113,2311,797
3,full-frame-churn-160x50,candidate,19,3664,118,2407,750
3,full-frame-churn-160x50,candidate,20,3624,122,2444,826
3,full-frame-churn-160x50,candidate,21,2744,94,1980,658
3,full-frame-churn-160x50,candidate,22,3528,119,2321,772
3,full-frame-churn-160x50,candidate,23,3688,113,2410,764
3,full-frame-churn-160x50,candidate,24,2988,97,2275,736
3,full-frame-churn-160x50,candidate,25,2899,113,2270,786
3,full-frame-churn-160x50,candidate,26,3212,96,2203,708
3,full-frame-churn-160x50,candidate,27,2410,91,1634,593
3,full-frame-churn-160x50,candidate,28,1725,63,1303,453
3,full-frame-churn-160x50,candidate,29,1770,67,1241,443
3,full-frame-churn-160x50,candidate,30,1612,74,1246,449
3,full-frame-churn-160x50,candidate,31,1576,60,1183,428
3,full-frame-churn-160x50,candidate,32,1728,65,1260,441
3,full-frame-churn-160x50,candidate,33,1582,59,1170,421
3,full-frame-churn-160x50,candidate,34,1741,76,1399,494
3,full-frame-churn-160x50,candidate,35,1969,73,1413,524
3,full-frame-churn-160x50,candidate,36,2175,81,1658,571
3,full-frame-churn-160x50,candidate,37,2342,84,1588,551
3,full-frame-churn-160x50,candidate,38,2165,78,1613,568
3,full-frame-churn-160x50,candidate,39,2071,89,1538,542
3,full-frame-churn-160x50,candidate,40,2377,83,1843,612
3,full-frame-churn-160x50,candidate,41,2754,101,2050,669
3,full-frame-churn-160x50,candidate,42,2924,98,1998,700
3,full-frame-churn-160x50,candidate,43,3020,101,2038,663
3,full-frame-churn-160x50,candidate,44,3378,108,2118,743
3,full-frame-churn-160x50,candidate,45,3041,100,2145,692
3,full-frame-churn-160x50,candidate,46,3343,102,2249,752
3,full-frame-churn-160x50,candidate,47,2906,106,2172,718
3,full-frame-churn-160x50,candidate,48,3369,117,2334,796
3,full-frame-churn-160x50,candidate,49,3424,104,2269,792
3,full-frame-churn-160x50,candidate,50,3451,133,2436,784
3,full-frame-churn-160x50,candidate,51,3564,131,2446,837
3,full-frame-churn-160x50,candidate,52,4016,123,2493,827
3,full-frame-churn-160x50,candidate,53,3521,128,2387,826
3,full-frame-churn-160x50,candidate,54,3556,120,2242,730
3,full-frame-churn-160x50,candidate,55,3518,128,2365,816
3,full-frame-churn-160x50,candidate,56,3955,117,2430,839
3,full-frame-churn-160x50,candidate,57,3586,139,2310,858
3,full-frame-churn-160x50,candidate,58,3497,125,2461,863
3,full-frame-churn-160x50,candidate,59,3618,145,2536,900
3,full-frame-churn-160x50,candidate,60,3477,124,2435,847
3,full-frame-churn-160x50,candidate,61,4114,117,2403,833
3,full-frame-churn-160x50,candidate,62,4407,147,2665,937
3,full-frame-churn-160x50,candidate,63,2060,101,2411,799
3,full-frame-churn-160x50,candidate,64,4059,140,2765,918
3,full-frame-churn-160x50,candidate,65,4907,163,2712,1040
3,full-frame-churn-160x50,candidate,66,3773,142,2558,949
3,full-frame-churn-160x50,candidate,67,3527,155,2474,916
3,full-frame-churn-160x50,candidate,68,3530,117,2222,749
3,full-frame-churn-160x50,candidate,69,3511,123,2376,797
3,full-frame-churn-160x50,candidate,70,3517,123,2395,792
3,full-frame-churn-160x50,candidate,71,3413,119,2424,836
3,full-frame-churn-160x50,candidate,72,3424,119,2353,816
3,full-frame-churn-160x50,candidate,73,3339,116,2214,766
3,full-frame-churn-160x50,candidate,74,3410,122,2386,750
3,full-frame-churn-160x50,candidate,75,3414,121,2401,848
3,full-frame-churn-160x50,candidate,76,3462,128,2436,827
3,full-frame-churn-160x50,candidate,77,3565,82,1756,657
3,full-frame-churn-160x50,candidate,78,2813,90,1821,656
3,full-frame-churn-160x50,candidate,79,3095,89,1886,689
3,full-frame-churn-160x50,candidate,80,3062,100,1884,639
3,full-frame-churn-160x50,candidate,81,3469,104,1922,712
3,full-frame-churn-160x50,candidate,82,2547,88,1856,659
3,full-frame-churn-160x50,candidate,83,2853,102,2065,753
3,full-frame-churn-160x50,candidate,84,2932,102,2020,760
3,full-frame-churn-160x50,candidate,85,2883,102,2085,770
3,full-frame-churn-160x50,candidate,86,2872,102,2073,694
3,full-frame-churn-160x50,candidate,87,2873,105,2155,789
3,full-frame-churn-160x50,candidate,88,3053,103,2015,678
3,full-frame-churn-160x50,candidate,89,2842,99,2017,707
3,full-frame-churn-160x50,candidate,90,2832,102,1984,734
3,full-frame-churn-160x50,candidate,91,3303,112,2271,752
3,full-frame-churn-160x50,candidate,92,2664,99,2339,765
3,full-frame-churn-160x50,candidate,93,3388,118,2454,816
3,full-frame-churn-160x50,candidate,94,3320,112,2345,857
3,full-frame-churn-160x50,candidate,95,4017,154,2645,882
3,full-frame-churn-160x50,candidate,96,4057,145,2627,879
3,full-frame-churn-160x50,candidate,97,4164,142,2421,981
3,full-frame-churn-160x50,candidate,98,3357,130,2324,782
3,full-frame-churn-160x50,candidate,99,3338,123,2281,822
3,full-frame-churn-160x50,candidate,100,3476,102,2083,760
3,full-frame-churn-160x50,candidate,101,2808,98,1886,652
3,full-frame-churn-160x50,candidate,102,2801,90,1911,676
3,full-frame-churn-160x50,candidate,103,2809,105,1951,713
3,full-frame-churn-160x50,candidate,104,2848,101,2174,784
3,full-frame-churn-160x50,candidate,105,3120,98,2115,769
3,full-frame-churn-160x50,candidate,106,3333,119,2154,744
3,full-frame-churn-160x50,candidate,107,3324,115,2291,828
3,full-frame-churn-160x50,candidate,108,2858,107,2042,764
3,full-frame-churn-160x50,candidate,109,3394,121,2168,766
3,full-frame-churn-160x50,candidate,110,3313,114,2367,858
3,full-frame-churn-160x50,candidate,111,3402,114,2309,837
3,full-frame-churn-160x50,candidate,112,3157,103,2225,770
3,full-frame-churn-160x50,candidate,113,2881,99,2137,731
3,full-frame-churn-160x50,candidate,114,3196,100,2167,777
3,full-frame-churn-160x50,candidate,115,1851,74,1429,568
3,full-frame-churn-160x50,candidate,116,2216,82,1642,562
3,full-frame-churn-160x50,candidate,117,3320,113,2297,828
3,full-frame-churn-160x50,candidate,118,3312,114,2356,837
3,full-frame-churn-160x50,candidate,119,3318,117,2335,868
3,full-frame-churn-160x50,candidate,120,3326,117,2189,743
3,full-frame-churn-160x50,candidate,121,2034,78,1387,555
3,full-frame-churn-160x50,candidate,122,1471,64,1079,424
3,full-frame-churn-160x50,candidate,123,1540,61,1120,423
3,full-frame-churn-160x50,candidate,124,1690,63,1138,431
3,full-frame-churn-160x50,candidate,125,1544,63,1219,458
3,full-frame-churn-160x50,candidate,126,1501,59,1194,409
3,full-frame-churn-160x50,candidate,127,1747,65,1324,482
3,full-frame-churn-160x50,candidate,128,2050,72,1401,484
3,full-frame-churn-160x50,candidate,129,2023,75,1489,551
3,full-frame-churn-160x50,candidate,130,2020,173,21523,2277
3,noop-160x50,base,0,190,0,0,113
3,noop-160x50,base,1,123,0,0,7
3,noop-160x50,base,2,127,0,0,8
3,noop-160x50,base,3,189,0,0,14
3,noop-160x50,base,4,215,0,0,15
3,noop-160x50,base,5,222,0,0,20
3,noop-160x50,base,6,264,0,0,19
3,noop-160x50,base,7,289,0,0,17
3,noop-160x50,base,8,394,0,0,19
3,noop-160x50,base,9,236,0,0,17
3,noop-160x50,base,10,179,0,0,20
3,noop-160x50,base,11,323,0,0,25
3,noop-160x50,base,12,181,0,0,19
3,noop-160x50,base,13,156,0,0,12
3,noop-160x50,base,14,135,0,0,12
3,noop-160x50,base,15,131,0,0,13
3,noop-160x50,base,16,179,0,0,16
3,noop-160x50,base,17,620,0,0,28
3,noop-160x50,base,18,205,0,0,19
3,noop-160x50,base,19,181,0,0,18
3,noop-160x50,base,20,138,0,0,9
3,noop-160x50,base,21,127,0,0,10
3,noop-160x50,base,22,151,0,0,16
3,noop-160x50,base,23,219,0,0,17
3,noop-160x50,base,24,180,0,0,17
3,noop-160x50,base,25,214,0,0,13
3,noop-160x50,base,26,387,0,0,26
3,noop-160x50,base,27,165,0,0,19
3,noop-160x50,base,28,186,0,0,18
3,noop-160x50,base,29,148,0,0,22
3,noop-160x50,base,30,179,0,0,19
3,noop-160x50,base,31,441,0,0,27
3,noop-160x50,base,32,80,0,0,6
3,noop-160x50,base,33,69,0,0,6
3,noop-160x50,base,34,90,0,0,6
3,noop-160x50,base,35,83,0,0,4
3,noop-160x50,base,36,64,0,0,2
3,noop-160x50,base,37,82,0,0,5
3,noop-160x50,base,38,63,0,0,4
3,noop-160x50,base,39,100,0,0,6
3,noop-160x50,base,40,117,0,0,11
3,noop-160x50,base,41,124,0,0,12
3,noop-160x50,base,42,150,0,0,12
3,noop-160x50,base,43,146,0,0,15
3,noop-160x50,base,44,141,0,0,14
3,noop-160x50,base,45,171,0,0,15
3,noop-160x50,base,46,194,0,0,20
3,noop-160x50,base,47,164,0,0,14
3,noop-160x50,base,48,186,0,0,16
3,noop-160x50,base,49,142,0,0,9
3,noop-160x50,base,50,80,0,0,9
3,noop-160x50,base,51,105,0,0,11
3,noop-160x50,base,52,125,0,0,13
3,noop-160x50,base,53,133,0,0,15
3,noop-160x50,base,54,152,0,0,15
3,noop-160x50,base,55,168,0,0,12
3,noop-160x50,base,56,183,0,0,12
3,noop-160x50,base,57,199,0,0,16
3,noop-160x50,base,58,171,0,0,19
3,noop-160x50,base,59,440,0,0,50
3,noop-160x50,base,60,209,0,0,14
3,noop-160x50,base,61,415,0,0,40
3,noop-160x50,base,62,376,0,0,51
3,noop-160x50,base,63,362,0,0,29
3,noop-160x50,base,64,166,0,0,16
3,noop-160x50,base,65,224,0,0,19
3,noop-160x50,base,66,323,0,0,28
3,noop-160x50,base,67,171,0,0,18
3,noop-160x50,base,68,195,0,0,20
3,noop-160x50,base,69,170,0,0,15
3,noop-160x50,base,70,293,0,0,66
3,noop-160x50,base,71,177,0,0,16
3,noop-160x50,base,72,326,0,0,23
3,noop-160x50,base,73,187,0,0,15
3,noop-160x50,base,74,147,0,0,16
3,noop-160x50,base,75,139,0,0,16
3,noop-160x50,base,76,213,0,0,18
3,noop-160x50,base,77,167,0,0,17
3,noop-160x50,base,78,170,0,0,21
3,noop-160x50,base,79,244,0,0,17
3,noop-160x50,base,80,181,0,0,19
3,noop-160x50,base,81,147,0,0,13
3,noop-160x50,base,82,331,0,0,24
3,noop-160x50,base,83,326,0,0,34
3,noop-160x50,base,84,339,0,0,28
3,noop-160x50,base,85,459,0,0,39
3,noop-160x50,base,86,207,0,0,20
3,noop-160x50,base,87,167,0,0,16
3,noop-160x50,base,88,177,0,0,21
3,noop-160x50,base,89,168,0,0,14
3,noop-160x50,base,90,173,0,0,19
3,noop-160x50,base,91,140,0,0,14
3,noop-160x50,base,92,159,0,0,13
3,noop-160x50,base,93,454,0,0,25
3,noop-160x50,base,94,191,0,0,30
3,noop-160x50,base,95,200,0,0,14
3,noop-160x50,base,96,185,0,0,19
3,noop-160x50,base,97,172,0,0,17
3,noop-160x50,base,98,155,0,0,17
3,noop-160x50,base,99,156,0,0,15
3,noop-160x50,base,100,234,0,0,19
3,noop-160x50,base,101,416,0,0,32
3,noop-160x50,base,102,226,0,0,18
3,noop-160x50,base,103,163,0,0,18
3,noop-160x50,base,104,190,0,0,17
3,noop-160x50,base,105,186,0,0,15
3,noop-160x50,base,106,206,0,0,18
3,noop-160x50,base,107,342,0,0,26
3,noop-160x50,base,108,172,0,0,18
3,noop-160x50,base,109,225,0,0,19
3,noop-160x50,base,110,156,0,0,15
3,noop-160x50,base,111,408,0,0,21
3,noop-160x50,base,112,176,0,0,15
3,noop-160x50,base,113,159,0,0,16
3,noop-160x50,base,114,302,0,0,22
3,noop-160x50,base,115,509,0,0,29
3,noop-160x50,base,116,166,0,0,16
3,noop-160x50,base,117,172,0,0,17
3,noop-160x50,base,118,425,0,0,28
3,noop-160x50,base,119,206,0,0,19
3,noop-160x50,base,120,304,0,0,23
3,noop-160x50,base,121,157,0,0,16
3,noop-160x50,base,122,151,0,0,23
3,noop-160x50,base,123,173,0,0,16
3,noop-160x50,base,124,188,0,0,15
3,noop-160x50,base,125,207,0,0,18
3,noop-160x50,base,126,261,0,0,17
3,noop-160x50,base,127,154,0,0,17
3,noop-160x50,base,128,334,0,0,32
3,noop-160x50,base,129,226,0,0,21
3,noop-160x50,base,130,147,205,18555,1637
3,noop-160x50,candidate,0,554,0,0,108
3,noop-160x50,candidate,1,76,0,0,5
3,noop-160x50,candidate,2,74,0,0,8
3,noop-160x50,candidate,3,105,0,0,12
3,noop-160x50,candidate,4,128,0,0,18
3,noop-160x50,candidate,5,142,0,0,15
3,noop-160x50,candidate,6,162,0,0,15
3,noop-160x50,candidate,7,194,0,0,20
3,noop-160x50,candidate,8,184,0,0,11
3,noop-160x50,candidate,9,135,0,0,9
3,noop-160x50,candidate,10,145,0,0,15
3,noop-160x50,candidate,11,129,0,0,20
3,noop-160x50,candidate,12,86,0,0,13
3,noop-160x50,candidate,13,142,0,0,15
3,noop-160x50,candidate,14,98,0,0,16
3,noop-160x50,candidate,15,121,0,0,19
3,noop-160x50,candidate,16,105,0,0,18
3,noop-160x50,candidate,17,122,0,0,20
3,noop-160x50,candidate,18,106,0,0,17
3,noop-160x50,candidate,19,105,0,0,18
3,noop-160x50,candidate,20,111,0,0,15
3,noop-160x50,candidate,21,70,0,0,8
3,noop-160x50,candidate,22,115,0,0,15
3,noop-160x50,candidate,23,96,0,0,15
3,noop-160x50,candidate,24,235,0,0,27
3,noop-160x50,candidate,25,90,0,0,22
3,noop-160x50,candidate,26,97,0,0,14
3,noop-160x50,candidate,27,96,0,0,15
3,noop-160x50,candidate,28,122,0,0,20
3,noop-160x50,candidate,29,106,0,0,14
3,noop-160x50,candidate,30,139,0,0,17
3,noop-160x50,candidate,31,195,0,0,134
3,noop-160x50,candidate,32,100,0,0,15
3,noop-160x50,candidate,33,45,0,0,6
3,noop-160x50,candidate,34,39,0,0,6
3,noop-160x50,candidate,35,38,0,0,6
3,noop-160x50,candidate,36,60,0,0,5
3,noop-160x50,candidate,37,56,0,0,5
3,noop-160x50,candidate,38,65,0,0,6
3,noop-160x50,candidate,39,63,0,0,6
3,noop-160x50,candidate,40,53,0,0,8
3,noop-160x50,candidate,41,72,0,0,14
3,noop-160x50,candidate,42,78,0,0,11
3,noop-160x50,candidate,43,132,0,0,13
3,noop-160x50,candidate,44,110,0,0,16
3,noop-160x50,candidate,45,104,0,0,18
3,noop-160x50,candidate,46,123,0,0,17
3,noop-160x50,candidate,47,100,0,0,17
3,noop-160x50,candidate,48,103,0,0,14
3,noop-160x50,candidate,49,88,0,0,16
3,noop-160x50,candidate,50,98,0,0,15
3,noop-160x50,candidate,51,108,0,0,17
3,noop-160x50,candidate,52,101,0,0,16
3,noop-160x50,candidate,53,97,0,0,18
3,noop-160x50,candidate,54,109,0,0,17
3,noop-160x50,candidate,55,75,0,0,11
3,noop-160x50,candidate,56,89,0,0,11
3,noop-160x50,candidate,57,201,0,0,28
3,noop-160x50,candidate,58,212,0,0,29
3,noop-160x50,candidate,59,106,0,0,16
3,noop-160x50,candidate,60,87,0,0,15
3,noop-160x50,candidate,61,220,0,0,24
3,noop-160x50,candidate,62,111,0,0,17
3,noop-160x50,candidate,63,99,0,0,17
3,noop-160x50,candidate,64,83,0,0,14
3,noop-160x50,candidate,65,106,0,0,17
3,noop-160x50,candidate,66,46,0,0,7
3,noop-160x50,candidate,67,43,0,0,7
3,noop-160x50,candidate,68,109,0,0,14
3,noop-160x50,candidate,69,95,0,0,15
3,noop-160x50,candidate,70,98,0,0,15
3,noop-160x50,candidate,71,92,0,0,15
3,noop-160x50,candidate,72,98,0,0,16
3,noop-160x50,candidate,73,95,0,0,14
3,noop-160x50,candidate,74,115,0,0,16
3,noop-160x50,candidate,75,191,0,0,23
3,noop-160x50,candidate,76,107,0,0,17
3,noop-160x50,candidate,77,116,0,0,18
3,noop-160x50,candidate,78,201,0,0,148
3,noop-160x50,candidate,79,98,0,0,13
3,noop-160x50,candidate,80,123,0,0,17
3,noop-160x50,candidate,81,254,0,0,27
3,noop-160x50,candidate,82,108,0,0,19
3,noop-160x50,candidate,83,132,0,0,18
3,noop-160x50,candidate,84,238,0,0,28
3,noop-160x50,candidate,85,101,0,0,16
3,noop-160x50,candidate,86,90,0,0,14
3,noop-160x50,candidate,87,103,0,0,19
3,noop-160x50,candidate,88,310,0,0,23
3,noop-160x50,candidate,89,220,0,0,26
3,noop-160x50,candidate,90,100,0,0,17
3,noop-160x50,candidate,91,104,0,0,42
3,noop-160x50,candidate,92,197,0,0,22
3,noop-160x50,candidate,93,101,0,0,16
3,noop-160x50,candidate,94,120,0,0,18
3,noop-160x50,candidate,95,112,0,0,12
3,noop-160x50,candidate,96,211,0,0,19
3,noop-160x50,candidate,97,152,0,0,16
3,noop-160x50,candidate,98,128,0,0,20
3,noop-160x50,candidate,99,104,0,0,19
3,noop-160x50,candidate,100,85,0,0,14
3,noop-160x50,candidate,101,92,0,0,24
3,noop-160x50,candidate,102,97,0,0,14
3,noop-160x50,candidate,103,104,0,0,16
3,noop-160x50,candidate,104,99,0,0,12
3,noop-160x50,candidate,105,91,0,0,14
3,noop-160x50,candidate,106,192,0,0,22
3,noop-160x50,candidate,107,203,0,0,42
3,noop-160x50,candidate,108,223,0,0,33
3,noop-160x50,candidate,109,266,0,0,26
3,noop-160x50,candidate,110,109,0,0,16
3,noop-160x50,candidate,111,275,0,0,22
3,noop-160x50,candidate,112,184,0,0,18
3,noop-160x50,candidate,113,83,0,0,11
3,noop-160x50,candidate,114,111,0,0,16
3,noop-160x50,candidate,115,330,0,0,23
3,noop-160x50,candidate,116,108,0,0,18
3,noop-160x50,candidate,117,98,0,0,23
3,noop-160x50,candidate,118,208,0,0,30
3,noop-160x50,candidate,119,111,0,0,18
3,noop-160x50,candidate,120,154,0,0,15
3,noop-160x50,candidate,121,89,0,0,14
3,noop-160x50,candidate,122,99,0,0,12
3,noop-160x50,candidate,123,111,0,0,15
3,noop-160x50,candidate,124,95,0,0,15
3,noop-160x50,candidate,125,117,0,0,19
3,noop-160x50,candidate,126,282,0,0,24
3,noop-160x50,candidate,127,295,0,0,22
3,noop-160x50,candidate,128,163,0,0,27
3,noop-160x50,candidate,129,119,0,0,17
3,noop-160x50,candidate,130,121,134,17721,1616
3,normal-80x24,base,0,3169,42,507,284
3,normal-80x24,base,1,1754,45,592,301
3,normal-80x24,base,2,1612,53,555,350
3,normal-80x24,base,3,1670,57,617,325
3,normal-80x24,base,4,1626,54,662,379
3,normal-80x24,base,5,1724,58,735,420
3,normal-80x24,base,6,1892,66,775,420
3,normal-80x24,base,7,2196,74,800,427
3,normal-80x24,base,8,2090,79,903,501
3,normal-80x24,base,9,2030,82,813,415
3,normal-80x24,base,10,1921,73,961,495
3,normal-80x24,base,11,2037,78,849,425
3,normal-80x24,base,12,919,45,489,263
3,normal-80x24,base,13,1115,51,520,276
3,normal-80x24,base,14,1191,65,657,338
3,normal-80x24,base,15,1333,58,679,333
3,normal-80x24,base,16,907,42,615,307
3,normal-80x24,base,17,1759,77,892,441
3,normal-80x24,base,18,2039,88,902,507
3,normal-80x24,base,19,1519,68,759,392
3,normal-80x24,base,20,1477,67,817,412
3,normal-80x24,base,21,1794,68,755,369
3,normal-80x24,base,22,1699,73,973,477
3,normal-80x24,base,23,1763,81,911,471
3,normal-80x24,base,24,1725,62,854,456
3,normal-80x24,base,25,1664,75,806,438
3,normal-80x24,base,26,1407,94,898,478
3,normal-80x24,base,27,1216,62,831,423
3,normal-80x24,base,28,1401,76,892,448
3,normal-80x24,base,29,1515,77,951,496
3,normal-80x24,base,30,1350,99,818,411
3,normal-80x24,base,31,1432,75,942,478
3,normal-80x24,base,32,993,57,613,341
3,normal-80x24,base,33,707,48,494,248
3,normal-80x24,base,34,743,54,464,286
3,normal-80x24,base,35,748,53,534,274
3,normal-80x24,base,36,711,42,465,244
3,normal-80x24,base,37,767,49,566,288
3,normal-80x24,base,38,881,58,505,299
3,normal-80x24,base,39,760,50,551,290
3,normal-80x24,base,40,780,52,560,299
3,normal-80x24,base,41,941,54,608,325
3,normal-80x24,base,42,939,54,625,328
3,normal-80x24,base,43,1070,67,723,368
3,normal-80x24,base,44,1117,62,727,368
3,normal-80x24,base,45,1119,58,667,357
3,normal-80x24,base,46,656,48,520,266
3,normal-80x24,base,47,703,51,512,277
3,normal-80x24,base,48,782,50,521,282
3,normal-80x24,base,49,757,47,554,294
3,normal-80x24,base,50,866,54,611,319
3,normal-80x24,base,51,967,65,693,338
3,normal-80x24,base,52,1030,70,674,358
3,normal-80x24,base,53,1061,63,742,403
3,normal-80x24,base,54,1021,87,715,360
3,normal-80x24,base,55,1211,66,734,400
3,normal-80x24,base,56,994,70,676,337
3,normal-80x24,base,57,1130,66,845,425
3,normal-80x24,base,58,1197,75,793,437
3,normal-80x24,base,59,810,50,529,368
3,normal-80x24,base,60,2344,85,1118,550
3,normal-80x24,base,61,1601,106,1140,618
3,normal-80x24,base,62,2490,101,1072,582
3,normal-80x24,base,63,1477,106,1137,674
3,normal-80x24,base,64,1008,64,654,416
3,normal-80x24,base,65,815,68,603,315
3,normal-80x24,base,66,1345,78,954,481
3,normal-80x24,base,67,1422,82,969,497
3,normal-80x24,base,68,1256,78,875,480
3,normal-80x24,base,69,1395,102,984,575
3,normal-80x24,base,70,1533,98,1058,588
3,normal-80x24,base,71,1272,109,719,427
3,normal-80x24,base,72,800,56,581,298
3,normal-80x24,base,73,707,51,478,264
3,normal-80x24,base,74,698,50,877,517
3,normal-80x24,base,75,2427,87,945,440
3,normal-80x24,base,76,2354,88,873,545
3,normal-80x24,base,77,2268,87,960,511
3,normal-80x24,base,78,1605,73,754,376
3,normal-80x24,base,79,2156,91,1051,532
3,normal-80x24,base,80,1548,105,1066,539
3,normal-80x24,base,81,1773,107,1017,510
3,normal-80x24,base,82,2015,125,1240,673
3,normal-80x24,base,83,1436,87,1037,558
3,normal-80x24,base,84,1559,98,1046,609
3,normal-80x24,base,85,1472,98,997,474
3,normal-80x24,base,86,1419,78,955,483
3,normal-80x24,base,87,1390,92,925,508
3,normal-80x24,base,88,1483,94,1035,545
3,normal-80x24,base,89,1346,84,837,484
3,normal-80x24,base,90,1589,107,1022,522
3,normal-80x24,base,91,1552,111,1108,509
3,normal-80x24,base,92,1781,98,1204,641
3,normal-80x24,base,93,658,43,464,244
3,normal-80x24,base,94,639,43,876,457
3,normal-80x24,base,95,805,46,425,238
3,normal-80x24,base,96,1676,90,1101,530
3,normal-80x24,base,97,873,61,653,387
3,normal-80x24,base,98,1647,88,1031,512
3,normal-80x24,base,99,1377,75,898,457
3,normal-80x24,base,100,1567,104,989,525
3,normal-80x24,base,101,2348,153,1355,609
3,normal-80x24,base,102,1595,99,1178,621
3,normal-80x24,base,103,2375,122,1180,636
3,normal-80x24,base,104,1833,130,1273,715
3,normal-80x24,base,105,1705,121,1201,666
3,normal-80x24,base,106,1812,121,1290,706
3,normal-80x24,base,107,1533,95,1059,638
3,normal-80x24,base,108,1900,127,1281,691
3,normal-80x24,base,109,1491,89,1059,546
3,normal-80x24,base,110,1479,110,1046,662
3,normal-80x24,base,111,1599,115,945,533
3,normal-80x24,base,112,1306,86,861,473
3,normal-80x24,base,113,1367,89,848,476
3,normal-80x24,base,114,1333,78,961,494
3,normal-80x24,base,115,1322,86,949,511
3,normal-80x24,base,116,1327,82,925,466
3,normal-80x24,base,117,1389,86,1084,528
3,normal-80x24,base,118,1307,80,890,468
3,normal-80x24,base,119,1556,108,1159,611
3,normal-80x24,base,120,1786,87,853,437
3,normal-80x24,base,121,1550,98,1039,539
3,normal-80x24,base,122,1453,93,893,502
3,normal-80x24,base,123,1412,107,1062,599
3,normal-80x24,base,124,1326,96,1046,565
3,normal-80x24,base,125,1517,106,1073,618
3,normal-80x24,base,126,1341,115,975,567
3,normal-80x24,base,127,1186,69,926,438
3,normal-80x24,base,128,1349,79,844,434
3,normal-80x24,base,129,1327,220,27015,2445
3,normal-80x24,candidate,0,521,0,0,107
3,normal-80x24,candidate,1,2804,51,507,300
3,normal-80x24,candidate,2,1366,43,496,257
3,normal-80x24,candidate,3,1166,44,498,280
3,normal-80x24,candidate,4,1257,51,485,256
3,normal-80x24,candidate,5,1052,42,466,262
3,normal-80x24,candidate,6,1191,48,520,310
3,normal-80x24,candidate,7,1095,49,550,282
3,normal-80x24,candidate,8,1330,56,604,316
3,normal-80x24,candidate,9,1369,63,620,354
3,normal-80x24,candidate,10,1514,58,707,357
3,normal-80x24,candidate,11,1467,72,668,334
3,normal-80x24,candidate,12,1574,69,905,420
3,normal-80x24,candidate,13,1637,83,860,433
3,normal-80x24,candidate,14,2457,121,1196,692
3,normal-80x24,candidate,15,2027,148,1242,679
3,normal-80x24,candidate,16,3230,137,1159,680
3,normal-80x24,candidate,17,894,45,472,254
3,normal-80x24,candidate,18,794,45,438,231
3,normal-80x24,candidate,19,739,50,517,272
3,normal-80x24,candidate,20,780,42,461,234
3,normal-80x24,candidate,21,934,60,589,316
3,normal-80x24,candidate,22,1125,65,589,297
3,normal-80x24,candidate,23,1167,60,691,347
3,normal-80x24,candidate,24,1197,57,664,346
3,normal-80x24,candidate,25,1603,68,716,378
3,normal-80x24,candidate,26,779,43,462,249
3,normal-80x24,candidate,27,2462,118,1016,580
3,normal-80x24,candidate,28,1613,95,1090,531
3,normal-80x24,candidate,29,1965,124,1219,683
3,normal-80x24,candidate,30,1736,104,1073,588
3,normal-80x24,candidate,31,1623,136,1032,659
3,normal-80x24,candidate,32,846,49,543,286
3,normal-80x24,candidate,33,664,45,522,234
3,normal-80x24,candidate,34,708,32,503,289
3,normal-80x24,candidate,35,638,52,399,227
3,normal-80x24,candidate,36,705,52,507,257
3,normal-80x24,candidate,37,658,46,491,271
3,normal-80x24,candidate,38,693,51,524,256
3,normal-80x24,candidate,39,746,51,484,253
3,normal-80x24,candidate,40,866,49,599,300
3,normal-80x24,candidate,41,917,60,584,315
3,normal-80x24,candidate,42,958,60,644,352
3,normal-80x24,candidate,43,865,68,642,324
3,normal-80x24,candidate,44,1055,72,742,358
3,normal-80x24,candidate,45,969,57,677,349
3,normal-80x24,candidate,46,1110,63,839,415
3,normal-80x24,candidate,47,1051,62,684,357
3,normal-80x24,candidate,48,1149,67,771,378
3,normal-80x24,candidate,49,1118,66,802,394
3,normal-80x24,candidate,50,1579,108,1067,581
3,normal-80x24,candidate,51,1442,113,924,578
3,normal-80x24,candidate,52,671,45,547,284
3,normal-80x24,candidate,53,657,48,477,258
3,normal-80x24,candidate,54,640,49,437,234
3,normal-80x24,candidate,55,657,66,441,237
3,normal-80x24,candidate,56,684,48,519,273
3,normal-80x24,candidate,57,588,48,429,217
3,normal-80x24,candidate,58,592,41,490,261
3,normal-80x24,candidate,59,632,42,430,232
3,normal-80x24,candidate,60,631,47,489,263
3,normal-80x24,candidate,61,670,48,490,245
3,normal-80x24,candidate,62,683,58,546,285
3,normal-80x24,candidate,63,708,53,507,267
3,normal-80x24,candidate,64,668,51,476,265
3,normal-80x24,candidate,65,633,52,472,236
3,normal-80x24,candidate,66,827,71,613,313
3,normal-80x24,candidate,67,839,58,549,290
3,normal-80x24,candidate,68,975,73,704,360
3,normal-80x24,candidate,69,708,49,486,267
3,normal-80x24,candidate,70,610,42,490,252
3,normal-80x24,candidate,71,707,44,465,231
3,normal-80x24,candidate,72,719,49,554,333
3,normal-80x24,candidate,73,672,49,547,292
3,normal-80x24,candidate,74,694,61,520,302
3,normal-80x24,candidate,75,758,60,513,264
3,normal-80x24,candidate,76,840,77,685,334
3,normal-80x24,candidate,77,989,71,688,370
3,normal-80x24,candidate,78,1244,77,953,478
3,normal-80x24,candidate,79,1068,71,794,373
3,normal-80x24,candidate,80,1575,93,1013,497
3,normal-80x24,candidate,81,1910,137,1348,680
3,normal-80x24,candidate,82,1689,132,1141,659
3,normal-80x24,candidate,83,1956,156,1261,723
3,normal-80x24,candidate,84,953,71,700,376
3,normal-80x24,candidate,85,2168,101,877,523
3,normal-80x24,candidate,86,1234,74,879,428
3,normal-80x24,candidate,87,1429,101,1216,598
3,normal-80x24,candidate,88,1890,153,1110,576
3,normal-80x24,candidate,89,1418,117,1326,662
3,normal-80x24,candidate,90,1166,98,659,472
3,normal-80x24,candidate,91,1201,95,769,403
3,normal-80x24,candidate,92,1932,136,1148,627
3,normal-80x24,candidate,93,1394,90,1112,601
3,normal-80x24,candidate,94,2878,203,1197,622
3,normal-80x24,candidate,95,1218,86,1105,635
3,normal-80x24,candidate,96,1458,81,1038,482
3,normal-80x24,candidate,97,1704,105,1021,557
3,normal-80x24,candidate,98,1365,97,919,491
3,normal-80x24,candidate,99,1507,107,1134,634
3,normal-80x24,candidate,100,1665,118,969,551
3,normal-80x24,candidate,101,1472,141,961,564
3,normal-80x24,candidate,102,1479,105,895,515
3,normal-80x24,candidate,103,1072,68,906,462
3,normal-80x24,candidate,104,1337,88,872,458
3,normal-80x24,candidate,105,1331,90,1073,493
3,normal-80x24,candidate,106,1530,101,1057,608
3,normal-80x24,candidate,107,1760,116,1247,685
3,normal-80x24,candidate,108,2678,133,1118,700
3,normal-80x24,candidate,109,1860,142,1246,649
3,normal-80x24,candidate,110,1836,129,1264,688
3,normal-80x24,candidate,111,1720,132,1191,631
3,normal-80x24,candidate,112,1834,115,986,594
3,normal-80x24,candidate,113,1313,110,886,472
3,normal-80x24,candidate,114,1472,98,1016,581
3,normal-80x24,candidate,115,1534,135,1159,600
3,normal-80x24,candidate,116,1782,116,1168,638
3,normal-80x24,candidate,117,1519,121,939,550
3,normal-80x24,candidate,118,1553,125,1040,624
3,normal-80x24,candidate,119,1836,134,1059,582
3,normal-80x24,candidate,120,1790,137,1305,730
3,normal-80x24,candidate,121,1553,115,985,544
3,normal-80x24,candidate,122,1626,117,1099,617
3,normal-80x24,candidate,123,1566,131,1071,576
3,normal-80x24,candidate,124,1542,153,1093,676
3,normal-80x24,candidate,125,1558,119,948,551
3,normal-80x24,candidate,126,1578,119,1153,673
3,normal-80x24,candidate,127,1555,144,954,551
3,normal-80x24,candidate,128,933,80,620,356
3,normal-80x24,candidate,129,601,41,416,222
3,normal-80x24,candidate,130,614,138,17721,1901
3,resize-burst,base,0,560,0,0,107
3,resize-burst,base,1,2775,102,564,280
3,resize-burst,base,2,1501,35,554,227
3,resize-burst,base,3,2741,154,553,504
3,resize-burst,base,4,211,39,76,6
3,resize-burst,base,5,1837,42,653,299
3,resize-burst,base,6,1629,98,234,326
3,resize-burst,base,7,134,42,76,6
3,resize-burst,base,8,1507,40,572,274
3,resize-burst,base,9,2254,152,599,484
3,resize-burst,base,10,160,45,75,5
3,resize-burst,base,11,1902,49,790,335
3,resize-burst,base,12,1955,111,270,378
3,resize-burst,base,13,212,47,96,6
3,resize-burst,base,14,1383,49,666,340
3,resize-burst,base,15,2072,170,638,499
3,resize-burst,base,16,137,50,74,6
3,resize-burst,base,17,1595,47,803,354
3,resize-burst,base,18,1516,126,307,386
3,resize-burst,base,19,116,49,97,7
3,resize-burst,base,20,1702,56,772,335
3,resize-burst,base,21,2466,219,809,632
3,resize-burst,base,22,113,51,87,6
3,resize-burst,base,23,2187,72,1077,448
3,resize-burst,base,24,2032,144,338,423
3,resize-burst,base,25,120,59,93,6
3,resize-burst,base,26,1774,67,889,385
3,resize-burst,base,27,2724,229,844,683
3,resize-burst,base,28,212,53,84,7
3,resize-burst,base,29,2028,68,1064,412
3,resize-burst,base,30,1613,126,325,435
3,resize-burst,base,31,96,65,104,7
3,resize-burst,base,32,2068,68,948,389
3,resize-burst,base,33,2972,231,842,697
3,resize-burst,base,34,89,49,94,7
3,resize-burst,base,35,1816,74,925,337
3,resize-burst,base,36,1669,142,336,459
3,resize-burst,base,37,182,60,100,6
3,resize-burst,base,38,1440,57,685,317
3,resize-burst,base,39,1912,186,657,610
3,resize-burst,base,40,116,45,74,6
3,resize-burst,base,41,1712,59,898,356
3,resize-burst,base,42,1472,121,295,405
3,resize-burst,base,43,74,62,96,6
3,resize-burst,base,44,1476,70,793,344
3,resize-burst,base,45,2255,228,850,714
3,resize-burst,base,46,101,54,83,8
3,resize-burst,base,47,1679,65,912,367
3,resize-burst,base,48,1401,130,331,420
3,resize-burst,base,49,109,63,107,8
3,resize-burst,base,50,1436,59,820,380
3,resize-burst,base,51,2276,200,823,605
3,resize-burst,base,52,121,50,85,6
3,resize-burst,base,53,1750,64,1003,376
3,resize-burst,base,54,1417,157,343,434
3,resize-burst,base,55,95,74,117,7
3,resize-burst,base,56,1428,62,839,394
3,resize-burst,base,57,2141,210,850,673
3,resize-burst,base,58,130,38,60,8
3,resize-burst,base,59,808,31,517,208
3,resize-burst,base,60,837,81,168,256
3,resize-burst,base,61,88,21,36,6
3,resize-burst,base,62,677,26,474,174
3,resize-burst,base,63,1314,139,450,417
3,resize-burst,base,64,102,40,64,6
3,resize-burst,base,65,903,34,540,227
3,resize-burst,base,66,962,96,202,300
3,resize-burst,base,67,108,36,59,6
3,resize-burst,base,68,619,29,462,198
3,resize-burst,base,69,1202,146,450,411
3,resize-burst,base,70,78,43,67,5
3,resize-burst,base,71,1118,40,618,255
3,resize-burst,base,72,996,99,213,314
3,resize-burst,base,73,72,48,78,5
3,resize-burst,base,74,922,45,591,274
3,resize-burst,base,75,1547,153,593,529
3,resize-burst,base,76,61,42,63,5
3,resize-burst,base,77,1201,43,674,287
3,resize-burst,base,78,999,104,286,316
3,resize-burst,base,79,87,53,82,6
3,resize-burst,base,80,1019,48,724,313
3,resize-burst,base,81,1993,189,741,745
3,resize-burst,base,82,82,67,99,7
3,resize-burst,base,83,1647,58,878,488
3,resize-burst,base,84,1254,143,327,371
3,resize-burst,base,85,103,57,89,6
3,resize-burst,base,86,1179,55,749,334
3,resize-burst,base,87,1945,183,724,616
3,resize-burst,base,88,84,60,91,7
3,resize-burst,base,89,1713,62,898,364
3,resize-burst,base,90,1289,118,348,396
3,resize-burst,base,91,104,50,82,7
3,resize-burst,base,92,1256,76,794,389
3,resize-burst,base,93,2064,211,847,717
3,resize-burst,base,94,82,65,129,7
3,resize-burst,base,95,1776,66,1017,421
3,resize-burst,base,96,1426,148,374,436
3,resize-burst,base,97,202,49,86,7
3,resize-burst,base,98,1382,57,840,379
3,resize-burst,base,99,2415,247,853,780
3,resize-burst,base,100,95,86,152,9
3,resize-burst,base,101,2047,72,1030,541
3,resize-burst,base,102,1390,161,352,473
3,resize-burst,base,103,111,50,85,8
3,resize-burst,base,104,1321,56,908,386
3,resize-burst,base,105,2629,251,1008,817
3,resize-burst,base,106,83,77,111,6
3,resize-burst,base,107,1820,72,1018,456
3,resize-burst,base,108,1372,152,386,436
3,resize-burst,base,109,114,54,93,7
3,resize-burst,base,110,1457,63,1000,428
3,resize-burst,base,111,2513,253,987,852
3,resize-burst,base,112,78,83,147,8
3,resize-burst,base,113,2303,87,1150,535
3,resize-burst,base,114,1491,150,358,428
3,resize-burst,base,115,111,63,102,8
3,resize-burst,base,116,1127,63,819,399
3,resize-burst,base,117,1495,153,536,478
3,resize-burst,base,118,111,62,104,7
3,resize-burst,base,119,2076,100,985,422
3,resize-burst,base,120,1205,150,413,490
3,resize-burst,base,121,89,66,102,9
3,resize-burst,base,122,1614,68,1028,429
3,resize-burst,base,123,2506,232,963,786
3,resize-burst,base,124,110,100,194,7
3,resize-burst,base,125,2494,91,1185,485
3,resize-burst,base,126,1604,174,420,505
3,resize-burst,base,127,75,175,437,11
3,resize-burst,base,128,2924,102,888,496
3,resize-burst,base,129,1389,143,514,491
3,resize-burst,base,130,88,100,164,6
3,resize-burst,base,131,2583,94,1284,515
3,resize-burst,base,132,1653,175,426,544
3,resize-burst,base,133,120,58,97,8
3,resize-burst,base,134,1388,56,889,353
3,resize-burst,base,135,2396,259,971,792
3,resize-burst,base,136,118,48,77,9
3,resize-burst,base,137,1469,54,881,360
3,resize-burst,base,138,1003,116,279,336
3,resize-burst,base,139,88,44,75,6
3,resize-burst,base,140,968,48,700,296
3,resize-burst,base,141,1753,178,698,596
3,resize-burst,base,142,79,54,90,6
3,resize-burst,base,143,1504,61,906,395
3,resize-burst,base,144,1277,139,309,385
3,resize-burst,base,145,100,58,90,7
3,resize-burst,base,146,1325,58,866,396
3,resize-burst,base,147,2188,220,846,786
3,resize-burst,base,148,89,71,125,7
3,resize-burst,base,149,2122,78,1194,515
3,resize-burst,base,150,1576,171,416,533
3,resize-burst,base,151,195,65,139,7
3,resize-burst,base,152,1643,74,1047,458
3,resize-burst,base,153,2603,232,855,763
3,resize-burst,base,154,181,61,103,8
3,resize-burst,base,155,1840,67,1001,416
3,resize-burst,base,156,1321,144,341,448
3,resize-burst,base,157,104,71,111,7
3,resize-burst,base,158,1405,66,895,472
3,resize-burst,base,159,2185,211,833,721
3,resize-burst,base,160,119,52,97,8
3,resize-burst,base,161,1647,61,987,482
3,resize-burst,base,162,1428,181,358,652
3,resize-burst,base,163,92,92,132,8
3,resize-burst,base,164,1433,65,1046,475
3,resize-burst,base,165,2836,304,910,994
3,resize-burst,base,166,156,56,90,6
3,resize-burst,base,167,1660,68,1045,415
3,resize-burst,base,168,1539,162,501,529
3,resize-burst,base,169,80,94,153,7
3,resize-burst,base,170,1587,64,1077,474
3,resize-burst,base,171,2570,303,902,1045
3,resize-burst,base,172,114,77,118,7
3,resize-burst,base,173,1789,72,1065,443
3,resize-burst,base,174,1531,156,368,514
3,resize-burst,base,175,98,45,76,9
3,resize-burst,base,176,1081,47,718,315
3,resize-burst,base,177,1965,203,869,614
3,resize-burst,base,178,103,61,97,7
3,resize-burst,base,179,1690,81,1001,430
3,resize-burst,base,180,1370,151,340,455
3,resize-burst,base,181,91,85,130,7
3,resize-burst,base,182,1484,74,978,459
3,resize-burst,base,183,2385,265,866,814
3,resize-burst,base,184,105,52,85,7
3,resize-burst,base,185,1721,99,924,374
3,resize-burst,base,186,1402,132,330,395
3,resize-burst,base,187,67,58,103,7
3,resize-burst,base,188,1265,57,1021,393
3,resize-burst,base,189,2595,252,876,861
3,resize-burst,base,190,105,53,104,9
3,resize-burst,base,191,2026,73,1114,454
3,resize-burst,base,192,1495,172,389,489
3,resize-burst,base,193,115,80,115,7
3,resize-burst,base,194,1687,67,1068,432
3,resize-burst,base,195,2651,298,1012,909
3,resize-burst,base,196,146,103,169,9
3,resize-burst,base,197,2373,91,1300,565
3,resize-burst,base,198,1641,217,372,544
3,resize-burst,base,199,158,104,170,10
3,resize-burst,base,200,1464,68,1046,537
3,resize-burst,base,201,2617,285,912,1041
3,resize-burst,base,202,122,48,80,9
3,resize-burst,base,203,1639,61,959,372
3,resize-burst,base,204,1272,129,343,423
3,resize-burst,base,205,82,74,119,7
3,resize-burst,base,206,1581,78,946,388
3,resize-burst,base,207,2588,312,997,830
3,resize-burst,base,208,130,97,161,9
3,resize-burst,base,209,2057,80,1201,590
3,resize-burst,base,210,1461,145,344,494
3,resize-burst,base,211,117,59,101,8
3,resize-burst,base,212,1540,104,815,362
3,resize-burst,base,213,1892,193,731,630
3,resize-burst,base,214,93,67,109,7
3,resize-burst,base,215,2142,91,1275,507
3,resize-burst,base,216,1760,185,437,610
3,resize-burst,base,217,130,107,182,9
3,resize-burst,base,218,1796,117,1080,558
3,resize-burst,base,219,2644,281,914,989
3,resize-burst,base,220,132,80,142,9
3,resize-burst,base,221,1509,70,831,450
3,resize-burst,base,222,1229,144,340,432
3,resize-burst,base,223,87,56,89,7
3,resize-burst,base,224,1134,64,797,350
3,resize-burst,base,225,2100,213,828,719
3,resize-burst,base,226,82,56,96,5
3,resize-burst,base,227,1678,61,1007,423
3,resize-burst,base,228,1432,134,384,462
3,resize-burst,base,229,106,87,135,10
3,resize-burst,base,230,1942,118,1101,577
3,resize-burst,base,231,2539,232,853,732
3,resize-burst,base,232,88,88,157,8
3,resize-burst,base,233,2121,78,1100,543
3,resize-burst,base,234,1473,184,558,526
3,resize-burst,base,235,203,112,169,10
3,resize-burst,base,236,1532,70,1028,526
3,resize-burst,base,237,2358,263,869,939
3,resize-burst,base,238,99,104,152,13
3,resize-burst,base,239,1791,75,1020,548
3,resize-burst,base,240,1322,137,322,433
3,resize-burst,base,241,115,72,121,8
3,resize-burst,base,242,1344,63,933,430
3,resize-burst,base,243,2187,228,858,774
3,resize-burst,base,244,105,96,129,9
3,resize-burst,base,245,1722,100,890,480
3,resize-burst,base,246,1165,131,315,387
3,resize-burst,base,247,84,68,106,7
3,resize-burst,base,248,1227,59,835,383
3,resize-burst,base,249,2032,224,762,697
3,resize-burst,base,250,107,49,73,7
3,resize-burst,base,251,1404,52,915,358
3,resize-burst,base,252,1349,137,288,444
3,resize-burst,base,253,112,95,129,8
3,resize-burst,base,254,1319,56,862,442
3,resize-burst,base,255,2056,212,749,629
3,resize-burst,base,256,74,64,97,6
3,resize-burst,base,257,1702,56,871,385
3,resize-burst,base,258,1251,135,336,412
3,resize-burst,base,259,109,62,99,7
3,resize-burst,base,260,1528,67,1048,439
3,resize-burst,base,261,2508,240,884,696
3,resize-burst,base,262,84,59,93,6
3,resize-burst,base,263,1680,63,1007,415
3,resize-burst,base,264,1342,145,385,463
3,resize-burst,base,265,99,74,106,8
3,resize-burst,base,266,1402,77,821,380
3,resize-burst,base,267,1810,189,682,597
3,resize-burst,base,268,85,37,57,7
3,resize-burst,base,269,849,32,515,243
3,resize-burst,base,270,721,83,213,264
3,resize-burst,base,271,86,41,68,5
3,resize-burst,base,272,837,37,590,321
3,resize-burst,base,273,1462,152,605,518
3,resize-burst,base,274,66,48,87,6
3,resize-burst,base,275,1182,45,681,318
3,resize-burst,base,276,925,102,259,320
3,resize-burst,base,277,78,43,73,5
3,resize-burst,base,278,913,41,705,297
3,resize-burst,base,279,1823,208,745,630
3,resize-burst,base,280,85,45,98,6
3,resize-burst,base,281,1465,55,838,364
3,resize-burst,base,282,1076,115,279,359
3,resize-burst,base,283,92,88,147,7
3,resize-burst,base,284,1238,52,901,406
3,resize-burst,base,285,2501,253,861,770
3,resize-burst,base,286,102,55,92,7
3,resize-burst,base,287,1737,82,962,426
3,resize-burst,base,288,1246,137,332,438
3,resize-burst,base,289,101,52,100,8
3,resize-burst,base,290,1232,56,815,354
3,resize-burst,base,291,1886,208,770,662
3,resize-burst,base,292,117,49,100,6
3,resize-burst,base,293,1488,56,784,343
3,resize-burst,base,294,1094,120,288,378
3,resize-burst,base,295,85,56,94,6
3,resize-burst,base,296,1251,58,955,366
3,resize-burst,base,297,2359,246,851,717
3,resize-burst,base,298,92,56,91,6
3,resize-burst,base,299,1653,76,1088,428
3,resize-burst,base,300,1593,164,387,557
3,resize-burst,base,301,104,97,158,9
3,resize-burst,base,302,1446,70,991,506
3,resize-burst,base,303,2252,254,766,770
3,resize-burst,base,304,104,47,76,8
3,resize-burst,base,305,1447,62,1038,457
3,resize-burst,base,306,1611,184,346,526
3,resize-burst,base,307,106,107,164,8
3,resize-burst,base,308,1569,74,968,561
3,resize-burst,base,309,2360,265,902,940
3,resize-burst,base,310,109,76,118,8
3,resize-burst,base,311,1768,81,1048,463
3,resize-burst,base,312,1366,148,329,475
3,resize-burst,base,313,131,81,129,8
3,resize-burst,base,314,1322,60,930,449
3,resize-burst,base,315,2418,273,900,908
3,resize-burst,base,316,98,71,110,6
3,resize-burst,base,317,1791,78,1024,467
3,resize-burst,base,318,1304,154,328,443
3,resize-burst,base,319,68,77,124,6
3,resize-burst,base,320,1413,62,932,441
3,resize-burst,base,321,2568,240,883,806
3,resize-burst,base,322,128,52,87,7
3,resize-burst,base,323,1694,92,1051,492
3,resize-burst,base,324,1347,147,336,495
3,resize-burst,base,325,84,78,126,8
3,resize-burst,base,326,1390,64,864,426
3,resize-burst,base,327,2094,267,867,1049
3,resize-burst,base,328,96,69,116,6
3,resize-burst,base,329,1528,61,833,428
3,resize-burst,base,330,1066,116,282,364
3,resize-burst,base,331,99,47,75,7
3,resize-burst,base,332,1034,46,748,315
3,resize-burst,base,333,1802,186,727,628
3,resize-burst,base,334,86,53,86,6
3,resize-burst,base,335,1436,54,839,382
3,resize-burst,base,336,1244,133,333,417
3,resize-burst,base,337,171,46,73,7
3,resize-burst,base,338,1020,51,765,302
3,resize-burst,base,339,2005,204,828,707
3,resize-burst,base,340,77,52,87,5
3,resize-burst,base,341,1448,55,900,370
3,resize-burst,base,342,1272,132,339,436
3,resize-burst,base,343,112,49,83,12
3,resize-burst,base,344,1177,70,953,369
3,resize-burst,base,345,2464,251,992,864
3,resize-burst,base,346,95,47,80,6
3,resize-burst,base,347,1627,59,998,414
3,resize-burst,base,348,1545,176,390,452
3,resize-burst,base,349,92,68,107,7
3,resize-burst,base,350,1412,98,934,410
3,resize-burst,base,351,2248,233,1008,830
3,resize-burst,base,352,95,88,134,7
3,resize-burst,base,353,1913,83,1132,528
3,resize-burst,base,354,1456,168,307,528
3,resize-burst,base,355,172,106,178,10
3,resize-burst,base,356,1486,75,1033,498
3,resize-burst,base,357,2623,279,828,896
3,resize-burst,base,358,90,47,75,7
3,resize-burst,base,359,1531,74,873,418
3,resize-burst,base,360,1048,117,300,381
3,resize-burst,base,361,110,52,88,6
3,resize-burst,base,362,1070,56,772,371
3,resize-burst,base,363,2028,202,838,728
3,resize-burst,base,364,101,58,100,7
3,resize-burst,base,365,2008,65,1037,428
3,resize-burst,base,366,1273,125,316,413
3,resize-burst,base,367,89,64,79,7
3,resize-burst,base,368,1208,49,748,331
3,resize-burst,base,369,2126,205,750,832
3,resize-burst,base,370,89,76,133,6
3,resize-burst,base,371,1824,71,1010,507
3,resize-burst,base,372,1235,128,291,369
3,resize-burst,base,373,89,51,88,7
3,resize-burst,base,374,1217,57,775,340
3,resize-burst,base,375,2068,213,835,745
3,resize-burst,base,376,143,63,93,6
3,resize-burst,base,377,1652,55,818,385
3,resize-burst,base,378,1198,110,285,358
3,resize-burst,base,379,100,40,62,7
3,resize-burst,base,380,726,32,479,219
3,resize-burst,base,381,1269,132,461,420
3,resize-burst,base,382,98,39,58,7
3,resize-burst,base,383,840,40,480,233
3,resize-burst,base,384,808,82,184,291
3,resize-burst,base,385,78,42,62,8
3,resize-burst,base,386,633,29,429,199
3,resize-burst,base,387,1215,129,431,445
3,resize-burst,base,388,92,97,46274,3256
3,resize-burst,candidate,0,169,0,0,113
3,resize-burst,candidate,1,2829,106,577,312
3,resize-burst,candidate,2,1552,35,533,218
3,resize-burst,candidate,3,2764,144,564,547
3,resize-burst,candidate,4,164,52,78,7
3,resize-burst,candidate,5,1884,46,658,314
3,resize-burst,candidate,6,1521,99,242,294
3,resize-burst,candidate,7,119,45,72,6
3,resize-burst,candidate,8,1512,41,652,268
3,resize-burst,candidate,9,2588,175,767,575
3,resize-burst,candidate,10,66,49,87,6
3,resize-burst,candidate,11,1912,50,805,359
3,resize-burst,candidate,12,1978,123,313,380
3,resize-burst,candidate,13,167,55,91,6
3,resize-burst,candidate,14,1492,44,735,331
3,resize-burst,candidate,15,2484,193,733,663
3,resize-burst,candidate,16,70,48,78,7
3,resize-burst,candidate,17,1861,54,858,412
3,resize-burst,candidate,18,1472,130,286,390
3,resize-burst,candidate,19,95,53,91,10
3,resize-burst,candidate,20,1646,56,816,355
3,resize-burst,candidate,21,2540,223,838,729
3,resize-burst,candidate,22,76,48,79,6
3,resize-burst,candidate,23,1968,66,866,435
3,resize-burst,candidate,24,1426,109,286,342
3,resize-burst,candidate,25,124,49,76,10
3,resize-burst,candidate,26,1430,47,775,324
3,resize-burst,candidate,27,2736,199,766,617
3,resize-burst,candidate,28,104,50,91,8
3,resize-burst,candidate,29,1997,68,883,343
3,resize-burst,candidate,30,1558,125,318,423
3,resize-burst,candidate,31,59,57,97,8
3,resize-burst,candidate,32,1776,62,876,394
3,resize-burst,candidate,33,2935,212,850,701
3,resize-burst,candidate,34,158,43,94,8
3,resize-burst,candidate,35,1772,61,870,325
3,resize-burst,candidate,36,1503,140,353,431
3,resize-burst,candidate,37,129,59,89,7
3,resize-burst,candidate,38,1447,58,764,326
3,resize-burst,candidate,39,2159,205,842,679
3,resize-burst,candidate,40,58,57,83,5
3,resize-burst,candidate,41,1939,46,679,265
3,resize-burst,candidate,42,1113,103,233,321
3,resize-burst,candidate,43,92,59,96,11
3,resize-burst,candidate,44,1443,67,866,381
3,resize-burst,candidate,45,2308,211,837,737
3,resize-burst,candidate,46,52,59,107,6
3,resize-burst,candidate,47,1839,71,1075,434
3,resize-burst,candidate,48,1697,160,408,468
3,resize-burst,candidate,49,59,56,100,7
3,resize-burst,candidate,50,1609,66,963,359
3,resize-burst,candidate,51,2192,213,840,719
3,resize-burst,candidate,52,50,74,133,5
3,resize-burst,candidate,53,2203,86,1362,542
3,resize-burst,candidate,54,2135,208,489,603
3,resize-burst,candidate,55,88,126,173,9
3,resize-burst,candidate,56,1698,109,872,534
3,resize-burst,candidate,57,1844,176,677,582
3,resize-burst,candidate,58,112,29,47,7
3,resize-burst,candidate,59,799,28,522,199
3,resize-burst,candidate,60,850,89,168,262
3,resize-burst,candidate,61,47,35,57,6
3,resize-burst,candidate,62,648,29,491,209
3,resize-burst,candidate,63,1246,132,451,439
3,resize-burst,candidate,64,68,36,62,5
3,resize-burst,candidate,65,846,34,532,227
3,resize-burst,candidate,66,905,88,191,279
3,resize-burst,candidate,67,137,38,60,6
3,resize-burst,candidate,68,652,30,503,198
3,resize-burst,candidate,69,1304,139,521,477
3,resize-burst,candidate,70,39,40,65,5
3,resize-burst,candidate,71,1136,40,639,271
3,resize-burst,candidate,72,964,98,209,306
3,resize-burst,candidate,73,60,42,77,5
3,resize-burst,candidate,74,950,51,621,273
3,resize-burst,candidate,75,1550,163,594,558
3,resize-burst,candidate,76,41,61,81,5
3,resize-burst,candidate,77,1215,45,692,316
3,resize-burst,candidate,78,996,98,244,326
3,resize-burst,candidate,79,39,48,85,5
3,resize-burst,candidate,80,984,48,683,325
3,resize-burst,candidate,81,1784,175,654,679
3,resize-burst,candidate,82,48,59,85,5
3,resize-burst,candidate,83,1256,47,755,315
3,resize-burst,candidate,84,1129,102,252,331
3,resize-burst,candidate,85,56,49,80,5
3,resize-burst,candidate,86,1111,53,743,323
3,resize-burst,candidate,87,1992,206,744,642
3,resize-burst,candidate,88,56,56,105,6
3,resize-burst,candidate,89,1740,65,989,421
3,resize-burst,candidate,90,1422,150,370,461
3,resize-burst,candidate,91,48,72,112,6
3,resize-burst,candidate,92,1676,103,1034,442
3,resize-burst,candidate,93,2485,258,1003,791
3,resize-burst,candidate,94,79,68,141,8
3,resize-burst,candidate,95,1810,67,1049,457
3,resize-burst,candidate,96,1576,171,360,493
3,resize-burst,candidate,97,74,49,78,6
3,resize-burst,candidate,98,1229,66,761,307
3,resize-burst,candidate,99,2137,218,835,642
3,resize-burst,candidate,100,69,47,91,6
3,resize-burst,candidate,101,1537,57,889,364
3,resize-burst,candidate,102,1295,134,303,428
3,resize-burst,candidate,103,47,76,119,6
3,resize-burst,candidate,104,1375,62,805,454
3,resize-burst,candidate,105,1973,201,743,589
3,resize-burst,candidate,106,59,44,100,6
3,resize-burst,candidate,107,1401,51,884,360
3,resize-burst,candidate,108,1340,141,345,401
3,resize-burst,candidate,109,44,60,98,6
3,resize-burst,candidate,110,1288,59,864,351
3,resize-burst,candidate,111,2042,199,754,632
3,resize-burst,candidate,112,79,57,91,8
3,resize-burst,candidate,113,1780,61,999,409
3,resize-burst,candidate,114,1394,158,366,465
3,resize-burst,candidate,115,59,41,62,7
3,resize-burst,candidate,116,794,37,552,246
3,resize-burst,candidate,117,1376,154,531,485
3,resize-burst,candidate,118,60,42,65,6
3,resize-burst,candidate,119,1141,62,676,300
3,resize-burst,candidate,120,991,100,244,325
3,resize-burst,candidate,121,63,44,67,7
3,resize-burst,candidate,122,919,46,638,285
3,resize-burst,candidate,123,1642,172,646,585
3,resize-burst,candidate,124,33,50,90,4
3,resize-burst,candidate,125,1276,53,833,348
3,resize-burst,candidate,126,1309,129,337,407
3,resize-burst,candidate,127,52,52,80,5
3,resize-burst,candidate,128,959,44,679,322
3,resize-burst,candidate,129,1759,182,712,595
3,resize-burst,candidate,130,66,47,75,9
3,resize-burst,candidate,131,1292,48,840,312
3,resize-burst,candidate,132,1236,122,293,391
3,resize-burst,candidate,133,73,54,94,6
3,resize-burst,candidate,134,1091,51,803,340
3,resize-burst,candidate,135,2055,227,758,634
3,resize-burst,candidate,136,76,47,77,7
3,resize-burst,candidate,137,1445,65,956,348
3,resize-burst,candidate,138,1487,175,354,498
3,resize-burst,candidate,139,63,79,137,8
3,resize-burst,candidate,140,1438,66,1000,465
3,resize-burst,candidate,141,2364,268,857,910
3,resize-burst,candidate,142,77,71,111,7
3,resize-burst,candidate,143,1551,67,977,449
3,resize-burst,candidate,144,1365,149,336,434
3,resize-burst,candidate,145,63,71,99,8
3,resize-burst,candidate,146,1385,58,956,378
3,resize-burst,candidate,147,2266,241,907,791
3,resize-burst,candidate,148,92,112,154,7
3,resize-burst,candidate,149,1757,63,843,504
3,resize-burst,candidate,150,1113,107,230,348
3,resize-burst,candidate,151,54,53,91,8
3,resize-burst,candidate,152,1124,51,782,344
3,resize-burst,candidate,153,2140,232,853,683
3,resize-burst,candidate,154,63,44,70,7
3,resize-burst,candidate,155,1318,55,921,320
3,resize-burst,candidate,156,1140,123,283,376
3,resize-burst,candidate,157,58,53,84,7
3,resize-burst,candidate,158,1062,47,775,333
3,resize-burst,candidate,159,2077,211,839,707
3,resize-burst,candidate,160,63,47,74,5
3,resize-burst,candidate,161,1405,53,902,344
3,resize-burst,candidate,162,1376,173,355,603
3,resize-burst,candidate,163,54,68,105,6
3,resize-burst,candidate,164,1145,54,793,380
3,resize-burst,candidate,165,1988,209,809,717
3,resize-burst,candidate,166,45,61,105,6
3,resize-burst,candidate,167,1663,90,1014,410
3,resize-burst,candidate,168,1369,145,348,460
3,resize-burst,candidate,169,64,84,133,7
3,resize-burst,candidate,170,1474,61,859,436
3,resize-burst,candidate,171,1950,212,745,723
3,resize-burst,candidate,172,49,60,95,7
3,resize-burst,candidate,173,1728,68,912,411
3,resize-burst,candidate,174,1179,116,339,389
3,resize-burst,candidate,175,65,58,92,6
3,resize-burst,candidate,176,1220,59,948,383
3,resize-burst,candidate,177,2409,252,938,790
3,resize-burst,candidate,178,66,34,58,8
3,resize-burst,candidate,179,827,35,485,227
3,resize-burst,candidate,180,651,66,168,216
3,resize-burst,candidate,181,70,41,60,6
3,resize-burst,candidate,182,682,32,554,220
3,resize-burst,candidate,183,1340,148,523,508
3,resize-burst,candidate,184,39,50,76,3
3,resize-burst,candidate,185,1205,70,693,310
3,resize-burst,candidate,186,997,97,237,345
3,resize-burst,candidate,187,40,59,86,7
3,resize-burst,candidate,188,1091,55,840,349
3,resize-burst,candidate,189,2091,234,831,771
3,resize-burst,candidate,190,65,48,112,6
3,resize-burst,candidate,191,1664,65,872,360
3,resize-burst,candidate,192,1209,122,333,400
3,resize-burst,candidate,193,71,41,64,7
3,resize-burst,candidate,194,709,31,487,221
3,resize-burst,candidate,195,1218,131,431,423
3,resize-burst,candidate,196,75,40,60,6
3,resize-burst,candidate,197,873,33,534,230
3,resize-burst,candidate,198,718,75,182,245
3,resize-burst,candidate,199,75,41,63,6
3,resize-burst,candidate,200,761,44,565,243
3,resize-burst,candidate,201,1526,171,584,588
3,resize-burst,candidate,202,53,38,68,5
3,resize-burst,candidate,203,1325,47,817,316
3,resize-burst,candidate,204,1118,115,279,381
3,resize-burst,candidate,205,38,55,88,3
3,resize-burst,candidate,206,1076,60,891,341
3,resize-burst,candidate,207,2176,241,880,744
3,resize-burst,candidate,208,52,69,112,6
3,resize-burst,candidate,209,1859,79,1076,447
3,resize-burst,candidate,210,1340,132,324,386
3,resize-burst,candidate,211,63,77,125,7
3,resize-burst,candidate,212,1365,85,939,406
3,resize-burst,candidate,213,2357,234,883,816
3,resize-burst,candidate,214,91,91,137,7
3,resize-burst,candidate,215,1956,89,1058,521
3,resize-burst,candidate,216,1247,136,336,396
3,resize-burst,candidate,217,63,53,95,7
3,resize-burst,candidate,218,1214,71,847,360
3,resize-burst,candidate,219,2072,210,863,693
3,resize-burst,candidate,220,93,68,125,7
3,resize-burst,candidate,221,1697,70,1020,455
3,resize-burst,candidate,222,1435,154,334,521
3,resize-burst,candidate,223,50,63,103,8
3,resize-burst,candidate,224,1170,60,901,372
3,resize-burst,candidate,225,2249,240,857,798
3,resize-burst,candidate,226,100,104,170,9
3,resize-burst,candidate,227,1891,77,1069,566
3,resize-burst,candidate,228,1165,108,265,344
3,resize-burst,candidate,229,44,56,97,8
3,resize-burst,candidate,230,1245,69,949,390
3,resize-burst,candidate,231,2056,229,836,705
3,resize-burst,candidate,232,52,65,103,5
3,resize-burst,candidate,233,1655,63,1012,420
3,resize-burst,candidate,234,1315,159,339,447
3,resize-burst,candidate,235,46,74,121,6
3,resize-burst,candidate,236,1508,69,1125,485
3,resize-burst,candidate,237,2554,263,1002,909
3,resize-burst,candidate,238,93,101,160,8
3,resize-burst,candidate,239,1974,80,1196,594
3,resize-burst,candidate,240,1509,164,333,512
3,resize-burst,candidate,241,107,99,131,10
3,resize-burst,candidate,242,1197,56,643,388
3,resize-burst,candidate,243,1315,150,507,448
3,resize-burst,candidate,244,59,50,84,5
3,resize-burst,candidate,245,1685,60,958,387
3,resize-burst,candidate,246,1201,127,343,410
3,resize-burst,candidate,247,77,65,105,7
3,resize-burst,candidate,248,1176,53,843,378
3,resize-burst,candidate,249,2036,213,841,710
3,resize-burst,candidate,250,51,59,96,9
3,resize-burst,candidate,251,1690,66,1015,419
3,resize-burst,candidate,252,1391,157,345,490
3,resize-burst,candidate,253,86,49,94,7
3,resize-burst,candidate,254,1158,58,861,339
3,resize-burst,candidate,255,2147,227,842,732
3,resize-burst,candidate,256,62,49,84,6
3,resize-burst,candidate,257,1628,59,1001,408
3,resize-burst,candidate,258,1370,140,332,470
3,resize-burst,candidate,259,45,85,145,5
3,resize-burst,candidate,260,1439,69,1100,446
3,resize-burst,candidate,261,2854,277,933,968
3,resize-burst,candidate,262,208,109,161,13
3,resize-burst,candidate,263,1987,84,1132,530
3,resize-burst,candidate,264,1549,178,304,494
3,resize-burst,candidate,265,127,103,160,8
3,resize-burst,candidate,266,1333,63,887,454
3,resize-burst,candidate,267,1986,225,786,756
3,resize-burst,candidate,268,67,47,74,19
3,resize-burst,candidate,269,1373,56,899,368
3,resize-burst,candidate,270,1251,138,351,442
3,resize-burst,candidate,271,127,54,88,6
3,resize-burst,candidate,272,1220,72,839,347
3,resize-burst,candidate,273,2092,241,865,718
3,resize-burst,candidate,274,65,62,117,7
3,resize-burst,candidate,275,1676,61,947,419
3,resize-burst,candidate,276,1235,135,324,442
3,resize-burst,candidate,277,48,95,168,6
3,resize-burst,candidate,278,1657,76,1201,552
3,resize-burst,candidate,279,2547,282,1088,918
3,resize-burst,candidate,280,88,106,172,7
3,resize-burst,candidate,281,1966,89,1263,589
3,resize-burst,candidate,282,1970,227,364,679
3,resize-burst,candidate,283,75,52,98,7
3,resize-burst,candidate,284,1232,54,877,386
3,resize-burst,candidate,285,2270,246,765,726
3,resize-burst,candidate,286,42,56,93,5
3,resize-burst,candidate,287,1699,67,1122,419
3,resize-burst,candidate,288,1656,191,428,546
3,resize-burst,candidate,289,85,64,123,9
3,resize-burst,candidate,290,1269,63,906,421
3,resize-burst,candidate,291,2271,238,940,681
3,resize-burst,candidate,292,53,73,120,6
3,resize-burst,candidate,293,2042,75,1239,562
3,resize-burst,candidate,294,1621,186,402,587
3,resize-burst,candidate,295,82,116,176,9
3,resize-burst,candidate,296,1732,82,1169,583
3,resize-burst,candidate,297,2495,488,862,902
3,resize-burst,candidate,298,115,101,155,11
3,resize-burst,candidate,299,1773,102,1126,563
3,resize-burst,candidate,300,1647,222,335,556
3,resize-burst,candidate,301,119,100,183,10
3,resize-burst,candidate,302,1366,65,797,516
3,resize-burst,candidate,303,1764,193,750,627
3,resize-burst,candidate,304,71,47,76,6
3,resize-burst,candidate,305,1385,70,927,356
3,resize-burst,candidate,306,1348,139,331,438
3,resize-burst,candidate,307,79,35,55,11
3,resize-burst,candidate,308,570,27,464,195
3,resize-burst,candidate,309,1139,118,416,429
3,resize-burst,candidate,310,72,34,64,6
3,resize-burst,candidate,311,785,38,540,224
3,resize-burst,candidate,312,788,87,162,274
3,resize-burst,candidate,313,53,36,57,6
3,resize-burst,candidate,314,602,27,452,193
3,resize-burst,candidate,315,1109,128,447,422
3,resize-burst,candidate,316,36,34,54,5
3,resize-burst,candidate,317,761,33,516,209
3,resize-burst,candidate,318,759,82,163,257
3,resize-burst,candidate,319,69,42,66,7
3,resize-burst,candidate,320,610,31,454,209
3,resize-burst,candidate,321,1152,125,452,444
3,resize-burst,candidate,322,69,36,57,6
3,resize-burst,candidate,323,756,34,524,206
3,resize-burst,candidate,324,819,92,187,293
3,resize-burst,candidate,325,64,43,65,6
3,resize-burst,candidate,326,664,36,498,220
3,resize-burst,candidate,327,1282,163,466,631
3,resize-burst,candidate,328,78,50,80,267
3,resize-burst,candidate,329,855,37,522,245
3,resize-burst,candidate,330,805,197,233,298
3,resize-burst,candidate,331,88,37,59,7
3,resize-burst,candidate,332,616,29,493,220
3,resize-burst,candidate,333,1164,125,442,431
3,resize-burst,candidate,334,62,37,64,6
3,resize-burst,candidate,335,781,32,504,230
3,resize-burst,candidate,336,744,85,166,258
3,resize-burst,candidate,337,131,38,56,5
3,resize-burst,candidate,338,588,35,485,190
3,resize-burst,candidate,339,1312,136,448,449
3,resize-burst,candidate,340,66,44,66,5
3,resize-burst,candidate,341,862,32,507,218
3,resize-burst,candidate,342,750,82,173,253
3,resize-burst,candidate,343,35,48,68,6
3,resize-burst,candidate,344,638,39,503,212
3,resize-burst,candidate,345,1237,131,451,431
3,resize-burst,candidate,346,86,42,62,6
3,resize-burst,candidate,347,796,35,591,244
3,resize-burst,candidate,348,887,97,190,296
3,resize-burst,candidate,349,49,46,69,6
3,resize-burst,candidate,350,666,52,449,214
3,resize-burst,candidate,351,1144,132,457,435
3,resize-burst,candidate,352,84,43,67,6
3,resize-burst,candidate,353,833,61,605,244
3,resize-burst,candidate,354,948,101,211,313
3,resize-burst,candidate,355,93,41,63,7
3,resize-burst,candidate,356,655,32,523,205
3,resize-burst,candidate,357,1366,141,489,525
3,resize-burst,candidate,358,79,47,68,6
3,resize-burst,candidate,359,905,38,579,239
3,resize-burst,candidate,360,868,90,192,298
3,resize-burst,candidate,361,81,46,78,5
3,resize-burst,candidate,362,652,34,507,224
3,resize-burst,candidate,363,1316,136,470,454
3,resize-burst,candidate,364,97,50,58,7
3,resize-burst,candidate,365,873,32,470,229
3,resize-burst,candidate,366,781,79,177,362
3,resize-burst,candidate,367,77,42,64,6
3,resize-burst,candidate,368,635,32,473,213
3,resize-burst,candidate,369,1292,129,429,462
3,resize-burst,candidate,370,67,48,64,5
3,resize-burst,candidate,371,882,33,497,225
3,resize-burst,candidate,372,827,94,193,285
3,resize-burst,candidate,373,71,41,67,6
3,resize-burst,candidate,374,630,29,467,204
3,resize-burst,candidate,375,1314,144,458,460
3,resize-burst,candidate,376,143,48,66,6
3,resize-burst,candidate,377,886,40,546,234
3,resize-burst,candidate,378,1016,101,216,301
3,resize-burst,candidate,379,80,50,70,6
3,resize-burst,candidate,380,686,31,756,204
3,resize-burst,candidate,381,1258,129,451,472
3,resize-burst,candidate,382,90,47,67,7
3,resize-burst,candidate,383,867,37,701,237
3,resize-burst,candidate,384,960,94,189,292
3,resize-burst,candidate,385,71,84,135,7
3,resize-burst,candidate,386,1191,48,492,241
3,resize-burst,candidate,387,1200,131,428,439
3,resize-burst,candidate,388,92,110,48922,3540
3,single-dirty-cell-160x50,base,0,562,0,0,121
3,single-dirty-cell-160x50,base,1,1579,29,455,253
3,single-dirty-cell-160x50,base,2,881,32,473,290
3,single-dirty-cell-160x50,base,3,752,29,447,264
3,single-dirty-cell-160x50,base,4,1002,34,609,376
3,single-dirty-cell-160x50,base,5,1138,39,668,381
3,single-dirty-cell-160x50,base,6,1043,38,729,414
3,single-dirty-cell-160x50,base,7,1357,66,894,552
3,single-dirty-cell-160x50,base,8,2749,65,969,631
3,single-dirty-cell-160x50,base,9,1677,67,1124,677
3,single-dirty-cell-160x50,base,10,1599,93,952,583
3,single-dirty-cell-160x50,base,11,920,75,801,526
3,single-dirty-cell-160x50,base,12,1615,91,1034,693
3,single-dirty-cell-160x50,base,13,1248,61,1039,714
3,single-dirty-cell-160x50,base,14,1158,77,1086,691
3,single-dirty-cell-160x50,base,15,1338,86,860,613
3,single-dirty-cell-160x50,base,16,1366,93,638,585
3,single-dirty-cell-160x50,base,17,1113,63,1013,584
3,single-dirty-cell-160x50,base,18,1266,82,1116,746
3,single-dirty-cell-160x50,base,19,886,41,762,496
3,single-dirty-cell-160x50,base,20,966,56,894,528
3,single-dirty-cell-160x50,base,21,2006,75,1045,640
3,single-dirty-cell-160x50,base,22,922,74,589,391
3,single-dirty-cell-160x50,base,23,1849,72,765,806
3,single-dirty-cell-160x50,base,24,900,55,2272,693
3,single-dirty-cell-160x50,base,25,845,59,848,465
3,single-dirty-cell-160x50,base,26,2552,172,862,657
3,single-dirty-cell-160x50,base,27,1057,81,1281,619
3,single-dirty-cell-160x50,base,28,835,80,949,540
3,single-dirty-cell-160x50,base,29,527,30,423,253
3,single-dirty-cell-160x50,base,30,589,34,615,306
3,single-dirty-cell-160x50,base,31,394,29,464,269
3,single-dirty-cell-160x50,base,32,480,22,417,254
3,single-dirty-cell-160x50,base,33,430,26,372,236
3,single-dirty-cell-160x50,base,34,484,33,405,257
3,single-dirty-cell-160x50,base,35,464,28,422,259
3,single-dirty-cell-160x50,base,36,435,23,376,244
3,single-dirty-cell-160x50,base,37,409,31,449,260
3,single-dirty-cell-160x50,base,38,436,23,392,226
3,single-dirty-cell-160x50,base,39,484,34,553,306
3,single-dirty-cell-160x50,base,40,590,37,512,346
3,single-dirty-cell-160x50,base,41,930,50,843,526
3,single-dirty-cell-160x50,base,42,1023,85,695,513
3,single-dirty-cell-160x50,base,43,921,59,820,527
3,single-dirty-cell-160x50,base,44,963,85,922,573
3,single-dirty-cell-160x50,base,45,1057,79,941,591
3,single-dirty-cell-160x50,base,46,1071,82,936,600
3,single-dirty-cell-160x50,base,47,1070,80,900,550
3,single-dirty-cell-160x50,base,48,1188,72,975,639
3,single-dirty-cell-160x50,base,49,1185,85,1106,713
3,single-dirty-cell-160x50,base,50,1186,85,910,634
3,single-dirty-cell-160x50,base,51,1221,88,1109,712
3,single-dirty-cell-160x50,base,52,1133,83,944,605
3,single-dirty-cell-160x50,base,53,1105,87,968,687
3,single-dirty-cell-160x50,base,54,1085,78,806,571
3,single-dirty-cell-160x50,base,55,1122,78,698,494
3,single-dirty-cell-160x50,base,56,632,36,624,354
3,single-dirty-cell-160x50,base,57,895,45,784,496
3,single-dirty-cell-160x50,base,58,849,53,780,482
3,single-dirty-cell-160x50,base,59,1109,79,964,639
3,single-dirty-cell-160x50,base,60,1174,90,1061,674
3,single-dirty-cell-160x50,base,61,806,71,787,421
3,single-dirty-cell-160x50,base,62,855,47,939,493
3,single-dirty-cell-160x50,base,63,720,50,683,424
3,single-dirty-cell-160x50,base,64,2107,139,980,870
3,single-dirty-cell-160x50,base,65,1070,78,1000,598
3,single-dirty-cell-160x50,base,66,1016,77,864,535
3,single-dirty-cell-160x50,base,67,1212,90,1435,716
3,single-dirty-cell-160x50,base,68,1076,79,806,518
3,single-dirty-cell-160x50,base,69,1017,80,873,603
3,single-dirty-cell-160x50,base,70,1182,76,1027,694
3,single-dirty-cell-160x50,base,71,1129,84,1090,690
3,single-dirty-cell-160x50,base,72,973,77,836,562
3,single-dirty-cell-160x50,base,73,1083,89,946,718
3,single-dirty-cell-160x50,base,74,1000,84,965,600
3,single-dirty-cell-160x50,base,75,960,78,790,522
3,single-dirty-cell-160x50,base,76,1159,85,961,611
3,single-dirty-cell-160x50,base,77,989,71,900,578
3,single-dirty-cell-160x50,base,78,1085,78,1031,612
3,single-dirty-cell-160x50,base,79,1076,74,961,611
3,single-dirty-cell-160x50,base,80,972,70,1317,545
3,single-dirty-cell-160x50,base,81,1017,62,944,700
3,single-dirty-cell-160x50,base,82,1535,184,903,529
3,single-dirty-cell-160x50,base,83,966,67,910,522
3,single-dirty-cell-160x50,base,84,1231,94,1134,731
3,single-dirty-cell-160x50,base,85,1204,78,1125,682
3,single-dirty-cell-160x50,base,86,1109,81,829,560
3,single-dirty-cell-160x50,base,87,1192,69,1000,657
3,single-dirty-cell-160x50,base,88,2140,87,797,614
3,single-dirty-cell-160x50,base,89,2760,77,656,499
3,single-dirty-cell-160x50,base,90,1039,86,1959,815
3,single-dirty-cell-160x50,base,91,781,86,987,617
3,single-dirty-cell-160x50,base,92,1062,83,1080,672
3,single-dirty-cell-160x50,base,93,799,76,656,457
3,single-dirty-cell-160x50,base,94,1133,87,998,655
3,single-dirty-cell-160x50,base,95,1212,93,1117,687
3,single-dirty-cell-160x50,base,96,1723,90,1010,690
3,single-dirty-cell-160x50,base,97,2293,89,762,571
3,single-dirty-cell-160x50,base,98,2602,103,1070,686
3,single-dirty-cell-160x50,base,99,1218,90,1132,641
3,single-dirty-cell-160x50,base,100,776,73,919,547
3,single-dirty-cell-160x50,base,101,2282,168,1303,638
3,single-dirty-cell-160x50,base,102,1087,79,971,639
3,single-dirty-cell-160x50,base,103,1230,86,831,535
3,single-dirty-cell-160x50,base,104,1137,87,1133,725
3,single-dirty-cell-160x50,base,105,1150,82,1114,732
3,single-dirty-cell-160x50,base,106,2493,153,1165,707
3,single-dirty-cell-160x50,base,107,1165,85,980,623
3,single-dirty-cell-160x50,base,108,1268,91,1032,692
3,single-dirty-cell-160x50,base,109,2250,233,1114,688
3,single-dirty-cell-160x50,base,110,497,34,568,376
3,single-dirty-cell-160x50,base,111,1387,80,1138,709
3,single-dirty-cell-160x50,base,112,1033,85,890,648
3,single-dirty-cell-160x50,base,113,700,40,703,420
3,single-dirty-cell-160x50,base,114,892,45,919,532
3,single-dirty-cell-160x50,base,115,1143,82,1004,616
3,single-dirty-cell-160x50,base,116,1279,84,1006,660
3,single-dirty-cell-160x50,base,117,1203,75,1009,681
3,single-dirty-cell-160x50,base,118,2801,275,799,577
3,single-dirty-cell-160x50,base,119,1046,89,1490,651
3,single-dirty-cell-160x50,base,120,1111,86,1116,646
3,single-dirty-cell-160x50,base,121,1158,93,1411,1016
3,single-dirty-cell-160x50,base,122,782,70,757,457
3,single-dirty-cell-160x50,base,123,1177,86,1391,655
3,single-dirty-cell-160x50,base,124,946,72,776,491
3,single-dirty-cell-160x50,base,125,1949,90,1135,704
3,single-dirty-cell-160x50,base,126,992,80,998,563
3,single-dirty-cell-160x50,base,127,1940,89,853,624
3,single-dirty-cell-160x50,base,128,1089,70,802,529
3,single-dirty-cell-160x50,base,129,1183,84,1103,682
3,single-dirty-cell-160x50,base,130,2268,194,24276,2687
3,single-dirty-cell-160x50,candidate,0,1530,41,472,271
3,single-dirty-cell-160x50,candidate,1,760,35,452,261
3,single-dirty-cell-160x50,candidate,2,724,32,499,307
3,single-dirty-cell-160x50,candidate,3,793,32,501,305
3,single-dirty-cell-160x50,candidate,4,1027,37,591,381
3,single-dirty-cell-160x50,candidate,5,596,28,369,226
3,single-dirty-cell-160x50,candidate,6,1022,40,544,404
3,single-dirty-cell-160x50,candidate,7,1232,40,534,403
3,single-dirty-cell-160x50,candidate,8,1837,72,929,681
3,single-dirty-cell-160x50,candidate,9,1276,69,891,605
3,single-dirty-cell-160x50,candidate,10,1687,81,1078,746
3,single-dirty-cell-160x50,candidate,11,1153,78,889,582
3,single-dirty-cell-160x50,candidate,12,839,66,745,435
3,single-dirty-cell-160x50,candidate,13,1060,31,470,265
3,single-dirty-cell-160x50,candidate,14,972,44,873,492
3,single-dirty-cell-160x50,candidate,15,1669,73,725,956
3,single-dirty-cell-160x50,candidate,16,748,56,1030,523
3,single-dirty-cell-160x50,candidate,17,680,61,626,380
3,single-dirty-cell-160x50,candidate,18,1269,85,1062,687
3,single-dirty-cell-160x50,candidate,19,776,41,663,380
3,single-dirty-cell-160x50,candidate,20,949,47,833,533
3,single-dirty-cell-160x50,candidate,21,974,69,668,489
3,single-dirty-cell-160x50,candidate,22,772,41,714,411
3,single-dirty-cell-160x50,candidate,23,871,54,739,464
3,single-dirty-cell-160x50,candidate,24,754,37,675,418
3,single-dirty-cell-160x50,candidate,25,1357,89,1152,702
3,single-dirty-cell-160x50,candidate,26,2049,80,1008,708
3,single-dirty-cell-160x50,candidate,27,1049,78,786,540
3,single-dirty-cell-160x50,candidate,28,1182,87,923,642
3,single-dirty-cell-160x50,candidate,29,1039,88,1028,621
3,single-dirty-cell-160x50,candidate,30,1057,83,773,527
3,single-dirty-cell-160x50,candidate,31,691,40,551,391
3,single-dirty-cell-160x50,candidate,32,462,33,433,278
3,single-dirty-cell-160x50,candidate,33,442,31,362,220
3,single-dirty-cell-160x50,candidate,34,480,29,420,265
3,single-dirty-cell-160x50,candidate,35,452,30,421,269
3,single-dirty-cell-160x50,candidate,36,382,34,386,239
3,single-dirty-cell-160x50,candidate,37,391,30,396,250
3,single-dirty-cell-160x50,candidate,38,381,29,407,247
3,single-dirty-cell-160x50,candidate,39,479,37,511,297
3,single-dirty-cell-160x50,candidate,40,524,38,499,320
3,single-dirty-cell-160x50,candidate,41,581,35,611,366
3,single-dirty-cell-160x50,candidate,42,585,43,518,324
3,single-dirty-cell-160x50,candidate,43,815,61,723,445
3,single-dirty-cell-160x50,candidate,44,966,69,600,461
3,single-dirty-cell-160x50,candidate,45,579,34,539,305
3,single-dirty-cell-160x50,candidate,46,679,38,668,384
3,single-dirty-cell-160x50,candidate,47,634,41,647,364
3,single-dirty-cell-160x50,candidate,48,733,39,771,441
3,single-dirty-cell-160x50,candidate,49,754,51,789,510
3,single-dirty-cell-160x50,candidate,50,1022,67,1004,582
3,single-dirty-cell-160x50,candidate,51,1126,88,904,583
3,single-dirty-cell-160x50,candidate,52,956,66,729,471
3,single-dirty-cell-160x50,candidate,53,655,35,647,377
3,single-dirty-cell-160x50,candidate,54,930,55,1062,517
3,single-dirty-cell-160x50,candidate,55,1770,88,1091,648
3,single-dirty-cell-160x50,candidate,56,1259,93,971,644
3,single-dirty-cell-160x50,candidate,57,1136,88,1032,678
3,single-dirty-cell-160x50,candidate,58,1112,84,918,665
3,single-dirty-cell-160x50,candidate,59,1135,85,972,637
3,single-dirty-cell-160x50,candidate,60,1097,83,878,594
3,single-dirty-cell-160x50,candidate,61,1143,89,1065,639
3,single-dirty-cell-160x50,candidate,62,975,69,941,615
3,single-dirty-cell-160x50,candidate,63,1023,82,726,532
3,single-dirty-cell-160x50,candidate,64,1046,82,948,586
3,single-dirty-cell-160x50,candidate,65,1068,85,842,543
3,single-dirty-cell-160x50,candidate,66,1048,85,1055,639
3,single-dirty-cell-160x50,candidate,67,1148,87,987,665
3,single-dirty-cell-160x50,candidate,68,1151,92,889,566
3,single-dirty-cell-160x50,candidate,69,1192,85,1141,726
3,single-dirty-cell-160x50,candidate,70,2066,98,1312,699
3,single-dirty-cell-160x50,candidate,71,1057,83,812,594
3,single-dirty-cell-160x50,candidate,72,1296,86,994,794
3,single-dirty-cell-160x50,candidate,73,1060,84,909,618
3,single-dirty-cell-160x50,candidate,74,1262,90,1044,725
3,single-dirty-cell-160x50,candidate,75,1056,81,878,574
3,single-dirty-cell-160x50,candidate,76,1007,83,880,618
3,single-dirty-cell-160x50,candidate,77,1094,87,1021,642
3,single-dirty-cell-160x50,candidate,78,1118,80,939,579
3,single-dirty-cell-160x50,candidate,79,1339,89,1019,656
3,single-dirty-cell-160x50,candidate,80,889,58,935,598
3,single-dirty-cell-160x50,candidate,81,959,86,787,538
3,single-dirty-cell-160x50,candidate,82,929,77,836,551
3,single-dirty-cell-160x50,candidate,83,934,76,734,501
3,single-dirty-cell-160x50,candidate,84,682,36,652,366
3,single-dirty-cell-160x50,candidate,85,734,46,788,471
3,single-dirty-cell-160x50,candidate,86,1016,75,970,592
3,single-dirty-cell-160x50,candidate,87,1162,86,936,599
3,single-dirty-cell-160x50,candidate,88,1250,88,1135,693
3,single-dirty-cell-160x50,candidate,89,1022,86,1005,634
3,single-dirty-cell-160x50,candidate,90,952,98,872,587
3,single-dirty-cell-160x50,candidate,91,1221,52,922,546
3,single-dirty-cell-160x50,candidate,92,1436,45,883,556
3,single-dirty-cell-160x50,candidate,93,916,67,944,582
3,single-dirty-cell-160x50,candidate,94,956,79,1001,633
3,single-dirty-cell-160x50,candidate,95,1014,85,874,542
3,single-dirty-cell-160x50,candidate,96,1047,94,1064,652
3,single-dirty-cell-160x50,candidate,97,949,86,914,587
3,single-dirty-cell-160x50,candidate,98,1017,81,1017,612
3,single-dirty-cell-160x50,candidate,99,985,78,809,561
3,single-dirty-cell-160x50,candidate,100,1096,87,977,597
3,single-dirty-cell-160x50,candidate,101,981,79,737,453
3,single-dirty-cell-160x50,candidate,102,1110,85,967,646
3,single-dirty-cell-160x50,candidate,103,794,81,1015,577
3,single-dirty-cell-160x50,candidate,104,1074,81,1015,667
3,single-dirty-cell-160x50,candidate,105,1056,83,769,516
3,single-dirty-cell-160x50,candidate,106,1159,85,1083,644
3,single-dirty-cell-160x50,candidate,107,1022,81,921,602
3,single-dirty-cell-160x50,candidate,108,989,83,929,639
3,single-dirty-cell-160x50,candidate,109,1053,84,830,524
3,single-dirty-cell-160x50,candidate,110,1166,86,1057,678
3,single-dirty-cell-160x50,candidate,111,1138,92,1079,635
3,single-dirty-cell-160x50,candidate,112,1392,89,980,629
3,single-dirty-cell-160x50,candidate,113,929,79,992,674
3,single-dirty-cell-160x50,candidate,114,1095,83,974,597
3,single-dirty-cell-160x50,candidate,115,1228,83,1014,607
3,single-dirty-cell-160x50,candidate,116,1173,83,1066,683
3,single-dirty-cell-160x50,candidate,117,1467,93,1059,717
3,single-dirty-cell-160x50,candidate,118,1119,78,974,615
3,single-dirty-cell-160x50,candidate,119,983,80,1053,688
3,single-dirty-cell-160x50,candidate,120,1038,83,974,641
3,single-dirty-cell-160x50,candidate,121,921,83,823,558
3,single-dirty-cell-160x50,candidate,122,1099,82,978,645
3,single-dirty-cell-160x50,candidate,123,1170,82,873,569
3,single-dirty-cell-160x50,candidate,124,1026,79,986,638
3,single-dirty-cell-160x50,candidate,125,1007,79,749,515
3,single-dirty-cell-160x50,candidate,126,1032,85,955,639
3,single-dirty-cell-160x50,candidate,127,1174,86,1078,667
3,single-dirty-cell-160x50,candidate,128,1991,94,1032,671
3,single-dirty-cell-160x50,candidate,129,892,229,25558,2361
3,text-input-burst-80x24,base,0,691,0,0,117
3,text-input-burst-80x24,base,1,1896,114,404,269
3,text-input-burst-80x24,base,2,72,0,0,85
3,text-input-burst-80x24,base,3,1417,120,391,243
3,text-input-burst-80x24,base,4,109,0,0,109
3,text-input-burst-80x24,base,5,1338,152,457,343
3,text-input-burst-80x24,base,6,134,0,0,128
3,text-input-burst-80x24,base,7,1404,122,424,272
3,text-input-burst-80x24,base,8,215,0,0,133
3,text-input-burst-80x24,base,9,1859,179,573,396
3,text-input-burst-80x24,base,10,123,0,0,171
3,text-input-burst-80x24,base,11,1963,261,708,592
3,text-input-burst-80x24,base,12,316,0,0,248
3,text-input-burst-80x24,base,13,2290,251,708,580
3,text-input-burst-80x24,base,14,95,0,0,165
3,text-input-burst-80x24,base,15,2106,207,685,510
3,text-input-burst-80x24,base,16,128,0,0,198
3,text-input-burst-80x24,base,17,2889,268,736,466
3,text-input-burst-80x24,base,18,240,0,0,221
3,text-input-burst-80x24,base,19,2003,279,794,543
3,text-input-burst-80x24,base,20,183,0,0,179
3,text-input-burst-80x24,base,21,2183,264,653,514
3,text-input-burst-80x24,base,22,160,0,0,119
3,text-input-burst-80x24,base,23,1895,304,807,592
3,text-input-burst-80x24,base,24,142,0,0,181
3,text-input-burst-80x24,base,25,2563,275,600,576
3,text-input-burst-80x24,base,26,116,0,0,114
3,text-input-burst-80x24,base,27,1990,282,796,628
3,text-input-burst-80x24,base,28,83,0,0,149
3,text-input-burst-80x24,base,29,1803,234,660,516
3,text-input-burst-80x24,base,30,110,0,0,133
3,text-input-burst-80x24,base,31,1734,200,671,376
3,text-input-burst-80x24,base,32,154,0,0,197
3,text-input-burst-80x24,base,33,3036,423,977,636
3,text-input-burst-80x24,base,34,233,0,0,160
3,text-input-burst-80x24,base,35,1745,282,747,493
3,text-input-burst-80x24,base,36,202,0,0,179
3,text-input-burst-80x24,base,37,1687,296,767,615
3,text-input-burst-80x24,base,38,158,0,0,181
3,text-input-burst-80x24,base,39,1742,291,772,602
3,text-input-burst-80x24,base,40,107,0,0,169
3,text-input-burst-80x24,base,41,1905,272,738,550
3,text-input-burst-80x24,base,42,202,0,0,167
3,text-input-burst-80x24,base,43,2332,302,869,580
3,text-input-burst-80x24,base,44,210,0,0,326
3,text-input-burst-80x24,base,45,1310,267,693,475
3,text-input-burst-80x24,base,46,112,0,0,252
3,text-input-burst-80x24,base,47,853,124,379,251
3,text-input-burst-80x24,base,48,80,0,0,138
3,text-input-burst-80x24,base,49,606,107,317,201
3,text-input-burst-80x24,base,50,98,0,0,131
3,text-input-burst-80x24,base,51,622,113,311,206
3,text-input-burst-80x24,base,52,108,0,0,114
3,text-input-burst-80x24,base,53,572,101,303,192
3,text-input-burst-80x24,base,54,70,0,0,128
3,text-input-burst-80x24,base,55,541,115,287,201
3,text-input-burst-80x24,base,56,52,0,0,112
3,text-input-burst-80x24,base,57,631,118,352,226
3,text-input-burst-80x24,base,58,75,0,0,132
3,text-input-burst-80x24,base,59,750,111,364,235
3,text-input-burst-80x24,base,60,69,0,0,132
3,text-input-burst-80x24,base,61,795,123,389,238
3,text-input-burst-80x24,base,62,72,0,0,158
3,text-input-burst-80x24,base,63,1157,209,529,432
3,text-input-burst-80x24,base,64,94,0,0,175
3,text-input-burst-80x24,base,65,1124,219,599,399
3,text-input-burst-80x24,base,66,133,0,0,241
3,text-input-burst-80x24,base,67,1412,281,698,472
3,text-input-burst-80x24,base,68,150,0,0,264
3,text-input-burst-80x24,base,69,1555,268,669,534
3,text-input-burst-80x24,base,70,89,0,0,193
3,text-input-burst-80x24,base,71,1557,264,691,580
3,text-input-burst-80x24,base,72,112,0,0,172
3,text-input-burst-80x24,base,73,1462,286,781,569
3,text-input-burst-80x24,base,74,143,0,0,256
3,text-input-burst-80x24,base,75,1546,272,705,537
3,text-input-burst-80x24,base,76,136,0,0,259
3,text-input-burst-80x24,base,77,1645,297,746,571
3,text-input-burst-80x24,base,78,187,0,0,236
3,text-input-burst-80x24,base,79,2396,262,743,580
3,text-input-burst-80x24,base,80,158,0,0,240
3,text-input-burst-80x24,base,81,1751,315,717,588
3,text-input-burst-80x24,base,82,149,0,0,249
3,text-input-burst-80x24,base,83,1636,258,639,523
3,text-input-burst-80x24,base,84,93,0,0,202
3,text-input-burst-80x24,base,85,1340,192,565,438
3,text-input-burst-80x24,base,86,70,0,0,173
3,text-input-burst-80x24,base,87,1626,252,837,460
3,text-input-burst-80x24,base,88,192,0,0,304
3,text-input-burst-80x24,base,89,2533,271,605,560
3,text-input-burst-80x24,base,90,110,0,0,175
3,text-input-burst-80x24,base,91,1814,301,716,633
3,text-input-burst-80x24,base,92,93,0,0,219
3,text-input-burst-80x24,base,93,1839,320,936,558
3,text-input-burst-80x24,base,94,199,0,0,341
3,text-input-burst-80x24,base,95,1725,362,770,582
3,text-input-burst-80x24,base,96,153,0,0,263
3,text-input-burst-80x24,base,97,2776,298,690,620
3,text-input-burst-80x24,base,98,165,0,0,232
3,text-input-burst-80x24,base,99,1168,244,532,430
3,text-input-burst-80x24,base,100,80,0,0,139
3,text-input-burst-80x24,base,101,1309,187,548,371
3,text-input-burst-80x24,base,102,131,0,0,197
3,text-input-burst-80x24,base,103,562,93,316,187
3,text-input-burst-80x24,base,104,50,0,0,114
3,text-input-burst-80x24,base,105,741,134,309,245
3,text-input-burst-80x24,base,106,58,0,0,94
3,text-input-burst-80x24,base,107,675,111,340,206
3,text-input-burst-80x24,base,108,78,0,0,134
3,text-input-burst-80x24,base,109,715,130,381,238
3,text-input-burst-80x24,base,110,68,0,0,135
3,text-input-burst-80x24,base,111,783,150,416,274
3,text-input-burst-80x24,base,112,62,0,0,131
3,text-input-burst-80x24,base,113,803,121,383,265
3,text-input-burst-80x24,base,114,60,0,0,134
3,text-input-burst-80x24,base,115,920,172,630,300
3,text-input-burst-80x24,base,116,132,0,0,243
3,text-input-burst-80x24,base,117,1563,320,833,576
3,text-input-burst-80x24,base,118,311,0,0,300
3,text-input-burst-80x24,base,119,1653,338,738,593
3,text-input-burst-80x24,base,120,145,0,0,256
3,text-input-burst-80x24,base,121,1461,270,625,518
3,text-input-burst-80x24,base,122,65,0,0,165
3,text-input-burst-80x24,base,123,1374,283,720,503
3,text-input-burst-80x24,base,124,173,0,0,260
3,text-input-burst-80x24,base,125,1365,334,773,515
3,text-input-burst-80x24,base,126,234,0,0,298
3,text-input-burst-80x24,base,127,1604,285,734,519
3,text-input-burst-80x24,base,128,116,0,0,270
3,text-input-burst-80x24,base,129,1997,315,774,729
3,text-input-burst-80x24,base,130,120,0,0,251
3,text-input-burst-80x24,base,131,1488,262,675,503
3,text-input-burst-80x24,base,132,85,0,0,202
3,text-input-burst-80x24,base,133,1419,275,702,550
3,text-input-burst-80x24,base,134,142,0,0,251
3,text-input-burst-80x24,base,135,1348,285,713,511
3,text-input-burst-80x24,base,136,264,0,0,276
3,text-input-burst-80x24,base,137,1514,273,743,563
3,text-input-burst-80x24,base,138,80,0,0,204
3,text-input-burst-80x24,base,139,1652,281,771,644
3,text-input-burst-80x24,base,140,156,0,0,254
3,text-input-burst-80x24,base,141,1641,298,789,565
3,text-input-burst-80x24,base,142,150,0,0,278
3,text-input-burst-80x24,base,143,2546,306,759,548
3,text-input-burst-80x24,base,144,154,0,0,240
3,text-input-burst-80x24,base,145,1514,270,797,559
3,text-input-burst-80x24,base,146,77,0,0,213
3,text-input-burst-80x24,base,147,1326,260,672,484
3,text-input-burst-80x24,base,148,132,0,0,235
3,text-input-burst-80x24,base,149,1615,314,742,477
3,text-input-burst-80x24,base,150,150,0,0,255
3,text-input-burst-80x24,base,151,1075,145,479,304
3,text-input-burst-80x24,base,152,71,0,0,160
3,text-input-burst-80x24,base,153,1418,82,636,328
3,text-input-burst-80x24,base,154,71,0,0,196
3,text-input-burst-80x24,base,155,1631,121,785,302
3,text-input-burst-80x24,base,156,232,0,0,340
3,text-input-burst-80x24,base,157,1579,134,790,473
3,text-input-burst-80x24,base,158,147,0,0,263
3,text-input-burst-80x24,base,159,1470,124,735,380
3,text-input-burst-80x24,base,160,105,0,0,255
3,text-input-burst-80x24,base,161,2870,144,803,471
3,text-input-burst-80x24,base,162,223,0,0,301
3,text-input-burst-80x24,base,163,1629,144,762,449
3,text-input-burst-80x24,base,164,155,0,0,291
3,text-input-burst-80x24,base,165,2337,164,878,489
3,text-input-burst-80x24,base,166,201,0,0,377
3,text-input-burst-80x24,base,167,1480,157,861,516
3,text-input-burst-80x24,base,168,175,0,0,342
3,text-input-burst-80x24,base,169,1764,145,761,463
3,text-input-burst-80x24,base,170,175,0,0,270
3,text-input-burst-80x24,base,171,2933,125,675,449
3,text-input-burst-80x24,base,172,118,0,0,210
3,text-input-burst-80x24,base,173,1578,123,724,445
3,text-input-burst-80x24,base,174,72,0,0,220
3,text-input-burst-80x24,base,175,1692,148,821,454
3,text-input-burst-80x24,base,176,187,0,0,318
3,text-input-burst-80x24,base,177,2094,160,801,428
3,text-input-burst-80x24,base,178,187,0,0,299
3,text-input-burst-80x24,base,179,1435,131,738,410
3,text-input-burst-80x24,base,180,107,0,0,266
3,text-input-burst-80x24,base,181,1397,116,682,424
3,text-input-burst-80x24,base,182,83,0,0,203
3,text-input-burst-80x24,base,183,1357,142,643,388
3,text-input-burst-80x24,base,184,276,0,0,255
3,text-input-burst-80x24,base,185,1207,129,653,366
3,text-input-burst-80x24,base,186,137,0,0,252
3,text-input-burst-80x24,base,187,1253,127,678,382
3,text-input-burst-80x24,base,188,96,0,0,232
3,text-input-burst-80x24,base,189,1323,107,667,388
3,text-input-burst-80x24,base,190,56,0,0,203
3,text-input-burst-80x24,base,191,1512,135,778,429
3,text-input-burst-80x24,base,192,151,0,0,296
3,text-input-burst-80x24,base,193,1532,152,788,471
3,text-input-burst-80x24,base,194,214,0,0,277
3,text-input-burst-80x24,base,195,1443,143,765,394
3,text-input-burst-80x24,base,196,172,0,0,291
3,text-input-burst-80x24,base,197,1336,138,779,374
3,text-input-burst-80x24,base,198,203,0,0,295
3,text-input-burst-80x24,base,199,1517,130,725,469
3,text-input-burst-80x24,base,200,120,0,0,262
3,text-input-burst-80x24,base,201,2103,117,654,408
3,text-input-burst-80x24,base,202,95,0,0,203
3,text-input-burst-80x24,base,203,1626,130,748,535
3,text-input-burst-80x24,base,204,142,0,0,301
3,text-input-burst-80x24,base,205,2839,138,810,457
3,text-input-burst-80x24,base,206,210,0,0,285
3,text-input-burst-80x24,base,207,1718,138,747,428
3,text-input-burst-80x24,base,208,268,0,0,277
3,text-input-burst-80x24,base,209,1581,137,779,527
3,text-input-burst-80x24,base,210,89,0,0,247
3,text-input-burst-80x24,base,211,2001,157,789,441
3,text-input-burst-80x24,base,212,193,0,0,307
3,text-input-burst-80x24,base,213,1251,127,804,418
3,text-input-burst-80x24,base,214,158,0,0,277
3,text-input-burst-80x24,base,215,1589,116,666,445
3,text-input-burst-80x24,base,216,74,0,0,207
3,text-input-burst-80x24,base,217,1422,149,783,425
3,text-input-burst-80x24,base,218,186,0,0,320
3,text-input-burst-80x24,base,219,1481,136,709,448
3,text-input-burst-80x24,base,220,147,0,0,269
3,text-input-burst-80x24,base,221,1420,127,767,396
3,text-input-burst-80x24,base,222,126,0,0,268
3,text-input-burst-80x24,base,223,1636,134,794,463
3,text-input-burst-80x24,base,224,101,0,0,252
3,text-input-burst-80x24,base,225,1621,144,760,459
3,text-input-burst-80x24,base,226,148,0,0,289
3,text-input-burst-80x24,base,227,1458,78,431,290
3,text-input-burst-80x24,base,228,85,0,0,149
3,text-input-burst-80x24,base,229,2023,132,980,529
3,text-input-burst-80x24,base,230,83,0,0,236
3,text-input-burst-80x24,base,231,2658,133,916,483
3,text-input-burst-80x24,base,232,188,0,0,302
3,text-input-burst-80x24,base,233,1476,153,811,416
3,text-input-burst-80x24,base,234,140,0,0,267
3,text-input-burst-80x24,base,235,1643,139,694,468
3,text-input-burst-80x24,base,236,90,0,0,248
3,text-input-burst-80x24,base,237,3092,159,651,464
3,text-input-burst-80x24,base,238,107,0,0,208
3,text-input-burst-80x24,base,239,1644,124,728,381
3,text-input-burst-80x24,base,240,113,0,0,274
3,text-input-burst-80x24,base,241,1972,119,710,456
3,text-input-burst-80x24,base,242,107,0,0,243
3,text-input-burst-80x24,base,243,1518,134,824,446
3,text-input-burst-80x24,base,244,159,0,0,290
3,text-input-burst-80x24,base,245,1485,135,781,459
3,text-input-burst-80x24,base,246,143,0,0,268
3,text-input-burst-80x24,base,247,1381,122,728,433
3,text-input-burst-80x24,base,248,99,0,0,251
3,text-input-burst-80x24,base,249,1552,121,734,425
3,text-input-burst-80x24,base,250,78,0,0,221
3,text-input-burst-80x24,base,251,1599,136,768,422
3,text-input-burst-80x24,base,252,154,0,0,298
3,text-input-burst-80x24,base,253,1385,121,680,381
3,text-input-burst-80x24,base,254,124,0,0,266
3,text-input-burst-80x24,base,255,1584,139,740,457
3,text-input-burst-80x24,base,256,144,0,0,270
3,text-input-burst-80x24,base,257,2748,117,536,469
3,text-input-burst-80x24,base,258,46,0,0,137
3,text-input-burst-80x24,base,259,2905,230,803,428
3,text-input-burst-80x24,base,260,178,106,36580,2825
3,text-input-burst-80x24,candidate,0,584,0,0,115
3,text-input-burst-80x24,candidate,1,1824,114,430,245
3,text-input-burst-80x24,candidate,2,84,0,0,111
3,text-input-burst-80x24,candidate,3,1434,132,416,246
3,text-input-burst-80x24,candidate,4,105,0,0,118
3,text-input-burst-80x24,candidate,5,1181,128,451,290
3,text-input-burst-80x24,candidate,6,105,0,0,125
3,text-input-burst-80x24,candidate,7,1528,151,432,316
3,text-input-burst-80x24,candidate,8,87,0,0,126
3,text-input-burst-80x24,candidate,9,1100,123,371,256
3,text-input-burst-80x24,candidate,10,77,0,0,122
3,text-input-burst-80x24,candidate,11,2292,202,609,576
3,text-input-burst-80x24,candidate,12,139,0,0,183
3,text-input-burst-80x24,candidate,13,2253,217,667,438
3,text-input-burst-80x24,candidate,14,149,0,0,202
3,text-input-burst-80x24,candidate,15,2337,277,782,635
3,text-input-burst-80x24,candidate,16,68,0,0,155
3,text-input-burst-80x24,candidate,17,2360,304,793,578
3,text-input-burst-80x24,candidate,18,181,0,0,236
3,text-input-burst-80x24,candidate,19,1866,288,702,515
3,text-input-burst-80x24,candidate,20,74,0,0,137
3,text-input-burst-80x24,candidate,21,1351,221,659,444
3,text-input-burst-80x24,candidate,22,64,0,0,160
3,text-input-burst-80x24,candidate,23,1836,226,697,553
3,text-input-burst-80x24,candidate,24,54,0,0,135
3,text-input-burst-80x24,candidate,25,3456,565,621,552
3,text-input-burst-80x24,candidate,26,120,0,0,135
3,text-input-burst-80x24,candidate,27,1763,280,751,551
3,text-input-burst-80x24,candidate,28,92,0,0,164
3,text-input-burst-80x24,candidate,29,1933,296,956,636
3,text-input-burst-80x24,candidate,30,97,0,0,155
3,text-input-burst-80x24,candidate,31,1067,151,529,310
3,text-input-burst-80x24,candidate,32,77,0,0,143
3,text-input-burst-80x24,candidate,33,2723,252,662,527
3,text-input-burst-80x24,candidate,34,104,0,0,161
3,text-input-burst-80x24,candidate,35,3507,510,564,401
3,text-input-burst-80x24,candidate,36,97,0,0,104
3,text-input-burst-80x24,candidate,37,1768,282,725,609
3,text-input-burst-80x24,candidate,38,100,0,0,137
3,text-input-burst-80x24,candidate,39,1497,282,713,525
3,text-input-burst-80x24,candidate,40,110,0,0,174
3,text-input-burst-80x24,candidate,41,1983,302,767,565
3,text-input-burst-80x24,candidate,42,200,0,0,196
3,text-input-burst-80x24,candidate,43,1804,275,750,552
3,text-input-burst-80x24,candidate,44,122,0,0,242
3,text-input-burst-80x24,candidate,45,1679,304,877,583
3,text-input-burst-80x24,candidate,46,153,0,0,327
3,text-input-burst-80x24,candidate,47,1231,192,419,266
3,text-input-burst-80x24,candidate,48,88,0,0,162
3,text-input-burst-80x24,candidate,49,563,114,325,208
3,text-input-burst-80x24,candidate,50,66,0,0,121
3,text-input-burst-80x24,candidate,51,607,115,309,211
3,text-input-burst-80x24,candidate,52,78,0,0,98
3,text-input-burst-80x24,candidate,53,541,110,310,207
3,text-input-burst-80x24,candidate,54,41,0,0,121
3,text-input-burst-80x24,candidate,55,566,124,314,182
3,text-input-burst-80x24,candidate,56,72,0,0,127
3,text-input-burst-80x24,candidate,57,558,119,335,198
3,text-input-burst-80x24,candidate,58,49,0,0,130
3,text-input-burst-80x24,candidate,59,735,116,348,214
3,text-input-burst-80x24,candidate,60,37,0,0,123
3,text-input-burst-80x24,candidate,61,813,133,398,270
3,text-input-burst-80x24,candidate,62,96,0,0,134
3,text-input-burst-80x24,candidate,63,825,143,456,260
3,text-input-burst-80x24,candidate,64,111,0,0,188
3,text-input-burst-80x24,candidate,65,783,131,427,266
3,text-input-burst-80x24,candidate,66,81,0,0,162
3,text-input-burst-80x24,candidate,67,1210,238,620,424
3,text-input-burst-80x24,candidate,68,97,0,0,253
3,text-input-burst-80x24,candidate,69,1511,274,726,510
3,text-input-burst-80x24,candidate,70,63,0,0,217
3,text-input-burst-80x24,candidate,71,1675,284,761,548
3,text-input-burst-80x24,candidate,72,113,0,0,296
3,text-input-burst-80x24,candidate,73,1395,286,738,534
3,text-input-burst-80x24,candidate,74,98,0,0,260
3,text-input-burst-80x24,candidate,75,1682,249,698,505
3,text-input-burst-80x24,candidate,76,85,0,0,229
3,text-input-burst-80x24,candidate,77,1389,300,725,509
3,text-input-burst-80x24,candidate,78,150,0,0,277
3,text-input-burst-80x24,candidate,79,1655,307,870,557
3,text-input-burst-80x24,candidate,80,119,0,0,307
3,text-input-burst-80x24,candidate,81,1529,293,748,546
3,text-input-burst-80x24,candidate,82,133,0,0,276
3,text-input-burst-80x24,candidate,83,1577,292,686,534
3,text-input-burst-80x24,candidate,84,85,0,0,230
3,text-input-burst-80x24,candidate,85,1454,256,718,510
3,text-input-burst-80x24,candidate,86,91,0,0,242
3,text-input-burst-80x24,candidate,87,1464,268,680,519
3,text-input-burst-80x24,candidate,88,48,0,0,168
3,text-input-burst-80x24,candidate,89,1639,331,819,578
3,text-input-burst-80x24,candidate,90,138,0,0,313
3,text-input-burst-80x24,candidate,91,2465,314,796,577
3,text-input-burst-80x24,candidate,92,99,0,0,257
3,text-input-burst-80x24,candidate,93,1427,257,701,468
3,text-input-burst-80x24,candidate,94,75,0,0,214
3,text-input-burst-80x24,candidate,95,1276,247,587,454
3,text-input-burst-80x24,candidate,96,46,0,0,152
3,text-input-burst-80x24,candidate,97,1204,176,626,390
3,text-input-burst-80x24,candidate,98,85,0,0,238
3,text-input-burst-80x24,candidate,99,770,160,397,287
3,text-input-burst-80x24,candidate,100,52,0,0,140
3,text-input-burst-80x24,candidate,101,1970,341,746,765
3,text-input-burst-80x24,candidate,102,98,0,0,228
3,text-input-burst-80x24,candidate,103,1320,240,731,452
3,text-input-burst-80x24,candidate,104,74,0,0,249
3,text-input-burst-80x24,candidate,105,1717,351,815,583
3,text-input-burst-80x24,candidate,106,125,0,0,285
3,text-input-burst-80x24,candidate,107,1307,235,702,475
3,text-input-burst-80x24,candidate,108,94,0,0,249
3,text-input-burst-80x24,candidate,109,1335,281,726,511
3,text-input-burst-80x24,candidate,110,98,0,0,257
3,text-input-burst-80x24,candidate,111,2750,257,629,466
3,text-input-burst-80x24,candidate,112,52,0,0,164
3,text-input-burst-80x24,candidate,113,1324,283,717,477
3,text-input-burst-80x24,candidate,114,112,0,0,255
3,text-input-burst-80x24,candidate,115,1415,297,758,526
3,text-input-burst-80x24,candidate,116,119,0,0,315
3,text-input-burst-80x24,candidate,117,1607,293,642,518
3,text-input-burst-80x24,candidate,118,100,0,0,233
3,text-input-burst-80x24,candidate,119,1412,282,682,519
3,text-input-burst-80x24,candidate,120,55,0,0,205
3,text-input-burst-80x24,candidate,121,1449,298,722,482
3,text-input-burst-80x24,candidate,122,147,0,0,291
3,text-input-burst-80x24,candidate,123,2443,284,759,593
3,text-input-burst-80x24,candidate,124,98,0,0,244
3,text-input-burst-80x24,candidate,125,1484,345,841,558
3,text-input-burst-80x24,candidate,126,132,0,0,324
3,text-input-burst-80x24,candidate,127,1839,309,842,564
3,text-input-burst-80x24,candidate,128,160,0,0,318
3,text-input-burst-80x24,candidate,129,1400,312,736,634
3,text-input-burst-80x24,candidate,130,90,0,0,253
3,text-input-burst-80x24,candidate,131,1314,291,688,511
3,text-input-burst-80x24,candidate,132,92,0,0,273
3,text-input-burst-80x24,candidate,133,1345,262,725,558
3,text-input-burst-80x24,candidate,134,43,0,0,180
3,text-input-burst-80x24,candidate,135,1814,332,839,551
3,text-input-burst-80x24,candidate,136,159,0,0,306
3,text-input-burst-80x24,candidate,137,1498,299,747,562
3,text-input-burst-80x24,candidate,138,82,0,0,219
3,text-input-burst-80x24,candidate,139,1536,280,694,610
3,text-input-burst-80x24,candidate,140,55,0,0,197
3,text-input-burst-80x24,candidate,141,2019,302,843,568
3,text-input-burst-80x24,candidate,142,135,0,0,288
3,text-input-burst-80x24,candidate,143,1485,269,778,553
3,text-input-burst-80x24,candidate,144,103,0,0,277
3,text-input-burst-80x24,candidate,145,1432,278,686,531
3,text-input-burst-80x24,candidate,146,96,0,0,166
3,text-input-burst-80x24,candidate,147,1479,289,778,601
3,text-input-burst-80x24,candidate,148,101,0,0,278
3,text-input-burst-80x24,candidate,149,1462,311,757,549
3,text-input-burst-80x24,candidate,150,129,0,0,252
3,text-input-burst-80x24,candidate,151,1615,285,721,544
3,text-input-burst-80x24,candidate,152,82,0,0,243
3,text-input-burst-80x24,candidate,153,1205,65,553,272
3,text-input-burst-80x24,candidate,154,42,0,0,170
3,text-input-burst-80x24,candidate,155,1594,155,870,389
3,text-input-burst-80x24,candidate,156,283,0,0,331
3,text-input-burst-80x24,candidate,157,1390,133,775,413
3,text-input-burst-80x24,candidate,158,83,0,0,284
3,text-input-burst-80x24,candidate,159,1492,125,729,458
3,text-input-burst-80x24,candidate,160,66,0,0,260
3,text-input-burst-80x24,candidate,161,1317,110,709,393
3,text-input-burst-80x24,candidate,162,41,0,0,196
3,text-input-burst-80x24,candidate,163,1622,160,766,434
3,text-input-burst-80x24,candidate,164,146,0,0,290
3,text-input-burst-80x24,candidate,165,1318,137,724,401
3,text-input-burst-80x24,candidate,166,109,0,0,275
3,text-input-burst-80x24,candidate,167,1457,130,718,470
3,text-input-burst-80x24,candidate,168,81,0,0,251
3,text-input-burst-80x24,candidate,169,1517,125,746,450
3,text-input-burst-80x24,candidate,170,53,0,0,238
3,text-input-burst-80x24,candidate,171,3058,144,644,433
3,text-input-burst-80x24,candidate,172,92,0,0,246
3,text-input-burst-80x24,candidate,173,2689,123,711,389
3,text-input-burst-80x24,candidate,174,114,0,0,237
3,text-input-burst-80x24,candidate,175,1489,127,716,463
3,text-input-burst-80x24,candidate,176,56,0,0,222
3,text-input-burst-80x24,candidate,177,2187,155,739,458
3,text-input-burst-80x24,candidate,178,112,0,0,253
3,text-input-burst-80x24,candidate,179,1481,154,867,447
3,text-input-burst-80x24,candidate,180,112,0,0,321
3,text-input-burst-80x24,candidate,181,1337,118,661,384
3,text-input-burst-80x24,candidate,182,57,0,0,223
3,text-input-burst-80x24,candidate,183,1608,77,577,308
3,text-input-burst-80x24,candidate,184,49,0,0,192
3,text-input-burst-80x24,candidate,185,1105,95,602,307
3,text-input-burst-80x24,candidate,186,87,0,0,218
3,text-input-burst-80x24,candidate,187,1044,130,712,365
3,text-input-burst-80x24,candidate,188,106,0,0,274
3,text-input-burst-80x24,candidate,189,1241,198,765,374
3,text-input-burst-80x24,candidate,190,140,0,0,317
3,text-input-burst-80x24,candidate,191,1356,120,642,407
3,text-input-burst-80x24,candidate,192,70,0,0,236
3,text-input-burst-80x24,candidate,193,2553,105,702,470
3,text-input-burst-80x24,candidate,194,104,0,0,223
3,text-input-burst-80x24,candidate,195,919,78,415,267
3,text-input-burst-80x24,candidate,196,51,0,0,126
3,text-input-burst-80x24,candidate,197,1448,130,794,537
3,text-input-burst-80x24,candidate,198,111,0,0,271
3,text-input-burst-80x24,candidate,199,1457,108,633,366
3,text-input-burst-80x24,candidate,200,67,0,0,227
3,text-input-burst-80x24,candidate,201,1594,136,730,445
3,text-input-burst-80x24,candidate,202,74,0,0,258
3,text-input-burst-80x24,candidate,203,2505,106,673,537
3,text-input-burst-80x24,candidate,204,109,0,0,251
3,text-input-burst-80x24,candidate,205,1625,155,775,449
3,text-input-burst-80x24,candidate,206,264,0,0,304
3,text-input-burst-80x24,candidate,207,1302,141,718,413
3,text-input-burst-80x24,candidate,208,116,0,0,284
3,text-input-burst-80x24,candidate,209,1200,121,629,386
3,text-input-burst-80x24,candidate,210,74,0,0,229
3,text-input-burst-80x24,candidate,211,1292,122,650,459
3,text-input-burst-80x24,candidate,212,66,0,0,229
3,text-input-burst-80x24,candidate,213,1226,112,644,391
3,text-input-burst-80x24,candidate,214,53,0,0,199
3,text-input-burst-80x24,candidate,215,1303,124,664,386
3,text-input-burst-80x24,candidate,216,99,0,0,257
3,text-input-burst-80x24,candidate,217,1288,122,634,405
3,text-input-burst-80x24,candidate,218,58,0,0,185
3,text-input-burst-80x24,candidate,219,1447,112,614,401
3,text-input-burst-80x24,candidate,220,52,0,0,213
3,text-input-burst-80x24,candidate,221,1348,144,792,412
3,text-input-burst-80x24,candidate,222,105,0,0,285
3,text-input-burst-80x24,candidate,223,1475,158,816,391
3,text-input-burst-80x24,candidate,224,157,0,0,341
3,text-input-burst-80x24,candidate,225,1491,137,781,447
3,text-input-burst-80x24,candidate,226,91,0,0,316
3,text-input-burst-80x24,candidate,227,2531,125,683,477
3,text-input-burst-80x24,candidate,228,92,0,0,241
3,text-input-burst-80x24,candidate,229,698,65,709,257
3,text-input-burst-80x24,candidate,230,59,0,0,218
3,text-input-burst-80x24,candidate,231,1611,151,790,457
3,text-input-burst-80x24,candidate,232,117,0,0,268
3,text-input-burst-80x24,candidate,233,1325,113,676,428
3,text-input-burst-80x24,candidate,234,71,0,0,251
3,text-input-burst-80x24,candidate,235,1566,116,670,465
3,text-input-burst-80x24,candidate,236,51,0,0,229
3,text-input-burst-80x24,candidate,237,1187,158,845,467
3,text-input-burst-80x24,candidate,238,91,0,0,264
3,text-input-burst-80x24,candidate,239,2877,209,655,434
3,text-input-burst-80x24,candidate,240,67,0,0,183
3,text-input-burst-80x24,candidate,241,1237,121,591,398
3,text-input-burst-80x24,candidate,242,62,0,0,204
3,text-input-burst-80x24,candidate,243,1263,151,713,395
3,text-input-burst-80x24,candidate,244,144,0,0,265
3,text-input-burst-80x24,candidate,245,1482,106,703,419
3,text-input-burst-80x24,candidate,246,75,0,0,228
3,text-input-burst-80x24,candidate,247,1259,102,693,359
3,text-input-burst-80x24,candidate,248,67,0,0,255
3,text-input-burst-80x24,candidate,249,1627,120,724,461
3,text-input-burst-80x24,candidate,250,48,0,0,223
3,text-input-burst-80x24,candidate,251,1719,118,707,475
3,text-input-burst-80x24,candidate,252,57,0,0,247
3,text-input-burst-80x24,candidate,253,1331,156,803,388
3,text-input-burst-80x24,candidate,254,149,0,0,290
3,text-input-burst-80x24,candidate,255,1490,125,725,403
3,text-input-burst-80x24,candidate,256,100,0,0,298
3,text-input-burst-80x24,candidate,257,1587,131,704,471
3,text-input-burst-80x24,candidate,258,65,0,0,245
3,text-input-burst-80x24,candidate,259,1618,148,749,463
3,text-input-burst-80x24,candidate,260,109,100,36560,3096
